
*** Running vivado
    with args -log design_1_wrapper.vdi -applog -m64 -product Vivado -messageDb vivado.pb -mode batch -source design_1_wrapper.tcl -notrace


****** Vivado v2021.1 (64-bit)
  **** SW Build 3247384 on Thu Jun 10 19:36:07 MDT 2021
  **** IP Build 3246043 on Fri Jun 11 00:30:35 MDT 2021
    ** Copyright 1986-2021 Xilinx, Inc. All Rights Reserved.

source design_1_wrapper.tcl -notrace
INFO: [IP_Flow 19-234] Refreshing IP repositories
INFO: [IP_Flow 19-1700] Loaded user IP repository '/home/kenny/Downloads/ip_repo/AXI_PID_Controller_Peripheral_1.0'.
INFO: [IP_Flow 19-1700] Loaded user IP repository '/home/kenny/Downloads/ip_repo/PID_AXI_1.0'.
INFO: [IP_Flow 19-1700] Loaded user IP repository '/home/kenny/Downloads/ip_repo/AXIPIDController_1.0'.
INFO: [IP_Flow 19-1700] Loaded user IP repository '/home/kenny/Downloads/vivado-library-master'.
INFO: [IP_Flow 19-1700] Loaded user IP repository '/home/kenny/Documents/pid_controller'.
INFO: [IP_Flow 19-2313] Loaded Vivado IP repository '/tools/Xilinx/Vivado/2021.1/data/ip'.
Command: link_design -top design_1_wrapper -part xc7z020clg400-1
Design is defaulting to srcset: sources_1
Design is defaulting to constrset: constrs_1
INFO: [Device 21-403] Loading part xc7z020clg400-1
INFO: [Project 1-454] Reading design checkpoint '/home/kenny/Downloads/can_communication/can_communication.gen/sources_1/bd/design_1/ip/design_1_AXI_PID_Controller_P_0_2/design_1_AXI_PID_Controller_P_0_2.dcp' for cell 'design_1_i/AXI_PID_Controller_P_0'
INFO: [Project 1-454] Reading design checkpoint '/home/kenny/Downloads/can_communication/can_communication.gen/sources_1/bd/design_1/ip/design_1_PmodCAN_0_0/design_1_PmodCAN_0_0.dcp' for cell 'design_1_i/PmodCAN_0'
INFO: [Project 1-454] Reading design checkpoint '/home/kenny/Downloads/can_communication/can_communication.gen/sources_1/bd/design_1/ip/design_1_ila_0_0/design_1_ila_0_0.dcp' for cell 'design_1_i/ila_0'
INFO: [Project 1-454] Reading design checkpoint '/home/kenny/Downloads/can_communication/can_communication.gen/sources_1/bd/design_1/ip/design_1_pid_controller_0_2/design_1_pid_controller_0_2.dcp' for cell 'design_1_i/pid_controller_0'
INFO: [Project 1-454] Reading design checkpoint '/home/kenny/Downloads/can_communication/can_communication.gen/sources_1/bd/design_1/ip/design_1_pot_to_const_0_0/design_1_pot_to_const_0_0.dcp' for cell 'design_1_i/pot_to_const_0'
INFO: [Project 1-454] Reading design checkpoint '/home/kenny/Downloads/can_communication/can_communication.gen/sources_1/bd/design_1/ip/design_1_processing_system7_0_0_1/design_1_processing_system7_0_0.dcp' for cell 'design_1_i/processing_system7_0'
INFO: [Project 1-454] Reading design checkpoint '/home/kenny/Downloads/can_communication/can_communication.gen/sources_1/bd/design_1/ip/design_1_rst_ps7_0_50M_0_1/design_1_rst_ps7_0_50M_0.dcp' for cell 'design_1_i/rst_ps7_0_50M'
INFO: [Project 1-454] Reading design checkpoint '/home/kenny/Downloads/can_communication/can_communication.gen/sources_1/bd/design_1/ip/design_1_xbar_0/design_1_xbar_0.dcp' for cell 'design_1_i/ps7_0_axi_periph/xbar'
INFO: [Project 1-454] Reading design checkpoint '/home/kenny/Downloads/can_communication/can_communication.gen/sources_1/bd/design_1/ip/design_1_auto_pc_0_1/design_1_auto_pc_0.dcp' for cell 'design_1_i/ps7_0_axi_periph/s00_couplers/auto_pc'
Netlist sorting complete. Time (s): cpu = 00:00:00.14 ; elapsed = 00:00:00.14 . Memory (MB): peak = 2615.480 ; gain = 0.000 ; free physical = 1359 ; free virtual = 5890
INFO: [Netlist 29-17] Analyzing 1498 Unisim elements for replacement
INFO: [Netlist 29-28] Unisim Transformation completed in 0 CPU seconds
INFO: [Project 1-479] Netlist was created with Vivado 2021.1
INFO: [Project 1-570] Preparing netlist for logic optimization
INFO: [Chipscope 16-324] Core: design_1_i/ila_0 UUID: be177176-557e-59fe-ace2-fe04795a2b22 
Parsing XDC File [/home/kenny/Downloads/can_communication/can_communication.gen/sources_1/bd/design_1/ip/design_1_processing_system7_0_0_1/design_1_processing_system7_0_0.xdc] for cell 'design_1_i/processing_system7_0/inst'
Finished Parsing XDC File [/home/kenny/Downloads/can_communication/can_communication.gen/sources_1/bd/design_1/ip/design_1_processing_system7_0_0_1/design_1_processing_system7_0_0.xdc] for cell 'design_1_i/processing_system7_0/inst'
Parsing XDC File [/home/kenny/Downloads/can_communication/can_communication.gen/sources_1/bd/design_1/ip/design_1_rst_ps7_0_50M_0_1/design_1_rst_ps7_0_50M_0_board.xdc] for cell 'design_1_i/rst_ps7_0_50M/U0'
Finished Parsing XDC File [/home/kenny/Downloads/can_communication/can_communication.gen/sources_1/bd/design_1/ip/design_1_rst_ps7_0_50M_0_1/design_1_rst_ps7_0_50M_0_board.xdc] for cell 'design_1_i/rst_ps7_0_50M/U0'
Parsing XDC File [/home/kenny/Downloads/can_communication/can_communication.gen/sources_1/bd/design_1/ip/design_1_rst_ps7_0_50M_0_1/design_1_rst_ps7_0_50M_0.xdc] for cell 'design_1_i/rst_ps7_0_50M/U0'
Finished Parsing XDC File [/home/kenny/Downloads/can_communication/can_communication.gen/sources_1/bd/design_1/ip/design_1_rst_ps7_0_50M_0_1/design_1_rst_ps7_0_50M_0.xdc] for cell 'design_1_i/rst_ps7_0_50M/U0'
Parsing XDC File [/home/kenny/Downloads/can_communication/can_communication.gen/sources_1/bd/design_1/ip/design_1_PmodCAN_0_0/src/PmodCAN_axi_gpio_0_0/PmodCAN_axi_gpio_0_0_board.xdc] for cell 'design_1_i/PmodCAN_0/inst/axi_gpio_0/U0'
Finished Parsing XDC File [/home/kenny/Downloads/can_communication/can_communication.gen/sources_1/bd/design_1/ip/design_1_PmodCAN_0_0/src/PmodCAN_axi_gpio_0_0/PmodCAN_axi_gpio_0_0_board.xdc] for cell 'design_1_i/PmodCAN_0/inst/axi_gpio_0/U0'
Parsing XDC File [/home/kenny/Downloads/can_communication/can_communication.gen/sources_1/bd/design_1/ip/design_1_PmodCAN_0_0/src/PmodCAN_axi_gpio_0_0/PmodCAN_axi_gpio_0_0.xdc] for cell 'design_1_i/PmodCAN_0/inst/axi_gpio_0/U0'
Finished Parsing XDC File [/home/kenny/Downloads/can_communication/can_communication.gen/sources_1/bd/design_1/ip/design_1_PmodCAN_0_0/src/PmodCAN_axi_gpio_0_0/PmodCAN_axi_gpio_0_0.xdc] for cell 'design_1_i/PmodCAN_0/inst/axi_gpio_0/U0'
Parsing XDC File [/home/kenny/Downloads/can_communication/can_communication.gen/sources_1/bd/design_1/ip/design_1_PmodCAN_0_0/src/PmodCAN_axi_quad_spi_0_0/PmodCAN_axi_quad_spi_0_0_board.xdc] for cell 'design_1_i/PmodCAN_0/inst/axi_quad_spi_0/U0'
Finished Parsing XDC File [/home/kenny/Downloads/can_communication/can_communication.gen/sources_1/bd/design_1/ip/design_1_PmodCAN_0_0/src/PmodCAN_axi_quad_spi_0_0/PmodCAN_axi_quad_spi_0_0_board.xdc] for cell 'design_1_i/PmodCAN_0/inst/axi_quad_spi_0/U0'
Parsing XDC File [/home/kenny/Downloads/can_communication/can_communication.gen/sources_1/bd/design_1/ip/design_1_PmodCAN_0_0/src/PmodCAN_axi_quad_spi_0_0/PmodCAN_axi_quad_spi_0_0.xdc] for cell 'design_1_i/PmodCAN_0/inst/axi_quad_spi_0/U0'
Finished Parsing XDC File [/home/kenny/Downloads/can_communication/can_communication.gen/sources_1/bd/design_1/ip/design_1_PmodCAN_0_0/src/PmodCAN_axi_quad_spi_0_0/PmodCAN_axi_quad_spi_0_0.xdc] for cell 'design_1_i/PmodCAN_0/inst/axi_quad_spi_0/U0'
Parsing XDC File [/home/kenny/Downloads/can_communication/can_communication.gen/sources_1/bd/design_1/ip/design_1_PmodCAN_0_0/src/PmodCAN_pmod_bridge_0_0/PmodCAN_pmod_bridge_0_0_board.xdc] for cell 'design_1_i/PmodCAN_0/inst/pmod_bridge_0/inst'
Finished Parsing XDC File [/home/kenny/Downloads/can_communication/can_communication.gen/sources_1/bd/design_1/ip/design_1_PmodCAN_0_0/src/PmodCAN_pmod_bridge_0_0/PmodCAN_pmod_bridge_0_0_board.xdc] for cell 'design_1_i/PmodCAN_0/inst/pmod_bridge_0/inst'
Parsing XDC File [/home/kenny/Downloads/can_communication/can_communication.gen/sources_1/bd/design_1/ip/design_1_PmodCAN_0_0/design_1_PmodCAN_0_0_board.xdc] for cell 'design_1_i/PmodCAN_0/inst'
Finished Parsing XDC File [/home/kenny/Downloads/can_communication/can_communication.gen/sources_1/bd/design_1/ip/design_1_PmodCAN_0_0/design_1_PmodCAN_0_0_board.xdc] for cell 'design_1_i/PmodCAN_0/inst'
Parsing XDC File [/home/kenny/Downloads/can_communication/can_communication.gen/sources_1/bd/design_1/ip/design_1_ila_0_0/ila_v6_2/constraints/ila_impl.xdc] for cell 'design_1_i/ila_0/inst'
Finished Parsing XDC File [/home/kenny/Downloads/can_communication/can_communication.gen/sources_1/bd/design_1/ip/design_1_ila_0_0/ila_v6_2/constraints/ila_impl.xdc] for cell 'design_1_i/ila_0/inst'
Parsing XDC File [/home/kenny/Downloads/can_communication/can_communication.gen/sources_1/bd/design_1/ip/design_1_ila_0_0/ila_v6_2/constraints/ila.xdc] for cell 'design_1_i/ila_0/inst'
Finished Parsing XDC File [/home/kenny/Downloads/can_communication/can_communication.gen/sources_1/bd/design_1/ip/design_1_ila_0_0/ila_v6_2/constraints/ila.xdc] for cell 'design_1_i/ila_0/inst'
Parsing XDC File [/home/kenny/Downloads/Zybo-Z7-Master.xdc]
WARNING: [Vivado 12-584] No ports matched 'kp_vaux_p'. [/home/kenny/Downloads/Zybo-Z7-Master.xdc:113]
CRITICAL WARNING: [Common 17-55] 'set_property' expects at least one object. [/home/kenny/Downloads/Zybo-Z7-Master.xdc:113]
Resolution: If [get_<value>] was used to populate the object, check to make sure this command returns at least one valid object.
WARNING: [Vivado 12-584] No ports matched 'kp_vaux_n'. [/home/kenny/Downloads/Zybo-Z7-Master.xdc:114]
CRITICAL WARNING: [Common 17-55] 'set_property' expects at least one object. [/home/kenny/Downloads/Zybo-Z7-Master.xdc:114]
Resolution: If [get_<value>] was used to populate the object, check to make sure this command returns at least one valid object.
WARNING: [Vivado 12-584] No ports matched 'ki_vaux_p'. [/home/kenny/Downloads/Zybo-Z7-Master.xdc:117]
CRITICAL WARNING: [Common 17-55] 'set_property' expects at least one object. [/home/kenny/Downloads/Zybo-Z7-Master.xdc:117]
Resolution: If [get_<value>] was used to populate the object, check to make sure this command returns at least one valid object.
WARNING: [Vivado 12-584] No ports matched 'ki_vaux_n'. [/home/kenny/Downloads/Zybo-Z7-Master.xdc:118]
CRITICAL WARNING: [Common 17-55] 'set_property' expects at least one object. [/home/kenny/Downloads/Zybo-Z7-Master.xdc:118]
Resolution: If [get_<value>] was used to populate the object, check to make sure this command returns at least one valid object.
WARNING: [Vivado 12-584] No ports matched 'kd_vaux_p'. [/home/kenny/Downloads/Zybo-Z7-Master.xdc:121]
CRITICAL WARNING: [Common 17-55] 'set_property' expects at least one object. [/home/kenny/Downloads/Zybo-Z7-Master.xdc:121]
Resolution: If [get_<value>] was used to populate the object, check to make sure this command returns at least one valid object.
WARNING: [Vivado 12-584] No ports matched 'kd_vaux_n'. [/home/kenny/Downloads/Zybo-Z7-Master.xdc:122]
CRITICAL WARNING: [Common 17-55] 'set_property' expects at least one object. [/home/kenny/Downloads/Zybo-Z7-Master.xdc:122]
Resolution: If [get_<value>] was used to populate the object, check to make sure this command returns at least one valid object.
Finished Parsing XDC File [/home/kenny/Downloads/Zybo-Z7-Master.xdc]
Parsing XDC File [/home/kenny/Downloads/can_communication/can_communication.gen/sources_1/bd/design_1/ip/design_1_PmodCAN_0_0/src/PmodCAN_axi_quad_spi_0_0/PmodCAN_axi_quad_spi_0_0_clocks.xdc] for cell 'design_1_i/PmodCAN_0/inst/axi_quad_spi_0/U0'
INFO: [Timing 38-35] Done setting XDC timing constraints. [/home/kenny/Downloads/can_communication/can_communication.gen/sources_1/bd/design_1/ip/design_1_PmodCAN_0_0/src/PmodCAN_axi_quad_spi_0_0/PmodCAN_axi_quad_spi_0_0_clocks.xdc:50]
get_clocks: Time (s): cpu = 00:00:07 ; elapsed = 00:00:07 . Memory (MB): peak = 2803.410 ; gain = 187.930 ; free physical = 891 ; free virtual = 5436
Finished Parsing XDC File [/home/kenny/Downloads/can_communication/can_communication.gen/sources_1/bd/design_1/ip/design_1_PmodCAN_0_0/src/PmodCAN_axi_quad_spi_0_0/PmodCAN_axi_quad_spi_0_0_clocks.xdc] for cell 'design_1_i/PmodCAN_0/inst/axi_quad_spi_0/U0'
WARNING: [XPM_CDC_GRAY: TCL-1000] The source and destination clocks are the same. 
     Instance: design_1_i/PmodCAN_0/inst/axi_quad_spi_0/U0/NO_DUAL_QUAD_MODE.QSPI_NORMAL/QSPI_LEGACY_MD_GEN.QSPI_CORE_INTERFACE_I/FIFO_EXISTS.TX_FIFO_II/xpm_fifo_instance.xpm_fifo_async_inst/gnuram_async_fifo.xpm_fifo_base_inst/gen_cdc_pntr.rd_pntr_cdc_inst 
  This will add unnecessary latency to the design. Please check the design for the following: 
 1) Manually instantiated XPM_CDC modules: Xilinx recommends that you remove these modules. 
 2) Xilinx IP that contains XPM_CDC modules: Verify the connections to the IP to determine whether you can safely ignore this message.
 [/tools/Xilinx/Vivado/2021.1/data/ip/xpm/xpm_cdc/tcl/xpm_cdc_gray.tcl:16]
WARNING: [XPM_CDC_GRAY: TCL-1000] The source and destination clocks are the same. 
     Instance: design_1_i/PmodCAN_0/inst/axi_quad_spi_0/U0/NO_DUAL_QUAD_MODE.QSPI_NORMAL/QSPI_LEGACY_MD_GEN.QSPI_CORE_INTERFACE_I/FIFO_EXISTS.RX_FIFO_II/gnuram_async_fifo.xpm_fifo_base_inst/gen_cdc_pntr.wr_pntr_cdc_inst 
  This will add unnecessary latency to the design. Please check the design for the following: 
 1) Manually instantiated XPM_CDC modules: Xilinx recommends that you remove these modules. 
 2) Xilinx IP that contains XPM_CDC modules: Verify the connections to the IP to determine whether you can safely ignore this message.
 [/tools/Xilinx/Vivado/2021.1/data/ip/xpm/xpm_cdc/tcl/xpm_cdc_gray.tcl:16]
WARNING: [XPM_CDC_GRAY: TCL-1000] The source and destination clocks are the same. 
     Instance: design_1_i/PmodCAN_0/inst/axi_quad_spi_0/U0/NO_DUAL_QUAD_MODE.QSPI_NORMAL/QSPI_LEGACY_MD_GEN.QSPI_CORE_INTERFACE_I/FIFO_EXISTS.RX_FIFO_II/gnuram_async_fifo.xpm_fifo_base_inst/gen_cdc_pntr.rd_pntr_cdc_inst 
  This will add unnecessary latency to the design. Please check the design for the following: 
 1) Manually instantiated XPM_CDC modules: Xilinx recommends that you remove these modules. 
 2) Xilinx IP that contains XPM_CDC modules: Verify the connections to the IP to determine whether you can safely ignore this message.
 [/tools/Xilinx/Vivado/2021.1/data/ip/xpm/xpm_cdc/tcl/xpm_cdc_gray.tcl:16]
WARNING: [XPM_CDC_GRAY: TCL-1000] The source and destination clocks are the same. 
     Instance: design_1_i/PmodCAN_0/inst/axi_quad_spi_0/U0/NO_DUAL_QUAD_MODE.QSPI_NORMAL/QSPI_LEGACY_MD_GEN.QSPI_CORE_INTERFACE_I/FIFO_EXISTS.TX_FIFO_II/xpm_fifo_instance.xpm_fifo_async_inst/gnuram_async_fifo.xpm_fifo_base_inst/gen_cdc_pntr.wr_pntr_cdc_inst 
  This will add unnecessary latency to the design. Please check the design for the following: 
 1) Manually instantiated XPM_CDC modules: Xilinx recommends that you remove these modules. 
 2) Xilinx IP that contains XPM_CDC modules: Verify the connections to the IP to determine whether you can safely ignore this message.
 [/tools/Xilinx/Vivado/2021.1/data/ip/xpm/xpm_cdc/tcl/xpm_cdc_gray.tcl:16]
WARNING: [XPM_CDC_GRAY: TCL-1000] The source and destination clocks are the same. 
     Instance: design_1_i/PmodCAN_0/inst/axi_quad_spi_0/U0/NO_DUAL_QUAD_MODE.QSPI_NORMAL/QSPI_LEGACY_MD_GEN.QSPI_CORE_INTERFACE_I/FIFO_EXISTS.TX_FIFO_II/xpm_fifo_instance.xpm_fifo_async_inst/gnuram_async_fifo.xpm_fifo_base_inst/gen_cdc_pntr.wr_pntr_cdc_dc_inst 
  This will add unnecessary latency to the design. Please check the design for the following: 
 1) Manually instantiated XPM_CDC modules: Xilinx recommends that you remove these modules. 
 2) Xilinx IP that contains XPM_CDC modules: Verify the connections to the IP to determine whether you can safely ignore this message.
 [/tools/Xilinx/Vivado/2021.1/data/ip/xpm/xpm_cdc/tcl/xpm_cdc_gray.tcl:16]
WARNING: [XPM_CDC_GRAY: TCL-1000] The source and destination clocks are the same. 
     Instance: design_1_i/PmodCAN_0/inst/axi_quad_spi_0/U0/NO_DUAL_QUAD_MODE.QSPI_NORMAL/QSPI_LEGACY_MD_GEN.QSPI_CORE_INTERFACE_I/FIFO_EXISTS.RX_FIFO_II/gnuram_async_fifo.xpm_fifo_base_inst/gen_cdc_pntr.wr_pntr_cdc_dc_inst 
  This will add unnecessary latency to the design. Please check the design for the following: 
 1) Manually instantiated XPM_CDC modules: Xilinx recommends that you remove these modules. 
 2) Xilinx IP that contains XPM_CDC modules: Verify the connections to the IP to determine whether you can safely ignore this message.
 [/tools/Xilinx/Vivado/2021.1/data/ip/xpm/xpm_cdc/tcl/xpm_cdc_gray.tcl:16]
WARNING: [XPM_CDC_GRAY: TCL-1000] The source and destination clocks are the same. 
     Instance: design_1_i/PmodCAN_0/inst/axi_quad_spi_0/U0/NO_DUAL_QUAD_MODE.QSPI_NORMAL/QSPI_LEGACY_MD_GEN.QSPI_CORE_INTERFACE_I/FIFO_EXISTS.TX_FIFO_II/xpm_fifo_instance.xpm_fifo_async_inst/gnuram_async_fifo.xpm_fifo_base_inst/gen_cdc_pntr.rd_pntr_cdc_dc_inst 
  This will add unnecessary latency to the design. Please check the design for the following: 
 1) Manually instantiated XPM_CDC modules: Xilinx recommends that you remove these modules. 
 2) Xilinx IP that contains XPM_CDC modules: Verify the connections to the IP to determine whether you can safely ignore this message.
 [/tools/Xilinx/Vivado/2021.1/data/ip/xpm/xpm_cdc/tcl/xpm_cdc_gray.tcl:16]
WARNING: [XPM_CDC_GRAY: TCL-1000] The source and destination clocks are the same. 
     Instance: design_1_i/PmodCAN_0/inst/axi_quad_spi_0/U0/NO_DUAL_QUAD_MODE.QSPI_NORMAL/QSPI_LEGACY_MD_GEN.QSPI_CORE_INTERFACE_I/FIFO_EXISTS.RX_FIFO_II/gnuram_async_fifo.xpm_fifo_base_inst/gen_cdc_pntr.rd_pntr_cdc_dc_inst 
  This will add unnecessary latency to the design. Please check the design for the following: 
 1) Manually instantiated XPM_CDC modules: Xilinx recommends that you remove these modules. 
 2) Xilinx IP that contains XPM_CDC modules: Verify the connections to the IP to determine whether you can safely ignore this message.
 [/tools/Xilinx/Vivado/2021.1/data/ip/xpm/xpm_cdc/tcl/xpm_cdc_gray.tcl:16]
INFO: [Project 1-1714] 14 XPM XDC files have been applied to the design.
INFO: [Opt 31-138] Pushed 0 inverter(s) to 0 load pin(s).
Netlist sorting complete. Time (s): cpu = 00:00:00 ; elapsed = 00:00:00.01 . Memory (MB): peak = 2963.492 ; gain = 0.000 ; free physical = 856 ; free virtual = 5418
INFO: [Project 1-111] Unisim Transformation Summary:
  A total of 204 instances were transformed.
  CFGLUT5 => CFGLUT5 (SRL16E, SRLC32E): 188 instances
  IOBUF => IOBUF (IBUF, OBUFT): 10 instances
  RAM32M => RAM32M (RAMD32(x6), RAMS32(x2)): 2 instances
  RAM32X1D => RAM32X1D (RAMD32(x2)): 4 instances

26 Infos, 14 Warnings, 6 Critical Warnings and 0 Errors encountered.
link_design completed successfully
link_design: Time (s): cpu = 00:00:22 ; elapsed = 00:00:22 . Memory (MB): peak = 2963.492 ; gain = 348.012 ; free physical = 856 ; free virtual = 5419
INFO: [Common 17-600] The following parameters have non-default value.
tcl.collectionResultDisplayLimit
Command: opt_design
Attempting to get a license for feature 'Implementation' and/or device 'xc7z020'
INFO: [Common 17-349] Got license for feature 'Implementation' and/or device 'xc7z020'
Running DRC as a precondition to command opt_design

Starting DRC Task
INFO: [DRC 23-27] Running DRC with 8 threads
INFO: [Project 1-461] DRC finished with 0 Errors
INFO: [Project 1-462] Please refer to the DRC report (report_drc) for more information.

Time (s): cpu = 00:00:02 ; elapsed = 00:00:00.75 . Memory (MB): peak = 2963.492 ; gain = 0.000 ; free physical = 814 ; free virtual = 5405

Starting Cache Timing Information Task
INFO: [Timing 38-35] Done setting XDC timing constraints.
Ending Cache Timing Information Task | Checksum: 1d74e602e

Time (s): cpu = 00:00:01 ; elapsed = 00:00:00.45 . Memory (MB): peak = 2963.492 ; gain = 0.000 ; free physical = 848 ; free virtual = 5438

Starting Logic Optimization Task

Phase 1 Generate And Synthesize Debug Cores
INFO: [Chipscope 16-329] Generating Script for core instance : dbg_hub 
INFO: [IP_Flow 19-3806] Processing IP xilinx.com:ip:xsdbm:3.0 for cell dbg_hub_CV.
INFO: [Chipscope 16-469] Using cached IP synthesis design for IP xilinx.com:ip:xsdbm:3.0, cache-ID = 9b1a198ec257a5ad.
Netlist sorting complete. Time (s): cpu = 00:00:00.02 ; elapsed = 00:00:00.02 . Memory (MB): peak = 3030.199 ; gain = 0.000 ; free physical = 1212 ; free virtual = 5393
Phase 1 Generate And Synthesize Debug Cores | Checksum: 2b22bc9d3

Time (s): cpu = 00:00:21 ; elapsed = 00:00:29 . Memory (MB): peak = 3030.199 ; gain = 43.773 ; free physical = 1212 ; free virtual = 5393

Phase 2 Retarget
INFO: [Opt 31-138] Pushed 0 inverter(s) to 0 load pin(s).
INFO: [Opt 31-49] Retargeted 0 cell(s).
Phase 2 Retarget | Checksum: 1d2ad0d55

Time (s): cpu = 00:00:23 ; elapsed = 00:00:30 . Memory (MB): peak = 3030.199 ; gain = 43.773 ; free physical = 1226 ; free virtual = 5406
INFO: [Opt 31-389] Phase Retarget created 73 cells and removed 122 cells
INFO: [Opt 31-1021] In phase Retarget, 70 netlist objects are constrained preventing optimization. Please run opt_design with -debug_log to get more detail. 

Phase 3 Constant propagation
INFO: [Opt 31-138] Pushed 0 inverter(s) to 0 load pin(s).
Phase 3 Constant propagation | Checksum: 1dc001909

Time (s): cpu = 00:00:23 ; elapsed = 00:00:30 . Memory (MB): peak = 3030.199 ; gain = 43.773 ; free physical = 1226 ; free virtual = 5406
INFO: [Opt 31-389] Phase Constant propagation created 2 cells and removed 20 cells
INFO: [Opt 31-1021] In phase Constant propagation, 50 netlist objects are constrained preventing optimization. Please run opt_design with -debug_log to get more detail. 

Phase 4 Sweep
Phase 4 Sweep | Checksum: 1b1b321d8

Time (s): cpu = 00:00:24 ; elapsed = 00:00:31 . Memory (MB): peak = 3030.199 ; gain = 43.773 ; free physical = 1226 ; free virtual = 5407
INFO: [Opt 31-389] Phase Sweep created 0 cells and removed 260 cells
INFO: [Opt 31-1021] In phase Sweep, 1062 netlist objects are constrained preventing optimization. Please run opt_design with -debug_log to get more detail. 

Phase 5 BUFG optimization
Phase 5 BUFG optimization | Checksum: 1b1b321d8

Time (s): cpu = 00:00:24 ; elapsed = 00:00:31 . Memory (MB): peak = 3030.199 ; gain = 43.773 ; free physical = 1226 ; free virtual = 5407
INFO: [Opt 31-662] Phase BUFG optimization created 0 cells of which 0 are BUFGs and removed 0 cells.

Phase 6 Shift Register Optimization
INFO: [Opt 31-1064] SRL Remap converted 0 SRLs to 0 registers and converted 0 registers of register chains to 0 SRLs
Phase 6 Shift Register Optimization | Checksum: 1b1b321d8

Time (s): cpu = 00:00:24 ; elapsed = 00:00:31 . Memory (MB): peak = 3030.199 ; gain = 43.773 ; free physical = 1226 ; free virtual = 5407
INFO: [Opt 31-389] Phase Shift Register Optimization created 0 cells and removed 0 cells

Phase 7 Post Processing Netlist
Phase 7 Post Processing Netlist | Checksum: 1b1b321d8

Time (s): cpu = 00:00:24 ; elapsed = 00:00:31 . Memory (MB): peak = 3030.199 ; gain = 43.773 ; free physical = 1226 ; free virtual = 5407
INFO: [Opt 31-389] Phase Post Processing Netlist created 0 cells and removed 0 cells
INFO: [Opt 31-1021] In phase Post Processing Netlist, 57 netlist objects are constrained preventing optimization. Please run opt_design with -debug_log to get more detail. 
Opt_design Change Summary
=========================


-------------------------------------------------------------------------------------------------------------------------
|  Phase                        |  #Cells created  |  #Cells Removed  |  #Constrained objects preventing optimizations  |
-------------------------------------------------------------------------------------------------------------------------
|  Retarget                     |              73  |             122  |                                             70  |
|  Constant propagation         |               2  |              20  |                                             50  |
|  Sweep                        |               0  |             260  |                                           1062  |
|  BUFG optimization            |               0  |               0  |                                              0  |
|  Shift Register Optimization  |               0  |               0  |                                              0  |
|  Post Processing Netlist      |               0  |               0  |                                             57  |
-------------------------------------------------------------------------------------------------------------------------



Starting Connectivity Check Task

Time (s): cpu = 00:00:00.03 ; elapsed = 00:00:00.02 . Memory (MB): peak = 3030.199 ; gain = 0.000 ; free physical = 1228 ; free virtual = 5409
Ending Logic Optimization Task | Checksum: 1bda041a6

Time (s): cpu = 00:00:25 ; elapsed = 00:00:32 . Memory (MB): peak = 3030.199 ; gain = 43.773 ; free physical = 1228 ; free virtual = 5409

Starting Power Optimization Task
INFO: [Pwropt 34-132] Skipping clock gating for clocks with a period < 2.00 ns.
WARNING: Found a very long path - please check log.
WARNING: Found a very long path
INFO: [Timing 38-35] Done setting XDC timing constraints.
WARNING: Found a very long path - please check log.
WARNING: Found a very long path
Running Vector-less Activity Propagation...
WARNING: Found a very long path - please check log.
WARNING: Found a very long path
WARNING: Found a very long path - please check log.
WARNING: Found a very long path

Finished Running Vector-less Activity Propagation
WARNING: Found a very long path - please check log.
WARNING: Found a very long path
WARNING: Found a very long path - please check log.
WARNING: Found a very long path
WARNING: Found a very long path - please check log.
WARNING: Found a very long path
WARNING: Found a very long path - please check log.
WARNING: Found a very long path
WARNING: Found a very long path - please check log.
WARNING: Found a very long path
WARNING: Found a very long path - please check log.
WARNING: Found a very long path
INFO: [Pwropt 34-9] Applying IDT optimizations ...
INFO: [Pwropt 34-10] Applying ODC optimizations ...


Starting PowerOpt Patch Enables Task
INFO: [Pwropt 34-162] WRITE_MODE attribute of 0 BRAM(s) out of a total of 7 has been updated to save power. Run report_power_opt to get a complete listing of the BRAMs updated.
INFO: [Pwropt 34-201] Structural ODC has moved 0 WE to EN ports
Number of BRAM Ports augmented: 7 newly gated: 0 Total Ports: 14
Ending PowerOpt Patch Enables Task | Checksum: 1c22e4e4e

Time (s): cpu = 00:00:00.09 ; elapsed = 00:00:00.09 . Memory (MB): peak = 3718.598 ; gain = 0.000 ; free physical = 960 ; free virtual = 5145
Ending Power Optimization Task | Checksum: 1c22e4e4e

Time (s): cpu = 00:00:07 ; elapsed = 00:00:05 . Memory (MB): peak = 3718.598 ; gain = 688.398 ; free physical = 970 ; free virtual = 5156

Starting Final Cleanup Task
Ending Final Cleanup Task | Checksum: 1c22e4e4e

Time (s): cpu = 00:00:00 ; elapsed = 00:00:00 . Memory (MB): peak = 3718.598 ; gain = 0.000 ; free physical = 970 ; free virtual = 5156

Starting Netlist Obfuscation Task
Netlist sorting complete. Time (s): cpu = 00:00:00.01 ; elapsed = 00:00:00.01 . Memory (MB): peak = 3718.598 ; gain = 0.000 ; free physical = 970 ; free virtual = 5156
Ending Netlist Obfuscation Task | Checksum: 1e1da07b0

Time (s): cpu = 00:00:00.01 ; elapsed = 00:00:00.01 . Memory (MB): peak = 3718.598 ; gain = 0.000 ; free physical = 970 ; free virtual = 5156
INFO: [Common 17-83] Releasing license: Implementation
59 Infos, 14 Warnings, 6 Critical Warnings and 0 Errors encountered.
opt_design completed successfully
opt_design: Time (s): cpu = 00:00:37 ; elapsed = 00:00:40 . Memory (MB): peak = 3718.598 ; gain = 755.105 ; free physical = 970 ; free virtual = 5156
INFO: [Common 17-600] The following parameters have non-default value.
tcl.collectionResultDisplayLimit
INFO: [Timing 38-35] Done setting XDC timing constraints.
INFO: [Timing 38-480] Writing timing data to binary archive.
Writing placer database...
Writing XDEF routing.
Writing XDEF routing logical nets.
Writing XDEF routing special nets.
Write XDEF Complete: Time (s): cpu = 00:00:00.12 ; elapsed = 00:00:00.03 . Memory (MB): peak = 3718.598 ; gain = 0.000 ; free physical = 971 ; free virtual = 5158
INFO: [Common 17-1381] The checkpoint '/home/kenny/Downloads/can_communication/can_communication.runs/impl_1/design_1_wrapper_opt.dcp' has been generated.
INFO: [runtcl-4] Executing : report_drc -file design_1_wrapper_drc_opted.rpt -pb design_1_wrapper_drc_opted.pb -rpx design_1_wrapper_drc_opted.rpx
Command: report_drc -file design_1_wrapper_drc_opted.rpt -pb design_1_wrapper_drc_opted.pb -rpx design_1_wrapper_drc_opted.rpx
INFO: [IP_Flow 19-1839] IP Catalog is up to date.
INFO: [DRC 23-27] Running DRC with 8 threads
INFO: [Vivado_Tcl 2-168] The results of DRC are in file /home/kenny/Downloads/can_communication/can_communication.runs/impl_1/design_1_wrapper_drc_opted.rpt.
report_drc completed successfully
INFO: [Chipscope 16-240] Debug cores have already been implemented
Command: place_design
Attempting to get a license for feature 'Implementation' and/or device 'xc7z020'
INFO: [Common 17-349] Got license for feature 'Implementation' and/or device 'xc7z020'
INFO: [DRC 23-27] Running DRC with 8 threads
INFO: [Vivado_Tcl 4-198] DRC finished with 0 Errors
INFO: [Vivado_Tcl 4-199] Please refer to the DRC report (report_drc) for more information.
Running DRC as a precondition to command place_design
INFO: [DRC 23-27] Running DRC with 8 threads
INFO: [Vivado_Tcl 4-198] DRC finished with 0 Errors
INFO: [Vivado_Tcl 4-199] Please refer to the DRC report (report_drc) for more information.

Starting Placer Task
INFO: [Place 30-611] Multithreading enabled for place_design using a maximum of 8 CPUs

Phase 1 Placer Initialization

Phase 1.1 Placer Initialization Netlist Sorting
Netlist sorting complete. Time (s): cpu = 00:00:00.01 ; elapsed = 00:00:00 . Memory (MB): peak = 3718.598 ; gain = 0.000 ; free physical = 985 ; free virtual = 5179
Phase 1.1 Placer Initialization Netlist Sorting | Checksum: 11bfbf881

Time (s): cpu = 00:00:00.01 ; elapsed = 00:00:00.02 . Memory (MB): peak = 3718.598 ; gain = 0.000 ; free physical = 985 ; free virtual = 5179
Netlist sorting complete. Time (s): cpu = 00:00:00.01 ; elapsed = 00:00:00 . Memory (MB): peak = 3718.598 ; gain = 0.000 ; free physical = 985 ; free virtual = 5179

Phase 1.2 IO Placement/ Clock Placement/ Build Placer Device
Phase 1.2 IO Placement/ Clock Placement/ Build Placer Device | Checksum: c6026f23

Time (s): cpu = 00:00:02 ; elapsed = 00:00:00.91 . Memory (MB): peak = 3718.598 ; gain = 0.000 ; free physical = 1021 ; free virtual = 5221

Phase 1.3 Build Placer Netlist Model
Phase 1.3 Build Placer Netlist Model | Checksum: 13c912228

Time (s): cpu = 00:00:09 ; elapsed = 00:00:04 . Memory (MB): peak = 3718.598 ; gain = 0.000 ; free physical = 1052 ; free virtual = 5253

Phase 1.4 Constrain Clocks/Macros
Phase 1.4 Constrain Clocks/Macros | Checksum: 13c912228

Time (s): cpu = 00:00:09 ; elapsed = 00:00:04 . Memory (MB): peak = 3718.598 ; gain = 0.000 ; free physical = 1052 ; free virtual = 5253
Phase 1 Placer Initialization | Checksum: 13c912228

Time (s): cpu = 00:00:09 ; elapsed = 00:00:04 . Memory (MB): peak = 3718.598 ; gain = 0.000 ; free physical = 1052 ; free virtual = 5254

Phase 2 Global Placement

Phase 2.1 Floorplanning
Phase 2.1 Floorplanning | Checksum: 177c72b0c

Time (s): cpu = 00:00:13 ; elapsed = 00:00:05 . Memory (MB): peak = 3718.598 ; gain = 0.000 ; free physical = 1126 ; free virtual = 5329

Phase 2.2 Update Timing before SLR Path Opt
Phase 2.2 Update Timing before SLR Path Opt | Checksum: a3122c36

Time (s): cpu = 00:00:16 ; elapsed = 00:00:06 . Memory (MB): peak = 3718.598 ; gain = 0.000 ; free physical = 1124 ; free virtual = 5326

Phase 2.3 Post-Processing in Floorplanning
Phase 2.3 Post-Processing in Floorplanning | Checksum: a3122c36

Time (s): cpu = 00:00:16 ; elapsed = 00:00:06 . Memory (MB): peak = 3718.598 ; gain = 0.000 ; free physical = 1124 ; free virtual = 5326

Phase 2.4 Global Placement Core

Phase 2.4.1 Physical Synthesis In Placer
INFO: [Physopt 32-1035] Found 0 LUTNM shape to break, 239 LUT instances to create LUTNM shape
INFO: [Physopt 32-1044] Break lutnm for timing: one critical 0, two critical 0, total 0, new lutff created 0
INFO: [Physopt 32-1138] End 1 Pass. Optimized 96 nets or LUTs. Breaked 0 LUT, combined 96 existing LUTs and moved 0 existing LUT
INFO: [Physopt 32-65] No nets found for high-fanout optimization.
INFO: [Physopt 32-232] Optimized 0 net. Created 0 new instance.
INFO: [Physopt 32-775] End 1 Pass. Optimized 0 net or cell. Created 0 new cell, deleted 0 existing cell and moved 0 existing cell
INFO: [Physopt 32-457] Pass 1. Identified 2 candidate cells for DSP register optimization.
INFO: [Physopt 32-665] Processed cell design_1_i/pid_controller_0/inst/design_1_i/term_calculation_0/inst/velocity1__0. 15 registers were pushed out.
INFO: [Physopt 32-665] Processed cell design_1_i/pid_controller_0/inst/design_1_i/term_calculation_0/inst/velocity1. 17 registers were pushed out.
INFO: [Physopt 32-775] End 2 Pass. Optimized 2 nets or cells. Created 32 new cells, deleted 0 existing cell and moved 0 existing cell
Netlist sorting complete. Time (s): cpu = 00:00:00.02 ; elapsed = 00:00:00.02 . Memory (MB): peak = 3718.598 ; gain = 0.000 ; free physical = 1094 ; free virtual = 5301
INFO: [Physopt 32-1123] No candidate cells found for Shift Register to Pipeline optimization
INFO: [Physopt 32-775] End 1 Pass. Optimized 0 net or cell. Created 0 new cell, deleted 0 existing cell and moved 0 existing cell
INFO: [Physopt 32-677] No candidate cells for Shift Register optimization found in the design
INFO: [Physopt 32-775] End 1 Pass. Optimized 0 net or cell. Created 0 new cell, deleted 0 existing cell and moved 0 existing cell
INFO: [Physopt 32-526] No candidate cells for BRAM register optimization found in the design
INFO: [Physopt 32-775] End 1 Pass. Optimized 0 net or cell. Created 0 new cell, deleted 0 existing cell and moved 0 existing cell
INFO: [Physopt 32-846] No candidate cells for URAM register optimization found in the design
INFO: [Physopt 32-775] End 2 Pass. Optimized 0 net or cell. Created 0 new cell, deleted 0 existing cell and moved 0 existing cell
INFO: [Physopt 32-949] No candidate nets found for dynamic/static region interface net replication
INFO: [Physopt 32-775] End 1 Pass. Optimized 0 net or cell. Created 0 new cell, deleted 0 existing cell and moved 0 existing cell
Netlist sorting complete. Time (s): cpu = 00:00:00.01 ; elapsed = 00:00:00 . Memory (MB): peak = 3718.598 ; gain = 0.000 ; free physical = 1094 ; free virtual = 5301

Summary of Physical Synthesis Optimizations
============================================


-----------------------------------------------------------------------------------------------------------------------------------------------------------
|  Optimization                                     |  Added Cells  |  Removed Cells  |  Optimized Cells/Nets  |  Dont Touch  |  Iterations  |  Elapsed   |
-----------------------------------------------------------------------------------------------------------------------------------------------------------
|  LUT Combining                                    |            0  |             96  |                    96  |           0  |           1  |  00:00:00  |
|  Retime                                           |            0  |              0  |                     0  |           0  |           1  |  00:00:00  |
|  Very High Fanout                                 |            0  |              0  |                     0  |           0  |           1  |  00:00:00  |
|  DSP Register                                     |           32  |              0  |                     2  |           0  |           1  |  00:00:00  |
|  Shift Register to Pipeline                       |            0  |              0  |                     0  |           0  |           1  |  00:00:00  |
|  Shift Register                                   |            0  |              0  |                     0  |           0  |           1  |  00:00:00  |
|  BRAM Register                                    |            0  |              0  |                     0  |           0  |           1  |  00:00:00  |
|  URAM Register                                    |            0  |              0  |                     0  |           0  |           1  |  00:00:00  |
|  Dynamic/Static Region Interface Net Replication  |            0  |              0  |                     0  |           0  |           1  |  00:00:00  |
|  Total                                            |           32  |             96  |                    98  |           0  |           9  |  00:00:01  |
-----------------------------------------------------------------------------------------------------------------------------------------------------------


Phase 2.4.1 Physical Synthesis In Placer | Checksum: 15ae62407

Time (s): cpu = 00:01:04 ; elapsed = 00:00:21 . Memory (MB): peak = 3718.598 ; gain = 0.000 ; free physical = 1094 ; free virtual = 5301
Phase 2.4 Global Placement Core | Checksum: 1308cf7de

Time (s): cpu = 00:01:06 ; elapsed = 00:00:22 . Memory (MB): peak = 3718.598 ; gain = 0.000 ; free physical = 1091 ; free virtual = 5298
Phase 2 Global Placement | Checksum: 1308cf7de

Time (s): cpu = 00:01:06 ; elapsed = 00:00:22 . Memory (MB): peak = 3718.598 ; gain = 0.000 ; free physical = 1091 ; free virtual = 5298

Phase 3 Detail Placement

Phase 3.1 Commit Multi Column Macros
Phase 3.1 Commit Multi Column Macros | Checksum: 1361890ff

Time (s): cpu = 00:01:10 ; elapsed = 00:00:23 . Memory (MB): peak = 3718.598 ; gain = 0.000 ; free physical = 1090 ; free virtual = 5298

Phase 3.2 Commit Most Macros & LUTRAMs
Phase 3.2 Commit Most Macros & LUTRAMs | Checksum: 9e2b7cf0

Time (s): cpu = 00:01:18 ; elapsed = 00:00:27 . Memory (MB): peak = 3718.598 ; gain = 0.000 ; free physical = 1085 ; free virtual = 5292

Phase 3.3 Area Swap Optimization
Phase 3.3 Area Swap Optimization | Checksum: 1605aa360

Time (s): cpu = 00:01:19 ; elapsed = 00:00:27 . Memory (MB): peak = 3718.598 ; gain = 0.000 ; free physical = 1085 ; free virtual = 5292

Phase 3.4 Pipeline Register Optimization
Phase 3.4 Pipeline Register Optimization | Checksum: 1757877a1

Time (s): cpu = 00:01:19 ; elapsed = 00:00:27 . Memory (MB): peak = 3718.598 ; gain = 0.000 ; free physical = 1085 ; free virtual = 5292

Phase 3.5 Fast Optimization
Phase 3.5 Fast Optimization | Checksum: febd8664

Time (s): cpu = 00:01:24 ; elapsed = 00:00:29 . Memory (MB): peak = 3718.598 ; gain = 0.000 ; free physical = 1085 ; free virtual = 5292

Phase 3.6 Small Shape Detail Placement
Phase 3.6 Small Shape Detail Placement | Checksum: bbc272f2

Time (s): cpu = 00:01:26 ; elapsed = 00:00:31 . Memory (MB): peak = 3718.598 ; gain = 0.000 ; free physical = 1075 ; free virtual = 5283

Phase 3.7 Re-assign LUT pins
Phase 3.7 Re-assign LUT pins | Checksum: fb7f2517

Time (s): cpu = 00:01:27 ; elapsed = 00:00:32 . Memory (MB): peak = 3718.598 ; gain = 0.000 ; free physical = 1074 ; free virtual = 5282

Phase 3.8 Pipeline Register Optimization
Phase 3.8 Pipeline Register Optimization | Checksum: 196cbc9e0

Time (s): cpu = 00:01:27 ; elapsed = 00:00:32 . Memory (MB): peak = 3718.598 ; gain = 0.000 ; free physical = 1074 ; free virtual = 5282

Phase 3.9 Fast Optimization
Phase 3.9 Fast Optimization | Checksum: aafbb9c8

Time (s): cpu = 00:01:35 ; elapsed = 00:00:34 . Memory (MB): peak = 3718.598 ; gain = 0.000 ; free physical = 1079 ; free virtual = 5287
Phase 3 Detail Placement | Checksum: aafbb9c8

Time (s): cpu = 00:01:35 ; elapsed = 00:00:34 . Memory (MB): peak = 3718.598 ; gain = 0.000 ; free physical = 1078 ; free virtual = 5287

Phase 4 Post Placement Optimization and Clean-Up

Phase 4.1 Post Commit Optimization
INFO: [Timing 38-35] Done setting XDC timing constraints.

Phase 4.1.1 Post Placement Optimization
Post Placement Optimization Initialization | Checksum: 11fc2ba13

Phase 4.1.1.1 BUFG Insertion

Starting Physical Synthesis Task

Phase 1 Physical Synthesis Initialization
INFO: [Physopt 32-721] Multithreading enabled for phys_opt_design using a maximum of 8 CPUs
INFO: [Physopt 32-619] Estimated Timing Summary | WNS=-246.188 | TNS=-7848.079 |
Phase 1 Physical Synthesis Initialization | Checksum: 1b8e8e42d

Time (s): cpu = 00:00:01 ; elapsed = 00:00:00.41 . Memory (MB): peak = 3718.598 ; gain = 0.000 ; free physical = 1068 ; free virtual = 5276
INFO: [Place 46-56] BUFG insertion identified 0 candidate nets. Inserted BUFG: 0, Replicated BUFG Driver: 0, Skipped due to Placement/Routing Conflicts: 0, Skipped due to Timing Degradation: 0, Skipped due to Illegal Netlist: 0.
Ending Physical Synthesis Task | Checksum: 12b7bb042

Time (s): cpu = 00:00:02 ; elapsed = 00:00:00.46 . Memory (MB): peak = 3718.598 ; gain = 0.000 ; free physical = 1068 ; free virtual = 5276
Phase 4.1.1.1 BUFG Insertion | Checksum: 11fc2ba13

Time (s): cpu = 00:01:44 ; elapsed = 00:00:37 . Memory (MB): peak = 3718.598 ; gain = 0.000 ; free physical = 1068 ; free virtual = 5276

Phase 4.1.1.2 Post Placement Timing Optimization
INFO: [Place 30-746] Post Placement Timing Summary WNS=-245.076. For the most accurate timing information please run report_timing.
Phase 4.1.1.2 Post Placement Timing Optimization | Checksum: f2ccd12e

Time (s): cpu = 00:02:14 ; elapsed = 00:00:53 . Memory (MB): peak = 3718.598 ; gain = 0.000 ; free physical = 1069 ; free virtual = 5275

Time (s): cpu = 00:02:14 ; elapsed = 00:00:53 . Memory (MB): peak = 3718.598 ; gain = 0.000 ; free physical = 1069 ; free virtual = 5275
Phase 4.1 Post Commit Optimization | Checksum: f2ccd12e

Time (s): cpu = 00:02:14 ; elapsed = 00:00:53 . Memory (MB): peak = 3718.598 ; gain = 0.000 ; free physical = 1069 ; free virtual = 5275

Phase 4.2 Post Placement Cleanup
Phase 4.2 Post Placement Cleanup | Checksum: f2ccd12e

Time (s): cpu = 00:02:15 ; elapsed = 00:00:53 . Memory (MB): peak = 3718.598 ; gain = 0.000 ; free physical = 1069 ; free virtual = 5275

Phase 4.3 Placer Reporting

Phase 4.3.1 Print Estimated Congestion
INFO: [Place 30-612] Post-Placement Estimated Congestion 
 ____________________________________________________
|           | Global Congestion | Short Congestion  |
| Direction | Region Size       | Region Size       |
|___________|___________________|___________________|
|      North|                4x4|                4x4|
|___________|___________________|___________________|
|      South|                1x1|                1x1|
|___________|___________________|___________________|
|       East|                1x1|                2x2|
|___________|___________________|___________________|
|       West|                1x1|                1x1|
|___________|___________________|___________________|

Phase 4.3.1 Print Estimated Congestion | Checksum: f2ccd12e

Time (s): cpu = 00:02:15 ; elapsed = 00:00:53 . Memory (MB): peak = 3718.598 ; gain = 0.000 ; free physical = 1069 ; free virtual = 5275
Phase 4.3 Placer Reporting | Checksum: f2ccd12e

Time (s): cpu = 00:02:15 ; elapsed = 00:00:53 . Memory (MB): peak = 3718.598 ; gain = 0.000 ; free physical = 1069 ; free virtual = 5275

Phase 4.4 Final Placement Cleanup
Netlist sorting complete. Time (s): cpu = 00:00:00 ; elapsed = 00:00:00 . Memory (MB): peak = 3718.598 ; gain = 0.000 ; free physical = 1069 ; free virtual = 5275

Time (s): cpu = 00:02:15 ; elapsed = 00:00:53 . Memory (MB): peak = 3718.598 ; gain = 0.000 ; free physical = 1069 ; free virtual = 5275
Phase 4 Post Placement Optimization and Clean-Up | Checksum: 1b2dae005

Time (s): cpu = 00:02:15 ; elapsed = 00:00:53 . Memory (MB): peak = 3718.598 ; gain = 0.000 ; free physical = 1069 ; free virtual = 5275
Ending Placer Task | Checksum: e41a36f3

Time (s): cpu = 00:02:15 ; elapsed = 00:00:53 . Memory (MB): peak = 3718.598 ; gain = 0.000 ; free physical = 1069 ; free virtual = 5275
INFO: [Common 17-83] Releasing license: Implementation
103 Infos, 14 Warnings, 6 Critical Warnings and 0 Errors encountered.
place_design completed successfully
place_design: Time (s): cpu = 00:02:18 ; elapsed = 00:00:54 . Memory (MB): peak = 3718.598 ; gain = 0.000 ; free physical = 1094 ; free virtual = 5300
INFO: [Timing 38-480] Writing timing data to binary archive.
Writing placer database...
Writing XDEF routing.
Writing XDEF routing logical nets.
Writing XDEF routing special nets.
Write XDEF Complete: Time (s): cpu = 00:00:03 ; elapsed = 00:00:00.78 . Memory (MB): peak = 3718.598 ; gain = 0.000 ; free physical = 1060 ; free virtual = 5289
INFO: [Common 17-1381] The checkpoint '/home/kenny/Downloads/can_communication/can_communication.runs/impl_1/design_1_wrapper_placed.dcp' has been generated.
INFO: [runtcl-4] Executing : report_io -file design_1_wrapper_io_placed.rpt
report_io: Time (s): cpu = 00:00:00.07 ; elapsed = 00:00:00.12 . Memory (MB): peak = 3718.598 ; gain = 0.000 ; free physical = 1070 ; free virtual = 5282
INFO: [runtcl-4] Executing : report_utilization -file design_1_wrapper_utilization_placed.rpt -pb design_1_wrapper_utilization_placed.pb
INFO: [runtcl-4] Executing : report_control_sets -verbose -file design_1_wrapper_control_sets_placed.rpt
report_control_sets: Time (s): cpu = 00:00:00.05 ; elapsed = 00:00:00.10 . Memory (MB): peak = 3718.598 ; gain = 0.000 ; free physical = 1066 ; free virtual = 5278
Command: phys_opt_design
Attempting to get a license for feature 'Implementation' and/or device 'xc7z020'
INFO: [Common 17-349] Got license for feature 'Implementation' and/or device 'xc7z020'
INFO: [Vivado_Tcl 4-1435] PhysOpt_Tcl_Interface Runtime Before Starting Physical Synthesis Task | CPU: 8.04s |  WALL: 1.96s
Netlist sorting complete. Time (s): cpu = 00:00:00 ; elapsed = 00:00:00.01 . Memory (MB): peak = 3718.598 ; gain = 0.000 ; free physical = 1054 ; free virtual = 5267

Starting Physical Synthesis Task

Phase 1 Physical Synthesis Initialization
INFO: [Physopt 32-721] Multithreading enabled for phys_opt_design using a maximum of 8 CPUs
INFO: [Physopt 32-619] Estimated Timing Summary | WNS=-245.082 | TNS=-7826.136 |
Phase 1 Physical Synthesis Initialization | Checksum: 20bdd5a1f

Time (s): cpu = 00:00:07 ; elapsed = 00:00:02 . Memory (MB): peak = 3718.598 ; gain = 0.000 ; free physical = 1051 ; free virtual = 5264
INFO: [Physopt 32-619] Estimated Timing Summary | WNS=-245.082 | TNS=-7826.136 |

Phase 2 DSP Register Optimization
INFO: [Physopt 32-456] No candidate cells for DSP register optimization found in the design.
INFO: [Physopt 32-775] End 2 Pass. Optimized 0 net or cell. Created 0 new cell, deleted 0 existing cell and moved 0 existing cell
Phase 2 DSP Register Optimization | Checksum: 20bdd5a1f

Time (s): cpu = 00:00:08 ; elapsed = 00:00:02 . Memory (MB): peak = 3718.598 ; gain = 0.000 ; free physical = 1051 ; free virtual = 5265

Phase 3 Critical Path Optimization
INFO: [Physopt 32-619] Estimated Timing Summary | WNS=-245.082 | TNS=-7826.136 |
INFO: [Physopt 32-702] Processed net design_1_i/pid_controller_0/inst/design_1_i/time_calc_0/inst/velocity1__0_i_2_psdsp_n. Optimizations did not improve timing on the net.
INFO: [Physopt 32-702] Processed net design_1_i/processing_system7_0/inst/FCLK_CLK_unbuffered[0]. Optimizations did not improve timing on the net.
INFO: [Physopt 32-702] Processed net design_1_i/pid_controller_0/inst/design_1_i/initial_math_0/inst/derivative1[29]. Optimizations did not improve timing on the net.
INFO: [Physopt 32-702] Processed net design_1_i/pid_controller_0/inst/design_1_i/initial_math_0/inst/velocity1__0_i_20_n_0. Optimizations did not improve timing on the net.
INFO: [Physopt 32-702] Processed net design_1_i/pid_controller_0/inst/design_1_i/initial_math_0/inst/velocity1__0_i_25_n_0. Optimizations did not improve timing on the net.
INFO: [Physopt 32-702] Processed net design_1_i/pid_controller_0/inst/design_1_i/initial_math_0/inst/velocity1__0_i_30_n_0. Optimizations did not improve timing on the net.
INFO: [Physopt 32-702] Processed net design_1_i/pid_controller_0/inst/design_1_i/initial_math_0/inst/velocity1_i_23_n_0. Optimizations did not improve timing on the net.
INFO: [Physopt 32-702] Processed net design_1_i/pid_controller_0/inst/design_1_i/initial_math_0/inst/velocity1_i_29_n_0. Optimizations did not improve timing on the net.
INFO: [Physopt 32-702] Processed net design_1_i/pid_controller_0/inst/design_1_i/initial_math_0/inst/velocity1_i_34_n_0. Optimizations did not improve timing on the net.
INFO: [Physopt 32-702] Processed net design_1_i/pid_controller_0/inst/design_1_i/initial_math_0/inst/velocity1_i_39_n_0. Optimizations did not improve timing on the net.
INFO: [Physopt 32-662] Processed net design_1_i/pid_controller_0/inst/design_1_i/initial_math_0/inst/velocity1_i_106_n_0.  Did not re-place instance design_1_i/pid_controller_0/inst/design_1_i/initial_math_0/inst/velocity1_i_106
INFO: [Physopt 32-702] Processed net design_1_i/pid_controller_0/inst/design_1_i/initial_math_0/inst/velocity1_i_106_n_0. Optimizations did not improve timing on the net.
INFO: [Physopt 32-702] Processed net design_1_i/pid_controller_0/inst/design_1_i/initial_math_0/inst/derivative10_in[0]. Optimizations did not improve timing on the net.
INFO: [Physopt 32-702] Processed net design_1_i/pid_controller_0/inst/design_1_i/initial_math_0/inst/velocity1_i_44_n_0. Optimizations did not improve timing on the net.
INFO: [Physopt 32-702] Processed net design_1_i/pid_controller_0/inst/design_1_i/initial_math_0/inst/velocity1_i_122_n_0. Optimizations did not improve timing on the net.
INFO: [Physopt 32-702] Processed net design_1_i/pid_controller_0/inst/design_1_i/initial_math_0/inst/velocity1_i_219_n_0. Optimizations did not improve timing on the net.
INFO: [Physopt 32-702] Processed net design_1_i/pid_controller_0/inst/design_1_i/initial_math_0/inst/velocity1_i_324_n_0. Optimizations did not improve timing on the net.
INFO: [Physopt 32-702] Processed net design_1_i/pid_controller_0/inst/design_1_i/initial_math_0/inst/velocity1_i_435_n_0. Optimizations did not improve timing on the net.
INFO: [Physopt 32-702] Processed net design_1_i/pid_controller_0/inst/design_1_i/initial_math_0/inst/velocity1_i_551_n_0. Optimizations did not improve timing on the net.
INFO: [Physopt 32-702] Processed net design_1_i/pid_controller_0/inst/design_1_i/initial_math_0/inst/velocity1_i_672_n_0. Optimizations did not improve timing on the net.
INFO: [Physopt 32-702] Processed net design_1_i/pid_controller_0/inst/design_1_i/initial_math_0/inst/velocity1_i_798_n_0. Optimizations did not improve timing on the net.
INFO: [Physopt 32-702] Processed net design_1_i/pid_controller_0/inst/design_1_i/initial_math_0/inst/velocity1_i_929_n_0. Optimizations did not improve timing on the net.
INFO: [Physopt 32-702] Processed net design_1_i/pid_controller_0/inst/design_1_i/initial_math_0/inst/velocity1_i_1064_n_0. Optimizations did not improve timing on the net.
INFO: [Physopt 32-702] Processed net design_1_i/pid_controller_0/inst/design_1_i/initial_math_0/inst/velocity1_i_1200_n_0. Optimizations did not improve timing on the net.
INFO: [Physopt 32-702] Processed net design_1_i/pid_controller_0/inst/design_1_i/initial_math_0/inst/velocity1_i_1341_n_0. Optimizations did not improve timing on the net.
INFO: [Physopt 32-702] Processed net design_1_i/pid_controller_0/inst/design_1_i/initial_math_0/inst/velocity1_i_1487_n_0. Optimizations did not improve timing on the net.
INFO: [Physopt 32-702] Processed net design_1_i/pid_controller_0/inst/design_1_i/initial_math_0/inst/velocity1_i_1638_n_0. Optimizations did not improve timing on the net.
INFO: [Physopt 32-702] Processed net design_1_i/pid_controller_0/inst/design_1_i/initial_math_0/inst/velocity1_i_1794_n_0. Optimizations did not improve timing on the net.
INFO: [Physopt 32-702] Processed net design_1_i/pid_controller_0/inst/design_1_i/initial_math_0/inst/velocity1_i_1955_n_0. Optimizations did not improve timing on the net.
INFO: [Physopt 32-702] Processed net design_1_i/pid_controller_0/inst/design_1_i/initial_math_0/inst/derivative10_in[1]. Optimizations did not improve timing on the net.
INFO: [Physopt 32-702] Processed net design_1_i/pid_controller_0/inst/design_1_i/initial_math_0/inst/velocity1_i_45_n_0. Optimizations did not improve timing on the net.
INFO: [Physopt 32-702] Processed net design_1_i/pid_controller_0/inst/design_1_i/initial_math_0/inst/velocity1_i_123_n_0. Optimizations did not improve timing on the net.
INFO: [Physopt 32-702] Processed net design_1_i/pid_controller_0/inst/design_1_i/initial_math_0/inst/velocity1_i_220_n_0. Optimizations did not improve timing on the net.
INFO: [Physopt 32-702] Processed net design_1_i/pid_controller_0/inst/design_1_i/initial_math_0/inst/velocity1_i_325_n_0. Optimizations did not improve timing on the net.
INFO: [Physopt 32-702] Processed net design_1_i/pid_controller_0/inst/design_1_i/initial_math_0/inst/velocity1_i_436_n_0. Optimizations did not improve timing on the net.
INFO: [Physopt 32-702] Processed net design_1_i/pid_controller_0/inst/design_1_i/initial_math_0/inst/velocity1_i_552_n_0. Optimizations did not improve timing on the net.
INFO: [Physopt 32-702] Processed net design_1_i/pid_controller_0/inst/design_1_i/initial_math_0/inst/velocity1_i_673_n_0. Optimizations did not improve timing on the net.
INFO: [Physopt 32-702] Processed net design_1_i/pid_controller_0/inst/design_1_i/initial_math_0/inst/velocity1_i_799_n_0. Optimizations did not improve timing on the net.
INFO: [Physopt 32-702] Processed net design_1_i/pid_controller_0/inst/design_1_i/initial_math_0/inst/velocity1_i_930_n_0. Optimizations did not improve timing on the net.
INFO: [Physopt 32-702] Processed net design_1_i/pid_controller_0/inst/design_1_i/initial_math_0/inst/velocity1_i_1065_n_0. Optimizations did not improve timing on the net.
INFO: [Physopt 32-702] Processed net design_1_i/pid_controller_0/inst/design_1_i/initial_math_0/inst/velocity1_i_1201_n_0. Optimizations did not improve timing on the net.
INFO: [Physopt 32-702] Processed net design_1_i/pid_controller_0/inst/design_1_i/initial_math_0/inst/velocity1_i_1342_n_0. Optimizations did not improve timing on the net.
INFO: [Physopt 32-702] Processed net design_1_i/pid_controller_0/inst/design_1_i/initial_math_0/inst/velocity1_i_1488_n_0. Optimizations did not improve timing on the net.
INFO: [Physopt 32-702] Processed net design_1_i/pid_controller_0/inst/design_1_i/initial_math_0/inst/velocity1_i_1639_n_0. Optimizations did not improve timing on the net.
INFO: [Physopt 32-702] Processed net design_1_i/pid_controller_0/inst/design_1_i/initial_math_0/inst/velocity1_i_1795_n_0. Optimizations did not improve timing on the net.
INFO: [Physopt 32-702] Processed net design_1_i/pid_controller_0/inst/design_1_i/initial_math_0/inst/velocity1_i_1956_n_0. Optimizations did not improve timing on the net.
INFO: [Physopt 32-702] Processed net design_1_i/pid_controller_0/inst/design_1_i/initial_math_0/inst/velocity1_i_2127_n_0. Optimizations did not improve timing on the net.
INFO: [Physopt 32-702] Processed net design_1_i/pid_controller_0/inst/design_1_i/initial_math_0/inst/derivative10_in[2]. Optimizations did not improve timing on the net.
INFO: [Physopt 32-702] Processed net design_1_i/pid_controller_0/inst/design_1_i/initial_math_0/inst/velocity1_i_117_n_0. Optimizations did not improve timing on the net.
INFO: [Physopt 32-702] Processed net design_1_i/pid_controller_0/inst/design_1_i/initial_math_0/inst/velocity1_i_128_n_0. Optimizations did not improve timing on the net.
INFO: [Physopt 32-702] Processed net design_1_i/pid_controller_0/inst/design_1_i/initial_math_0/inst/velocity1_i_225_n_0. Optimizations did not improve timing on the net.
INFO: [Physopt 32-702] Processed net design_1_i/pid_controller_0/inst/design_1_i/initial_math_0/inst/velocity1_i_330_n_0. Optimizations did not improve timing on the net.
INFO: [Physopt 32-702] Processed net design_1_i/pid_controller_0/inst/design_1_i/initial_math_0/inst/velocity1_i_441_n_0. Optimizations did not improve timing on the net.
INFO: [Physopt 32-702] Processed net design_1_i/pid_controller_0/inst/design_1_i/initial_math_0/inst/velocity1_i_557_n_0. Optimizations did not improve timing on the net.
INFO: [Physopt 32-702] Processed net design_1_i/pid_controller_0/inst/design_1_i/initial_math_0/inst/velocity1_i_678_n_0. Optimizations did not improve timing on the net.
INFO: [Physopt 32-702] Processed net design_1_i/pid_controller_0/inst/design_1_i/initial_math_0/inst/velocity1_i_804_n_0. Optimizations did not improve timing on the net.
INFO: [Physopt 32-702] Processed net design_1_i/pid_controller_0/inst/design_1_i/initial_math_0/inst/velocity1_i_935_n_0. Optimizations did not improve timing on the net.
INFO: [Physopt 32-702] Processed net design_1_i/pid_controller_0/inst/design_1_i/initial_math_0/inst/velocity1_i_1070_n_0. Optimizations did not improve timing on the net.
INFO: [Physopt 32-702] Processed net design_1_i/pid_controller_0/inst/design_1_i/initial_math_0/inst/velocity1_i_1206_n_0. Optimizations did not improve timing on the net.
INFO: [Physopt 32-702] Processed net design_1_i/pid_controller_0/inst/design_1_i/initial_math_0/inst/velocity1_i_1347_n_0. Optimizations did not improve timing on the net.
INFO: [Physopt 32-702] Processed net design_1_i/pid_controller_0/inst/design_1_i/initial_math_0/inst/velocity1_i_1493_n_0. Optimizations did not improve timing on the net.
INFO: [Physopt 32-702] Processed net design_1_i/pid_controller_0/inst/design_1_i/initial_math_0/inst/velocity1_i_1644_n_0. Optimizations did not improve timing on the net.
INFO: [Physopt 32-702] Processed net design_1_i/pid_controller_0/inst/design_1_i/initial_math_0/inst/velocity1_i_1800_n_0. Optimizations did not improve timing on the net.
INFO: [Physopt 32-702] Processed net design_1_i/pid_controller_0/inst/design_1_i/initial_math_0/inst/velocity1_i_1961_n_0. Optimizations did not improve timing on the net.
INFO: [Physopt 32-702] Processed net design_1_i/pid_controller_0/inst/design_1_i/initial_math_0/inst/velocity1_i_2132_n_0. Optimizations did not improve timing on the net.
INFO: [Physopt 32-702] Processed net design_1_i/pid_controller_0/inst/design_1_i/initial_math_0/inst/derivative10_in[3]. Optimizations did not improve timing on the net.
INFO: [Physopt 32-702] Processed net design_1_i/pid_controller_0/inst/design_1_i/initial_math_0/inst/velocity1_i_114_n_0. Optimizations did not improve timing on the net.
INFO: [Physopt 32-702] Processed net design_1_i/pid_controller_0/inst/design_1_i/initial_math_0/inst/velocity1_i_210_n_0. Optimizations did not improve timing on the net.
INFO: [Physopt 32-702] Processed net design_1_i/pid_controller_0/inst/design_1_i/initial_math_0/inst/velocity1_i_231_n_0. Optimizations did not improve timing on the net.
INFO: [Physopt 32-702] Processed net design_1_i/pid_controller_0/inst/design_1_i/initial_math_0/inst/velocity1_i_336_n_0. Optimizations did not improve timing on the net.
INFO: [Physopt 32-702] Processed net design_1_i/pid_controller_0/inst/design_1_i/initial_math_0/inst/velocity1_i_447_n_0. Optimizations did not improve timing on the net.
INFO: [Physopt 32-702] Processed net design_1_i/pid_controller_0/inst/design_1_i/initial_math_0/inst/velocity1_i_563_n_0. Optimizations did not improve timing on the net.
INFO: [Physopt 32-702] Processed net design_1_i/pid_controller_0/inst/design_1_i/initial_math_0/inst/velocity1_i_684_n_0. Optimizations did not improve timing on the net.
INFO: [Physopt 32-702] Processed net design_1_i/pid_controller_0/inst/design_1_i/initial_math_0/inst/velocity1_i_810_n_0. Optimizations did not improve timing on the net.
INFO: [Physopt 32-702] Processed net design_1_i/pid_controller_0/inst/design_1_i/initial_math_0/inst/velocity1_i_941_n_0. Optimizations did not improve timing on the net.
INFO: [Physopt 32-702] Processed net design_1_i/pid_controller_0/inst/design_1_i/initial_math_0/inst/velocity1_i_1076_n_0. Optimizations did not improve timing on the net.
INFO: [Physopt 32-702] Processed net design_1_i/pid_controller_0/inst/design_1_i/initial_math_0/inst/velocity1_i_1212_n_0. Optimizations did not improve timing on the net.
INFO: [Physopt 32-702] Processed net design_1_i/pid_controller_0/inst/design_1_i/initial_math_0/inst/velocity1_i_1353_n_0. Optimizations did not improve timing on the net.
INFO: [Physopt 32-702] Processed net design_1_i/pid_controller_0/inst/design_1_i/initial_math_0/inst/velocity1_i_1499_n_0. Optimizations did not improve timing on the net.
INFO: [Physopt 32-702] Processed net design_1_i/pid_controller_0/inst/design_1_i/initial_math_0/inst/velocity1_i_1650_n_0. Optimizations did not improve timing on the net.
INFO: [Physopt 32-702] Processed net design_1_i/pid_controller_0/inst/design_1_i/initial_math_0/inst/velocity1_i_1806_n_0. Optimizations did not improve timing on the net.
INFO: [Physopt 32-702] Processed net design_1_i/pid_controller_0/inst/design_1_i/initial_math_0/inst/velocity1_i_1967_n_0. Optimizations did not improve timing on the net.
INFO: [Physopt 32-702] Processed net design_1_i/pid_controller_0/inst/design_1_i/initial_math_0/inst/velocity1_i_2140_n_0. Optimizations did not improve timing on the net.
INFO: [Physopt 32-702] Processed net design_1_i/pid_controller_0/inst/design_1_i/initial_math_0/inst/derivative10_in[4]. Optimizations did not improve timing on the net.
INFO: [Physopt 32-702] Processed net design_1_i/pid_controller_0/inst/design_1_i/initial_math_0/inst/velocity1_i_111_n_0. Optimizations did not improve timing on the net.
INFO: [Physopt 32-702] Processed net design_1_i/pid_controller_0/inst/design_1_i/initial_math_0/inst/velocity1_i_205_n_0. Optimizations did not improve timing on the net.
INFO: [Physopt 32-702] Processed net design_1_i/pid_controller_0/inst/design_1_i/initial_math_0/inst/velocity1_i_315_n_0. Optimizations did not improve timing on the net.
INFO: [Physopt 32-702] Processed net design_1_i/pid_controller_0/inst/design_1_i/initial_math_0/inst/velocity1_i_345_n_0. Optimizations did not improve timing on the net.
INFO: [Physopt 32-702] Processed net design_1_i/pid_controller_0/inst/design_1_i/initial_math_0/inst/velocity1_i_456_n_0. Optimizations did not improve timing on the net.
INFO: [Physopt 32-702] Processed net design_1_i/pid_controller_0/inst/design_1_i/initial_math_0/inst/velocity1_i_572_n_0. Optimizations did not improve timing on the net.
INFO: [Physopt 32-702] Processed net design_1_i/pid_controller_0/inst/design_1_i/initial_math_0/inst/velocity1_i_693_n_0. Optimizations did not improve timing on the net.
INFO: [Physopt 32-702] Processed net design_1_i/pid_controller_0/inst/design_1_i/initial_math_0/inst/velocity1_i_819_n_0. Optimizations did not improve timing on the net.
INFO: [Physopt 32-702] Processed net design_1_i/pid_controller_0/inst/design_1_i/initial_math_0/inst/velocity1_i_950_n_0. Optimizations did not improve timing on the net.
INFO: [Physopt 32-702] Processed net design_1_i/pid_controller_0/inst/design_1_i/initial_math_0/inst/velocity1_i_1085_n_0. Optimizations did not improve timing on the net.
INFO: [Physopt 32-702] Processed net design_1_i/pid_controller_0/inst/design_1_i/initial_math_0/inst/velocity1_i_1221_n_0. Optimizations did not improve timing on the net.
INFO: [Physopt 32-702] Processed net design_1_i/pid_controller_0/inst/design_1_i/initial_math_0/inst/velocity1_i_1362_n_0. Optimizations did not improve timing on the net.
INFO: [Physopt 32-702] Processed net design_1_i/pid_controller_0/inst/design_1_i/initial_math_0/inst/velocity1_i_1508_n_0. Optimizations did not improve timing on the net.
INFO: [Physopt 32-702] Processed net design_1_i/pid_controller_0/inst/design_1_i/initial_math_0/inst/velocity1_i_1659_n_0. Optimizations did not improve timing on the net.
INFO: [Physopt 32-702] Processed net design_1_i/pid_controller_0/inst/design_1_i/initial_math_0/inst/velocity1_i_1815_n_0. Optimizations did not improve timing on the net.
INFO: [Physopt 32-702] Processed net design_1_i/pid_controller_0/inst/design_1_i/initial_math_0/inst/velocity1_i_1976_n_0. Optimizations did not improve timing on the net.
INFO: [Physopt 32-702] Processed net design_1_i/pid_controller_0/inst/design_1_i/initial_math_0/inst/velocity1_i_2144_n_0. Optimizations did not improve timing on the net.
INFO: [Physopt 32-702] Processed net design_1_i/pid_controller_0/inst/design_1_i/initial_math_0/inst/derivative10_in[5]. Optimizations did not improve timing on the net.
INFO: [Physopt 32-702] Processed net design_1_i/pid_controller_0/inst/design_1_i/initial_math_0/inst/velocity1_i_103_n_0. Optimizations did not improve timing on the net.
INFO: [Physopt 32-702] Processed net design_1_i/pid_controller_0/inst/design_1_i/initial_math_0/inst/velocity1_i_200_n_0. Optimizations did not improve timing on the net.
INFO: [Physopt 32-702] Processed net design_1_i/pid_controller_0/inst/design_1_i/initial_math_0/inst/velocity1_i_310_n_0. Optimizations did not improve timing on the net.
INFO: [Physopt 32-702] Processed net design_1_i/pid_controller_0/inst/design_1_i/initial_math_0/inst/velocity1_i_426_n_0. Optimizations did not improve timing on the net.
INFO: [Physopt 32-702] Processed net design_1_i/pid_controller_0/inst/design_1_i/initial_math_0/inst/velocity1_i_461_n_0. Optimizations did not improve timing on the net.
INFO: [Physopt 32-702] Processed net design_1_i/pid_controller_0/inst/design_1_i/initial_math_0/inst/velocity1_i_577_n_0. Optimizations did not improve timing on the net.
INFO: [Physopt 32-702] Processed net design_1_i/pid_controller_0/inst/design_1_i/initial_math_0/inst/velocity1_i_698_n_0. Optimizations did not improve timing on the net.
INFO: [Physopt 32-702] Processed net design_1_i/pid_controller_0/inst/design_1_i/initial_math_0/inst/velocity1_i_824_n_0. Optimizations did not improve timing on the net.
INFO: [Physopt 32-702] Processed net design_1_i/pid_controller_0/inst/design_1_i/initial_math_0/inst/velocity1_i_955_n_0. Optimizations did not improve timing on the net.
INFO: [Physopt 32-702] Processed net design_1_i/pid_controller_0/inst/design_1_i/initial_math_0/inst/velocity1_i_1090_n_0. Optimizations did not improve timing on the net.
INFO: [Physopt 32-702] Processed net design_1_i/pid_controller_0/inst/design_1_i/initial_math_0/inst/velocity1_i_1226_n_0. Optimizations did not improve timing on the net.
INFO: [Physopt 32-702] Processed net design_1_i/pid_controller_0/inst/design_1_i/initial_math_0/inst/velocity1_i_1367_n_0. Optimizations did not improve timing on the net.
INFO: [Physopt 32-702] Processed net design_1_i/pid_controller_0/inst/design_1_i/initial_math_0/inst/velocity1_i_1513_n_0. Optimizations did not improve timing on the net.
INFO: [Physopt 32-702] Processed net design_1_i/pid_controller_0/inst/design_1_i/initial_math_0/inst/velocity1_i_1664_n_0. Optimizations did not improve timing on the net.
INFO: [Physopt 32-702] Processed net design_1_i/pid_controller_0/inst/design_1_i/initial_math_0/inst/velocity1_i_1820_n_0. Optimizations did not improve timing on the net.
INFO: [Physopt 32-702] Processed net design_1_i/pid_controller_0/inst/design_1_i/initial_math_0/inst/velocity1_i_1981_n_0. Optimizations did not improve timing on the net.
INFO: [Physopt 32-702] Processed net design_1_i/pid_controller_0/inst/design_1_i/initial_math_0/inst/velocity1_i_2148_n_0. Optimizations did not improve timing on the net.
INFO: [Physopt 32-702] Processed net design_1_i/pid_controller_0/inst/design_1_i/initial_math_0/inst/derivative10_in[6]. Optimizations did not improve timing on the net.
INFO: [Physopt 32-702] Processed net design_1_i/pid_controller_0/inst/design_1_i/initial_math_0/inst/velocity1_i_100_n_0. Optimizations did not improve timing on the net.
INFO: [Physopt 32-702] Processed net design_1_i/pid_controller_0/inst/design_1_i/initial_math_0/inst/velocity1_i_195_n_0. Optimizations did not improve timing on the net.
INFO: [Physopt 32-702] Processed net design_1_i/pid_controller_0/inst/design_1_i/initial_math_0/inst/velocity1_i_305_n_0. Optimizations did not improve timing on the net.
INFO: [Physopt 32-702] Processed net design_1_i/pid_controller_0/inst/design_1_i/initial_math_0/inst/velocity1_i_421_n_0. Optimizations did not improve timing on the net.
INFO: [Physopt 32-702] Processed net design_1_i/pid_controller_0/inst/design_1_i/initial_math_0/inst/velocity1_i_542_n_0. Optimizations did not improve timing on the net.
INFO: [Physopt 32-702] Processed net design_1_i/pid_controller_0/inst/design_1_i/initial_math_0/inst/velocity1_i_582_n_0. Optimizations did not improve timing on the net.
INFO: [Physopt 32-702] Processed net design_1_i/pid_controller_0/inst/design_1_i/initial_math_0/inst/velocity1_i_703_n_0. Optimizations did not improve timing on the net.
INFO: [Physopt 32-702] Processed net design_1_i/pid_controller_0/inst/design_1_i/initial_math_0/inst/velocity1_i_829_n_0. Optimizations did not improve timing on the net.
INFO: [Physopt 32-702] Processed net design_1_i/pid_controller_0/inst/design_1_i/initial_math_0/inst/velocity1_i_960_n_0. Optimizations did not improve timing on the net.
INFO: [Physopt 32-702] Processed net design_1_i/pid_controller_0/inst/design_1_i/initial_math_0/inst/velocity1_i_1095_n_0. Optimizations did not improve timing on the net.
INFO: [Physopt 32-702] Processed net design_1_i/pid_controller_0/inst/design_1_i/initial_math_0/inst/velocity1_i_1231_n_0. Optimizations did not improve timing on the net.
INFO: [Physopt 32-702] Processed net design_1_i/pid_controller_0/inst/design_1_i/initial_math_0/inst/velocity1_i_1372_n_0. Optimizations did not improve timing on the net.
INFO: [Physopt 32-702] Processed net design_1_i/pid_controller_0/inst/design_1_i/initial_math_0/inst/velocity1_i_1518_n_0. Optimizations did not improve timing on the net.
INFO: [Physopt 32-702] Processed net design_1_i/pid_controller_0/inst/design_1_i/initial_math_0/inst/velocity1_i_1669_n_0. Optimizations did not improve timing on the net.
INFO: [Physopt 32-702] Processed net design_1_i/pid_controller_0/inst/design_1_i/initial_math_0/inst/velocity1_i_1825_n_0. Optimizations did not improve timing on the net.
INFO: [Physopt 32-702] Processed net design_1_i/pid_controller_0/inst/design_1_i/initial_math_0/inst/velocity1_i_1986_n_0. Optimizations did not improve timing on the net.
INFO: [Physopt 32-702] Processed net design_1_i/pid_controller_0/inst/design_1_i/initial_math_0/inst/velocity1_i_2152_n_0. Optimizations did not improve timing on the net.
INFO: [Physopt 32-702] Processed net design_1_i/pid_controller_0/inst/design_1_i/initial_math_0/inst/derivative10_in[7]. Optimizations did not improve timing on the net.
INFO: [Physopt 32-702] Processed net design_1_i/pid_controller_0/inst/design_1_i/initial_math_0/inst/velocity1_i_97_n_0. Optimizations did not improve timing on the net.
INFO: [Physopt 32-702] Processed net design_1_i/pid_controller_0/inst/design_1_i/initial_math_0/inst/velocity1_i_190_n_0. Optimizations did not improve timing on the net.
INFO: [Physopt 32-702] Processed net design_1_i/pid_controller_0/inst/design_1_i/initial_math_0/inst/velocity1_i_300_n_0. Optimizations did not improve timing on the net.
INFO: [Physopt 32-702] Processed net design_1_i/pid_controller_0/inst/design_1_i/initial_math_0/inst/velocity1_i_416_n_0. Optimizations did not improve timing on the net.
INFO: [Physopt 32-702] Processed net design_1_i/pid_controller_0/inst/design_1_i/initial_math_0/inst/velocity1_i_537_n_0. Optimizations did not improve timing on the net.
INFO: [Physopt 32-702] Processed net design_1_i/pid_controller_0/inst/design_1_i/initial_math_0/inst/velocity1_i_663_n_0. Optimizations did not improve timing on the net.
INFO: [Physopt 32-702] Processed net design_1_i/pid_controller_0/inst/design_1_i/initial_math_0/inst/velocity1_i_708_n_0. Optimizations did not improve timing on the net.
INFO: [Physopt 32-702] Processed net design_1_i/pid_controller_0/inst/design_1_i/initial_math_0/inst/velocity1_i_834_n_0. Optimizations did not improve timing on the net.
INFO: [Physopt 32-702] Processed net design_1_i/pid_controller_0/inst/design_1_i/initial_math_0/inst/velocity1_i_965_n_0. Optimizations did not improve timing on the net.
INFO: [Physopt 32-702] Processed net design_1_i/pid_controller_0/inst/design_1_i/initial_math_0/inst/velocity1_i_1100_n_0. Optimizations did not improve timing on the net.
INFO: [Physopt 32-702] Processed net design_1_i/pid_controller_0/inst/design_1_i/initial_math_0/inst/velocity1_i_1236_n_0. Optimizations did not improve timing on the net.
INFO: [Physopt 32-702] Processed net design_1_i/pid_controller_0/inst/design_1_i/initial_math_0/inst/velocity1_i_1377_n_0. Optimizations did not improve timing on the net.
INFO: [Physopt 32-702] Processed net design_1_i/pid_controller_0/inst/design_1_i/initial_math_0/inst/velocity1_i_1523_n_0. Optimizations did not improve timing on the net.
INFO: [Physopt 32-702] Processed net design_1_i/pid_controller_0/inst/design_1_i/initial_math_0/inst/velocity1_i_1674_n_0. Optimizations did not improve timing on the net.
INFO: [Physopt 32-702] Processed net design_1_i/pid_controller_0/inst/design_1_i/initial_math_0/inst/velocity1_i_1830_n_0. Optimizations did not improve timing on the net.
INFO: [Physopt 32-702] Processed net design_1_i/pid_controller_0/inst/design_1_i/initial_math_0/inst/velocity1_i_1991_n_0. Optimizations did not improve timing on the net.
INFO: [Physopt 32-702] Processed net design_1_i/pid_controller_0/inst/design_1_i/initial_math_0/inst/velocity1_i_2156_n_0. Optimizations did not improve timing on the net.
INFO: [Physopt 32-702] Processed net design_1_i/pid_controller_0/inst/design_1_i/initial_math_0/inst/derivative10_in[8]. Optimizations did not improve timing on the net.
INFO: [Physopt 32-702] Processed net design_1_i/pid_controller_0/inst/design_1_i/initial_math_0/inst/velocity1_i_94_n_0. Optimizations did not improve timing on the net.
INFO: [Physopt 32-702] Processed net design_1_i/pid_controller_0/inst/design_1_i/initial_math_0/inst/velocity1_i_185_n_0. Optimizations did not improve timing on the net.
INFO: [Physopt 32-702] Processed net design_1_i/pid_controller_0/inst/design_1_i/initial_math_0/inst/velocity1_i_295_n_0. Optimizations did not improve timing on the net.
INFO: [Physopt 32-702] Processed net design_1_i/pid_controller_0/inst/design_1_i/initial_math_0/inst/velocity1_i_411_n_0. Optimizations did not improve timing on the net.
INFO: [Physopt 32-702] Processed net design_1_i/pid_controller_0/inst/design_1_i/initial_math_0/inst/velocity1_i_532_n_0. Optimizations did not improve timing on the net.
INFO: [Physopt 32-702] Processed net design_1_i/pid_controller_0/inst/design_1_i/initial_math_0/inst/velocity1_i_658_n_0. Optimizations did not improve timing on the net.
INFO: [Physopt 32-702] Processed net design_1_i/pid_controller_0/inst/design_1_i/initial_math_0/inst/velocity1_i_789_n_0. Optimizations did not improve timing on the net.
INFO: [Physopt 32-702] Processed net design_1_i/pid_controller_0/inst/design_1_i/initial_math_0/inst/velocity1_i_839_n_0. Optimizations did not improve timing on the net.
INFO: [Physopt 32-702] Processed net design_1_i/pid_controller_0/inst/design_1_i/initial_math_0/inst/velocity1_i_970_n_0. Optimizations did not improve timing on the net.
INFO: [Physopt 32-702] Processed net design_1_i/pid_controller_0/inst/design_1_i/initial_math_0/inst/velocity1_i_1105_n_0. Optimizations did not improve timing on the net.
INFO: [Physopt 32-702] Processed net design_1_i/pid_controller_0/inst/design_1_i/initial_math_0/inst/velocity1_i_1241_n_0. Optimizations did not improve timing on the net.
INFO: [Physopt 32-702] Processed net design_1_i/pid_controller_0/inst/design_1_i/initial_math_0/inst/velocity1_i_1382_n_0. Optimizations did not improve timing on the net.
INFO: [Physopt 32-702] Processed net design_1_i/pid_controller_0/inst/design_1_i/initial_math_0/inst/velocity1_i_1528_n_0. Optimizations did not improve timing on the net.
INFO: [Physopt 32-702] Processed net design_1_i/pid_controller_0/inst/design_1_i/initial_math_0/inst/velocity1_i_1679_n_0. Optimizations did not improve timing on the net.
INFO: [Physopt 32-702] Processed net design_1_i/pid_controller_0/inst/design_1_i/initial_math_0/inst/velocity1_i_1835_n_0. Optimizations did not improve timing on the net.
INFO: [Physopt 32-702] Processed net design_1_i/pid_controller_0/inst/design_1_i/initial_math_0/inst/velocity1_i_1996_n_0. Optimizations did not improve timing on the net.
INFO: [Physopt 32-702] Processed net design_1_i/pid_controller_0/inst/design_1_i/initial_math_0/inst/velocity1_i_2160_n_0. Optimizations did not improve timing on the net.
INFO: [Physopt 32-702] Processed net design_1_i/pid_controller_0/inst/design_1_i/initial_math_0/inst/derivative10_in[9]. Optimizations did not improve timing on the net.
INFO: [Physopt 32-702] Processed net design_1_i/pid_controller_0/inst/design_1_i/initial_math_0/inst/velocity1_i_87_n_0. Optimizations did not improve timing on the net.
INFO: [Physopt 32-702] Processed net design_1_i/pid_controller_0/inst/design_1_i/initial_math_0/inst/velocity1_i_180_n_0. Optimizations did not improve timing on the net.
INFO: [Physopt 32-702] Processed net design_1_i/pid_controller_0/inst/design_1_i/initial_math_0/inst/velocity1_i_290_n_0. Optimizations did not improve timing on the net.
INFO: [Physopt 32-702] Processed net design_1_i/pid_controller_0/inst/design_1_i/initial_math_0/inst/velocity1_i_406_n_0. Optimizations did not improve timing on the net.
INFO: [Physopt 32-702] Processed net design_1_i/pid_controller_0/inst/design_1_i/initial_math_0/inst/velocity1_i_527_n_0. Optimizations did not improve timing on the net.
INFO: [Physopt 32-702] Processed net design_1_i/pid_controller_0/inst/design_1_i/initial_math_0/inst/velocity1_i_653_n_0. Optimizations did not improve timing on the net.
INFO: [Physopt 32-702] Processed net design_1_i/pid_controller_0/inst/design_1_i/initial_math_0/inst/velocity1_i_784_n_0. Optimizations did not improve timing on the net.
INFO: [Physopt 32-702] Processed net design_1_i/pid_controller_0/inst/design_1_i/initial_math_0/inst/velocity1_i_920_n_0. Optimizations did not improve timing on the net.
INFO: [Physopt 32-702] Processed net design_1_i/pid_controller_0/inst/design_1_i/initial_math_0/inst/velocity1_i_975_n_0. Optimizations did not improve timing on the net.
INFO: [Physopt 32-702] Processed net design_1_i/pid_controller_0/inst/design_1_i/initial_math_0/inst/velocity1_i_1110_n_0. Optimizations did not improve timing on the net.
INFO: [Physopt 32-702] Processed net design_1_i/pid_controller_0/inst/design_1_i/initial_math_0/inst/velocity1_i_1246_n_0. Optimizations did not improve timing on the net.
INFO: [Physopt 32-702] Processed net design_1_i/pid_controller_0/inst/design_1_i/initial_math_0/inst/velocity1_i_1387_n_0. Optimizations did not improve timing on the net.
INFO: [Physopt 32-702] Processed net design_1_i/pid_controller_0/inst/design_1_i/initial_math_0/inst/velocity1_i_1533_n_0. Optimizations did not improve timing on the net.
INFO: [Physopt 32-702] Processed net design_1_i/pid_controller_0/inst/design_1_i/initial_math_0/inst/velocity1_i_1684_n_0. Optimizations did not improve timing on the net.
INFO: [Physopt 32-702] Processed net design_1_i/pid_controller_0/inst/design_1_i/initial_math_0/inst/velocity1_i_1840_n_0. Optimizations did not improve timing on the net.
INFO: [Physopt 32-702] Processed net design_1_i/pid_controller_0/inst/design_1_i/initial_math_0/inst/velocity1_i_2001_n_0. Optimizations did not improve timing on the net.
INFO: [Physopt 32-702] Processed net design_1_i/pid_controller_0/inst/design_1_i/initial_math_0/inst/velocity1_i_2164_n_0. Optimizations did not improve timing on the net.
INFO: [Physopt 32-702] Processed net design_1_i/pid_controller_0/inst/design_1_i/initial_math_0/inst/derivative10_in[10]. Optimizations did not improve timing on the net.
INFO: [Physopt 32-702] Processed net design_1_i/pid_controller_0/inst/design_1_i/initial_math_0/inst/velocity1_i_84_n_0. Optimizations did not improve timing on the net.
INFO: [Physopt 32-702] Processed net design_1_i/pid_controller_0/inst/design_1_i/initial_math_0/inst/velocity1_i_175_n_0. Optimizations did not improve timing on the net.
INFO: [Physopt 32-702] Processed net design_1_i/pid_controller_0/inst/design_1_i/initial_math_0/inst/velocity1_i_285_n_0. Optimizations did not improve timing on the net.
INFO: [Physopt 32-702] Processed net design_1_i/pid_controller_0/inst/design_1_i/initial_math_0/inst/velocity1_i_401_n_0. Optimizations did not improve timing on the net.
INFO: [Physopt 32-702] Processed net design_1_i/pid_controller_0/inst/design_1_i/initial_math_0/inst/velocity1_i_522_n_0. Optimizations did not improve timing on the net.
INFO: [Physopt 32-702] Processed net design_1_i/pid_controller_0/inst/design_1_i/initial_math_0/inst/velocity1_i_648_n_0. Optimizations did not improve timing on the net.
INFO: [Physopt 32-702] Processed net design_1_i/pid_controller_0/inst/design_1_i/initial_math_0/inst/velocity1_i_779_n_0. Optimizations did not improve timing on the net.
INFO: [Physopt 32-702] Processed net design_1_i/pid_controller_0/inst/design_1_i/initial_math_0/inst/velocity1_i_915_n_0. Optimizations did not improve timing on the net.
INFO: [Physopt 32-702] Processed net design_1_i/pid_controller_0/inst/design_1_i/initial_math_0/inst/velocity1_i_1055_n_0. Optimizations did not improve timing on the net.
INFO: [Physopt 32-702] Processed net design_1_i/pid_controller_0/inst/design_1_i/initial_math_0/inst/velocity1_i_1115_n_0. Optimizations did not improve timing on the net.
INFO: [Physopt 32-702] Processed net design_1_i/pid_controller_0/inst/design_1_i/initial_math_0/inst/velocity1_i_1251_n_0. Optimizations did not improve timing on the net.
INFO: [Physopt 32-702] Processed net design_1_i/pid_controller_0/inst/design_1_i/initial_math_0/inst/velocity1_i_1392_n_0. Optimizations did not improve timing on the net.
INFO: [Physopt 32-702] Processed net design_1_i/pid_controller_0/inst/design_1_i/initial_math_0/inst/velocity1_i_1538_n_0. Optimizations did not improve timing on the net.
INFO: [Physopt 32-702] Processed net design_1_i/pid_controller_0/inst/design_1_i/initial_math_0/inst/velocity1_i_1689_n_0. Optimizations did not improve timing on the net.
INFO: [Physopt 32-702] Processed net design_1_i/pid_controller_0/inst/design_1_i/initial_math_0/inst/velocity1_i_1845_n_0. Optimizations did not improve timing on the net.
INFO: [Physopt 32-702] Processed net design_1_i/pid_controller_0/inst/design_1_i/initial_math_0/inst/velocity1_i_2006_n_0. Optimizations did not improve timing on the net.
INFO: [Physopt 32-702] Processed net design_1_i/pid_controller_0/inst/design_1_i/initial_math_0/inst/velocity1_i_2168_n_0. Optimizations did not improve timing on the net.
INFO: [Physopt 32-702] Processed net design_1_i/pid_controller_0/inst/design_1_i/initial_math_0/inst/derivative10_in[11]. Optimizations did not improve timing on the net.
INFO: [Physopt 32-702] Processed net design_1_i/pid_controller_0/inst/design_1_i/initial_math_0/inst/velocity1_i_81_n_0. Optimizations did not improve timing on the net.
INFO: [Physopt 32-702] Processed net design_1_i/pid_controller_0/inst/design_1_i/initial_math_0/inst/velocity1_i_170_n_0. Optimizations did not improve timing on the net.
INFO: [Physopt 32-702] Processed net design_1_i/pid_controller_0/inst/design_1_i/initial_math_0/inst/velocity1_i_280_n_0. Optimizations did not improve timing on the net.
INFO: [Physopt 32-702] Processed net design_1_i/pid_controller_0/inst/design_1_i/initial_math_0/inst/velocity1_i_396_n_0. Optimizations did not improve timing on the net.
INFO: [Physopt 32-702] Processed net design_1_i/pid_controller_0/inst/design_1_i/initial_math_0/inst/velocity1_i_517_n_0. Optimizations did not improve timing on the net.
INFO: [Physopt 32-702] Processed net design_1_i/pid_controller_0/inst/design_1_i/initial_math_0/inst/velocity1_i_643_n_0. Optimizations did not improve timing on the net.
INFO: [Physopt 32-702] Processed net design_1_i/pid_controller_0/inst/design_1_i/initial_math_0/inst/velocity1_i_774_n_0. Optimizations did not improve timing on the net.
INFO: [Physopt 32-702] Processed net design_1_i/pid_controller_0/inst/design_1_i/initial_math_0/inst/velocity1_i_910_n_0. Optimizations did not improve timing on the net.
INFO: [Physopt 32-702] Processed net design_1_i/pid_controller_0/inst/design_1_i/initial_math_0/inst/velocity1_i_1050_n_0. Optimizations did not improve timing on the net.
INFO: [Physopt 32-702] Processed net design_1_i/pid_controller_0/inst/design_1_i/initial_math_0/inst/velocity1_i_1191_n_0. Optimizations did not improve timing on the net.
INFO: [Physopt 32-702] Processed net design_1_i/pid_controller_0/inst/design_1_i/initial_math_0/inst/velocity1_i_1256_n_0. Optimizations did not improve timing on the net.
INFO: [Physopt 32-702] Processed net design_1_i/pid_controller_0/inst/design_1_i/initial_math_0/inst/velocity1_i_1397_n_0. Optimizations did not improve timing on the net.
INFO: [Physopt 32-702] Processed net design_1_i/pid_controller_0/inst/design_1_i/initial_math_0/inst/velocity1_i_1543_n_0. Optimizations did not improve timing on the net.
INFO: [Physopt 32-702] Processed net design_1_i/pid_controller_0/inst/design_1_i/initial_math_0/inst/velocity1_i_1694_n_0. Optimizations did not improve timing on the net.
INFO: [Physopt 32-702] Processed net design_1_i/pid_controller_0/inst/design_1_i/initial_math_0/inst/velocity1_i_1850_n_0. Optimizations did not improve timing on the net.
INFO: [Physopt 32-702] Processed net design_1_i/pid_controller_0/inst/design_1_i/initial_math_0/inst/velocity1_i_2011_n_0. Optimizations did not improve timing on the net.
INFO: [Physopt 32-702] Processed net design_1_i/pid_controller_0/inst/design_1_i/initial_math_0/inst/velocity1_i_2172_n_0. Optimizations did not improve timing on the net.
INFO: [Physopt 32-702] Processed net design_1_i/pid_controller_0/inst/design_1_i/initial_math_0/inst/derivative10_in[12]. Optimizations did not improve timing on the net.
INFO: [Physopt 32-702] Processed net design_1_i/pid_controller_0/inst/design_1_i/initial_math_0/inst/velocity1_i_78_n_0. Optimizations did not improve timing on the net.
INFO: [Physopt 32-702] Processed net design_1_i/pid_controller_0/inst/design_1_i/initial_math_0/inst/velocity1_i_165_n_0. Optimizations did not improve timing on the net.
INFO: [Physopt 32-702] Processed net design_1_i/pid_controller_0/inst/design_1_i/initial_math_0/inst/velocity1_i_275_n_0. Optimizations did not improve timing on the net.
INFO: [Physopt 32-702] Processed net design_1_i/pid_controller_0/inst/design_1_i/initial_math_0/inst/velocity1_i_391_n_0. Optimizations did not improve timing on the net.
INFO: [Physopt 32-702] Processed net design_1_i/pid_controller_0/inst/design_1_i/initial_math_0/inst/velocity1_i_512_n_0. Optimizations did not improve timing on the net.
INFO: [Physopt 32-702] Processed net design_1_i/pid_controller_0/inst/design_1_i/initial_math_0/inst/velocity1_i_638_n_0. Optimizations did not improve timing on the net.
INFO: [Physopt 32-702] Processed net design_1_i/pid_controller_0/inst/design_1_i/initial_math_0/inst/velocity1_i_769_n_0. Optimizations did not improve timing on the net.
INFO: [Physopt 32-702] Processed net design_1_i/pid_controller_0/inst/design_1_i/initial_math_0/inst/velocity1_i_905_n_0. Optimizations did not improve timing on the net.
INFO: [Physopt 32-702] Processed net design_1_i/pid_controller_0/inst/design_1_i/initial_math_0/inst/velocity1_i_1045_n_0. Optimizations did not improve timing on the net.
INFO: [Physopt 32-702] Processed net design_1_i/pid_controller_0/inst/design_1_i/initial_math_0/inst/velocity1_i_1186_n_0. Optimizations did not improve timing on the net.
INFO: [Physopt 32-702] Processed net design_1_i/pid_controller_0/inst/design_1_i/initial_math_0/inst/velocity1_i_1332_n_0. Optimizations did not improve timing on the net.
INFO: [Physopt 32-702] Processed net design_1_i/pid_controller_0/inst/design_1_i/initial_math_0/inst/velocity1_i_1402_n_0. Optimizations did not improve timing on the net.
INFO: [Physopt 32-702] Processed net design_1_i/pid_controller_0/inst/design_1_i/initial_math_0/inst/velocity1_i_1548_n_0. Optimizations did not improve timing on the net.
INFO: [Physopt 32-702] Processed net design_1_i/pid_controller_0/inst/design_1_i/initial_math_0/inst/velocity1_i_1699_n_0. Optimizations did not improve timing on the net.
INFO: [Physopt 32-702] Processed net design_1_i/pid_controller_0/inst/design_1_i/initial_math_0/inst/velocity1_i_1855_n_0. Optimizations did not improve timing on the net.
INFO: [Physopt 32-702] Processed net design_1_i/pid_controller_0/inst/design_1_i/initial_math_0/inst/velocity1_i_2016_n_0. Optimizations did not improve timing on the net.
INFO: [Physopt 32-702] Processed net design_1_i/pid_controller_0/inst/design_1_i/initial_math_0/inst/velocity1_i_2176_n_0. Optimizations did not improve timing on the net.
INFO: [Physopt 32-702] Processed net design_1_i/pid_controller_0/inst/design_1_i/initial_math_0/inst/derivative10_in[13]. Optimizations did not improve timing on the net.
INFO: [Physopt 32-702] Processed net design_1_i/pid_controller_0/inst/design_1_i/initial_math_0/inst/velocity1_i_71_n_0. Optimizations did not improve timing on the net.
INFO: [Physopt 32-702] Processed net design_1_i/pid_controller_0/inst/design_1_i/initial_math_0/inst/velocity1_i_160_n_0. Optimizations did not improve timing on the net.
INFO: [Physopt 32-702] Processed net design_1_i/pid_controller_0/inst/design_1_i/initial_math_0/inst/velocity1_i_270_n_0. Optimizations did not improve timing on the net.
INFO: [Physopt 32-702] Processed net design_1_i/pid_controller_0/inst/design_1_i/initial_math_0/inst/velocity1_i_386_n_0. Optimizations did not improve timing on the net.
INFO: [Physopt 32-702] Processed net design_1_i/pid_controller_0/inst/design_1_i/initial_math_0/inst/velocity1_i_507_n_0. Optimizations did not improve timing on the net.
INFO: [Physopt 32-702] Processed net design_1_i/pid_controller_0/inst/design_1_i/initial_math_0/inst/velocity1_i_633_n_0. Optimizations did not improve timing on the net.
INFO: [Physopt 32-702] Processed net design_1_i/pid_controller_0/inst/design_1_i/initial_math_0/inst/velocity1_i_764_n_0. Optimizations did not improve timing on the net.
INFO: [Physopt 32-702] Processed net design_1_i/pid_controller_0/inst/design_1_i/initial_math_0/inst/velocity1_i_900_n_0. Optimizations did not improve timing on the net.
INFO: [Physopt 32-702] Processed net design_1_i/pid_controller_0/inst/design_1_i/initial_math_0/inst/velocity1_i_1040_n_0. Optimizations did not improve timing on the net.
INFO: [Physopt 32-702] Processed net design_1_i/pid_controller_0/inst/design_1_i/initial_math_0/inst/velocity1_i_1181_n_0. Optimizations did not improve timing on the net.
INFO: [Physopt 32-702] Processed net design_1_i/pid_controller_0/inst/design_1_i/initial_math_0/inst/velocity1_i_1327_n_0. Optimizations did not improve timing on the net.
INFO: [Physopt 32-702] Processed net design_1_i/pid_controller_0/inst/design_1_i/initial_math_0/inst/velocity1_i_1478_n_0. Optimizations did not improve timing on the net.
INFO: [Physopt 32-702] Processed net design_1_i/pid_controller_0/inst/design_1_i/initial_math_0/inst/velocity1_i_1553_n_0. Optimizations did not improve timing on the net.
INFO: [Physopt 32-702] Processed net design_1_i/pid_controller_0/inst/design_1_i/initial_math_0/inst/velocity1_i_1704_n_0. Optimizations did not improve timing on the net.
INFO: [Physopt 32-702] Processed net design_1_i/pid_controller_0/inst/design_1_i/initial_math_0/inst/velocity1_i_1860_n_0. Optimizations did not improve timing on the net.
INFO: [Physopt 32-702] Processed net design_1_i/pid_controller_0/inst/design_1_i/initial_math_0/inst/velocity1_i_2021_n_0. Optimizations did not improve timing on the net.
INFO: [Physopt 32-702] Processed net design_1_i/pid_controller_0/inst/design_1_i/initial_math_0/inst/velocity1_i_2180_n_0. Optimizations did not improve timing on the net.
INFO: [Physopt 32-702] Processed net design_1_i/pid_controller_0/inst/design_1_i/initial_math_0/inst/derivative10_in[14]. Optimizations did not improve timing on the net.
INFO: [Physopt 32-702] Processed net design_1_i/pid_controller_0/inst/design_1_i/initial_math_0/inst/velocity1_i_68_n_0. Optimizations did not improve timing on the net.
INFO: [Physopt 32-702] Processed net design_1_i/pid_controller_0/inst/design_1_i/initial_math_0/inst/velocity1_i_155_n_0. Optimizations did not improve timing on the net.
INFO: [Physopt 32-702] Processed net design_1_i/pid_controller_0/inst/design_1_i/initial_math_0/inst/velocity1_i_265_n_0. Optimizations did not improve timing on the net.
INFO: [Physopt 32-702] Processed net design_1_i/pid_controller_0/inst/design_1_i/initial_math_0/inst/velocity1_i_381_n_0. Optimizations did not improve timing on the net.
INFO: [Physopt 32-702] Processed net design_1_i/pid_controller_0/inst/design_1_i/initial_math_0/inst/velocity1_i_502_n_0. Optimizations did not improve timing on the net.
INFO: [Physopt 32-702] Processed net design_1_i/pid_controller_0/inst/design_1_i/initial_math_0/inst/velocity1_i_628_n_0. Optimizations did not improve timing on the net.
INFO: [Physopt 32-702] Processed net design_1_i/pid_controller_0/inst/design_1_i/initial_math_0/inst/velocity1_i_759_n_0. Optimizations did not improve timing on the net.
INFO: [Physopt 32-702] Processed net design_1_i/pid_controller_0/inst/design_1_i/initial_math_0/inst/velocity1_i_895_n_0. Optimizations did not improve timing on the net.
INFO: [Physopt 32-702] Processed net design_1_i/pid_controller_0/inst/design_1_i/initial_math_0/inst/velocity1_i_1035_n_0. Optimizations did not improve timing on the net.
INFO: [Physopt 32-702] Processed net design_1_i/pid_controller_0/inst/design_1_i/initial_math_0/inst/velocity1_i_1176_n_0. Optimizations did not improve timing on the net.
INFO: [Physopt 32-702] Processed net design_1_i/pid_controller_0/inst/design_1_i/initial_math_0/inst/velocity1_i_1322_n_0. Optimizations did not improve timing on the net.
INFO: [Physopt 32-702] Processed net design_1_i/pid_controller_0/inst/design_1_i/initial_math_0/inst/velocity1_i_1473_n_0. Optimizations did not improve timing on the net.
INFO: [Physopt 32-702] Processed net design_1_i/pid_controller_0/inst/design_1_i/initial_math_0/inst/velocity1_i_1629_n_0. Optimizations did not improve timing on the net.
INFO: [Physopt 32-702] Processed net design_1_i/pid_controller_0/inst/design_1_i/initial_math_0/inst/velocity1_i_1709_n_0. Optimizations did not improve timing on the net.
INFO: [Physopt 32-702] Processed net design_1_i/pid_controller_0/inst/design_1_i/initial_math_0/inst/velocity1_i_1865_n_0. Optimizations did not improve timing on the net.
INFO: [Physopt 32-702] Processed net design_1_i/pid_controller_0/inst/design_1_i/initial_math_0/inst/velocity1_i_2026_n_0. Optimizations did not improve timing on the net.
INFO: [Physopt 32-702] Processed net design_1_i/pid_controller_0/inst/design_1_i/initial_math_0/inst/velocity1_i_2184_n_0. Optimizations did not improve timing on the net.
INFO: [Physopt 32-702] Processed net design_1_i/pid_controller_0/inst/design_1_i/initial_math_0/inst/derivative10_in[15]. Optimizations did not improve timing on the net.
INFO: [Physopt 32-702] Processed net design_1_i/pid_controller_0/inst/design_1_i/initial_math_0/inst/velocity1_i_65_n_0. Optimizations did not improve timing on the net.
INFO: [Physopt 32-702] Processed net design_1_i/pid_controller_0/inst/design_1_i/initial_math_0/inst/velocity1_i_150_n_0. Optimizations did not improve timing on the net.
INFO: [Physopt 32-702] Processed net design_1_i/pid_controller_0/inst/design_1_i/initial_math_0/inst/velocity1_i_260_n_0. Optimizations did not improve timing on the net.
INFO: [Physopt 32-702] Processed net design_1_i/pid_controller_0/inst/design_1_i/initial_math_0/inst/velocity1_i_376_n_0. Optimizations did not improve timing on the net.
INFO: [Physopt 32-702] Processed net design_1_i/pid_controller_0/inst/design_1_i/initial_math_0/inst/velocity1_i_497_n_0. Optimizations did not improve timing on the net.
INFO: [Physopt 32-702] Processed net design_1_i/pid_controller_0/inst/design_1_i/initial_math_0/inst/velocity1_i_623_n_0. Optimizations did not improve timing on the net.
INFO: [Physopt 32-702] Processed net design_1_i/pid_controller_0/inst/design_1_i/initial_math_0/inst/velocity1_i_754_n_0. Optimizations did not improve timing on the net.
INFO: [Physopt 32-702] Processed net design_1_i/pid_controller_0/inst/design_1_i/initial_math_0/inst/velocity1_i_890_n_0. Optimizations did not improve timing on the net.
INFO: [Physopt 32-702] Processed net design_1_i/pid_controller_0/inst/design_1_i/initial_math_0/inst/velocity1_i_1030_n_0. Optimizations did not improve timing on the net.
INFO: [Physopt 32-702] Processed net design_1_i/pid_controller_0/inst/design_1_i/initial_math_0/inst/velocity1_i_1171_n_0. Optimizations did not improve timing on the net.
INFO: [Physopt 32-702] Processed net design_1_i/pid_controller_0/inst/design_1_i/initial_math_0/inst/velocity1_i_1317_n_0. Optimizations did not improve timing on the net.
INFO: [Physopt 32-702] Processed net design_1_i/pid_controller_0/inst/design_1_i/initial_math_0/inst/velocity1_i_1468_n_0. Optimizations did not improve timing on the net.
INFO: [Physopt 32-702] Processed net design_1_i/pid_controller_0/inst/design_1_i/initial_math_0/inst/velocity1_i_1624_n_0. Optimizations did not improve timing on the net.
INFO: [Physopt 32-702] Processed net design_1_i/pid_controller_0/inst/design_1_i/initial_math_0/inst/velocity1_i_1785_n_0. Optimizations did not improve timing on the net.
INFO: [Physopt 32-702] Processed net design_1_i/pid_controller_0/inst/design_1_i/initial_math_0/inst/velocity1_i_1870_n_0. Optimizations did not improve timing on the net.
INFO: [Physopt 32-702] Processed net design_1_i/pid_controller_0/inst/design_1_i/initial_math_0/inst/velocity1_i_2031_n_0. Optimizations did not improve timing on the net.
INFO: [Physopt 32-702] Processed net design_1_i/pid_controller_0/inst/design_1_i/initial_math_0/inst/velocity1_i_2188_n_0. Optimizations did not improve timing on the net.
INFO: [Physopt 32-702] Processed net design_1_i/pid_controller_0/inst/design_1_i/initial_math_0/inst/derivative10_in[16]. Optimizations did not improve timing on the net.
INFO: [Physopt 32-702] Processed net design_1_i/pid_controller_0/inst/design_1_i/initial_math_0/inst/velocity1_i_61_n_0. Optimizations did not improve timing on the net.
INFO: [Physopt 32-702] Processed net design_1_i/pid_controller_0/inst/design_1_i/initial_math_0/inst/velocity1_i_139_n_0. Optimizations did not improve timing on the net.
INFO: [Physopt 32-702] Processed net design_1_i/pid_controller_0/inst/design_1_i/initial_math_0/inst/velocity1_i_244_n_0. Optimizations did not improve timing on the net.
INFO: [Physopt 32-702] Processed net design_1_i/pid_controller_0/inst/design_1_i/initial_math_0/inst/velocity1_i_355_n_0. Optimizations did not improve timing on the net.
INFO: [Physopt 32-702] Processed net design_1_i/pid_controller_0/inst/design_1_i/initial_math_0/inst/velocity1_i_471_n_0. Optimizations did not improve timing on the net.
INFO: [Physopt 32-702] Processed net design_1_i/pid_controller_0/inst/design_1_i/initial_math_0/inst/velocity1_i_592_n_0. Optimizations did not improve timing on the net.
INFO: [Physopt 32-702] Processed net design_1_i/pid_controller_0/inst/design_1_i/initial_math_0/inst/velocity1_i_718_n_0. Optimizations did not improve timing on the net.
INFO: [Physopt 32-702] Processed net design_1_i/pid_controller_0/inst/design_1_i/initial_math_0/inst/velocity1_i_849_n_0. Optimizations did not improve timing on the net.
INFO: [Physopt 32-702] Processed net design_1_i/pid_controller_0/inst/design_1_i/initial_math_0/inst/velocity1_i_984_n_0. Optimizations did not improve timing on the net.
INFO: [Physopt 32-702] Processed net design_1_i/pid_controller_0/inst/design_1_i/initial_math_0/inst/velocity1_i_1120_n_0. Optimizations did not improve timing on the net.
INFO: [Physopt 32-702] Processed net design_1_i/pid_controller_0/inst/design_1_i/initial_math_0/inst/velocity1_i_1261_n_0. Optimizations did not improve timing on the net.
INFO: [Physopt 32-702] Processed net design_1_i/pid_controller_0/inst/design_1_i/initial_math_0/inst/velocity1_i_1407_n_0. Optimizations did not improve timing on the net.
INFO: [Physopt 32-702] Processed net design_1_i/pid_controller_0/inst/design_1_i/initial_math_0/inst/velocity1_i_1558_n_0. Optimizations did not improve timing on the net.
INFO: [Physopt 32-702] Processed net design_1_i/pid_controller_0/inst/design_1_i/initial_math_0/inst/velocity1_i_1714_n_0. Optimizations did not improve timing on the net.
INFO: [Physopt 32-702] Processed net design_1_i/pid_controller_0/inst/design_1_i/initial_math_0/inst/velocity1_i_1875_n_0. Optimizations did not improve timing on the net.
INFO: [Physopt 32-702] Processed net design_1_i/pid_controller_0/inst/design_1_i/initial_math_0/inst/velocity1_i_2036_n_0. Optimizations did not improve timing on the net.
INFO: [Physopt 32-702] Processed net design_1_i/pid_controller_0/inst/design_1_i/initial_math_0/inst/velocity1_i_2192_n_0. Optimizations did not improve timing on the net.
INFO: [Physopt 32-702] Processed net design_1_i/pid_controller_0/inst/design_1_i/initial_math_0/inst/derivative10_in[17]. Optimizations did not improve timing on the net.
INFO: [Physopt 32-702] Processed net design_1_i/pid_controller_0/inst/design_1_i/initial_math_0/inst/velocity1_i_62_n_0. Optimizations did not improve timing on the net.
INFO: [Physopt 32-702] Processed net design_1_i/pid_controller_0/inst/design_1_i/initial_math_0/inst/velocity1_i_140_n_0. Optimizations did not improve timing on the net.
INFO: [Physopt 32-702] Processed net design_1_i/pid_controller_0/inst/design_1_i/initial_math_0/inst/velocity1_i_245_n_0. Optimizations did not improve timing on the net.
INFO: [Physopt 32-702] Processed net design_1_i/pid_controller_0/inst/design_1_i/initial_math_0/inst/velocity1_i_356_n_0. Optimizations did not improve timing on the net.
INFO: [Physopt 32-702] Processed net design_1_i/pid_controller_0/inst/design_1_i/initial_math_0/inst/velocity1_i_472_n_0. Optimizations did not improve timing on the net.
INFO: [Physopt 32-702] Processed net design_1_i/pid_controller_0/inst/design_1_i/initial_math_0/inst/velocity1_i_593_n_0. Optimizations did not improve timing on the net.
INFO: [Physopt 32-702] Processed net design_1_i/pid_controller_0/inst/design_1_i/initial_math_0/inst/velocity1_i_719_n_0. Optimizations did not improve timing on the net.
INFO: [Physopt 32-702] Processed net design_1_i/pid_controller_0/inst/design_1_i/initial_math_0/inst/velocity1_i_850_n_0. Optimizations did not improve timing on the net.
INFO: [Physopt 32-702] Processed net design_1_i/pid_controller_0/inst/design_1_i/initial_math_0/inst/velocity1_i_985_n_0. Optimizations did not improve timing on the net.
INFO: [Physopt 32-702] Processed net design_1_i/pid_controller_0/inst/design_1_i/initial_math_0/inst/velocity1_i_1121_n_0. Optimizations did not improve timing on the net.
INFO: [Physopt 32-702] Processed net design_1_i/pid_controller_0/inst/design_1_i/initial_math_0/inst/velocity1_i_1262_n_0. Optimizations did not improve timing on the net.
INFO: [Physopt 32-702] Processed net design_1_i/pid_controller_0/inst/design_1_i/initial_math_0/inst/velocity1_i_1408_n_0. Optimizations did not improve timing on the net.
INFO: [Physopt 32-702] Processed net design_1_i/pid_controller_0/inst/design_1_i/initial_math_0/inst/velocity1_i_1559_n_0. Optimizations did not improve timing on the net.
INFO: [Physopt 32-702] Processed net design_1_i/pid_controller_0/inst/design_1_i/initial_math_0/inst/velocity1_i_1715_n_0. Optimizations did not improve timing on the net.
INFO: [Physopt 32-702] Processed net design_1_i/pid_controller_0/inst/design_1_i/initial_math_0/inst/velocity1_i_1876_n_0. Optimizations did not improve timing on the net.
INFO: [Physopt 32-702] Processed net design_1_i/pid_controller_0/inst/design_1_i/initial_math_0/inst/velocity1_i_2041_n_0. Optimizations did not improve timing on the net.
INFO: [Physopt 32-702] Processed net design_1_i/pid_controller_0/inst/design_1_i/initial_math_0/inst/velocity1_i_2196_n_0. Optimizations did not improve timing on the net.
INFO: [Physopt 32-702] Processed net design_1_i/pid_controller_0/inst/design_1_i/initial_math_0/inst/derivative10_in[18]. Optimizations did not improve timing on the net.
INFO: [Physopt 32-702] Processed net design_1_i/pid_controller_0/inst/design_1_i/initial_math_0/inst/velocity1__0_i_91_n_0. Optimizations did not improve timing on the net.
INFO: [Physopt 32-702] Processed net design_1_i/pid_controller_0/inst/design_1_i/initial_math_0/inst/velocity1_i_145_n_0. Optimizations did not improve timing on the net.
INFO: [Physopt 32-702] Processed net design_1_i/pid_controller_0/inst/design_1_i/initial_math_0/inst/velocity1_i_250_n_0. Optimizations did not improve timing on the net.
INFO: [Physopt 32-702] Processed net design_1_i/pid_controller_0/inst/design_1_i/initial_math_0/inst/velocity1_i_361_n_0. Optimizations did not improve timing on the net.
INFO: [Physopt 32-702] Processed net design_1_i/pid_controller_0/inst/design_1_i/initial_math_0/inst/velocity1_i_477_n_0. Optimizations did not improve timing on the net.
INFO: [Physopt 32-702] Processed net design_1_i/pid_controller_0/inst/design_1_i/initial_math_0/inst/velocity1_i_598_n_0. Optimizations did not improve timing on the net.
INFO: [Physopt 32-702] Processed net design_1_i/pid_controller_0/inst/design_1_i/initial_math_0/inst/velocity1_i_724_n_0. Optimizations did not improve timing on the net.
INFO: [Physopt 32-702] Processed net design_1_i/pid_controller_0/inst/design_1_i/initial_math_0/inst/velocity1_i_855_n_0. Optimizations did not improve timing on the net.
INFO: [Physopt 32-702] Processed net design_1_i/pid_controller_0/inst/design_1_i/initial_math_0/inst/velocity1_i_990_n_0. Optimizations did not improve timing on the net.
INFO: [Physopt 32-702] Processed net design_1_i/pid_controller_0/inst/design_1_i/initial_math_0/inst/velocity1_i_1126_n_0. Optimizations did not improve timing on the net.
INFO: [Physopt 32-702] Processed net design_1_i/pid_controller_0/inst/design_1_i/initial_math_0/inst/velocity1_i_1267_n_0. Optimizations did not improve timing on the net.
INFO: [Physopt 32-702] Processed net design_1_i/pid_controller_0/inst/design_1_i/initial_math_0/inst/velocity1_i_1413_n_0. Optimizations did not improve timing on the net.
INFO: [Physopt 32-702] Processed net design_1_i/pid_controller_0/inst/design_1_i/initial_math_0/inst/velocity1_i_1564_n_0. Optimizations did not improve timing on the net.
INFO: [Physopt 32-702] Processed net design_1_i/pid_controller_0/inst/design_1_i/initial_math_0/inst/velocity1_i_1720_n_0. Optimizations did not improve timing on the net.
INFO: [Physopt 32-702] Processed net design_1_i/pid_controller_0/inst/design_1_i/initial_math_0/inst/velocity1_i_1881_n_0. Optimizations did not improve timing on the net.
INFO: [Physopt 32-702] Processed net design_1_i/pid_controller_0/inst/design_1_i/initial_math_0/inst/velocity1_i_2046_n_0. Optimizations did not improve timing on the net.
INFO: [Physopt 32-702] Processed net design_1_i/pid_controller_0/inst/design_1_i/initial_math_0/inst/velocity1_i_2200_n_0. Optimizations did not improve timing on the net.
INFO: [Physopt 32-702] Processed net design_1_i/pid_controller_0/inst/design_1_i/initial_math_0/inst/derivative10_in[19]. Optimizations did not improve timing on the net.
INFO: [Physopt 32-702] Processed net design_1_i/pid_controller_0/inst/design_1_i/initial_math_0/inst/velocity1__0_i_88_n_0. Optimizations did not improve timing on the net.
INFO: [Physopt 32-702] Processed net design_1_i/pid_controller_0/inst/design_1_i/initial_math_0/inst/velocity1__0_i_166_n_0. Optimizations did not improve timing on the net.
INFO: [Physopt 32-702] Processed net design_1_i/pid_controller_0/inst/design_1_i/initial_math_0/inst/velocity1_i_255_n_0. Optimizations did not improve timing on the net.
INFO: [Physopt 32-702] Processed net design_1_i/pid_controller_0/inst/design_1_i/initial_math_0/inst/velocity1_i_366_n_0. Optimizations did not improve timing on the net.
INFO: [Physopt 32-702] Processed net design_1_i/pid_controller_0/inst/design_1_i/initial_math_0/inst/velocity1_i_482_n_0. Optimizations did not improve timing on the net.
INFO: [Physopt 32-702] Processed net design_1_i/pid_controller_0/inst/design_1_i/initial_math_0/inst/velocity1_i_603_n_0. Optimizations did not improve timing on the net.
INFO: [Physopt 32-702] Processed net design_1_i/pid_controller_0/inst/design_1_i/initial_math_0/inst/velocity1_i_729_n_0. Optimizations did not improve timing on the net.
INFO: [Physopt 32-702] Processed net design_1_i/pid_controller_0/inst/design_1_i/initial_math_0/inst/velocity1_i_860_n_0. Optimizations did not improve timing on the net.
INFO: [Physopt 32-702] Processed net design_1_i/pid_controller_0/inst/design_1_i/initial_math_0/inst/velocity1_i_995_n_0. Optimizations did not improve timing on the net.
INFO: [Physopt 32-702] Processed net design_1_i/pid_controller_0/inst/design_1_i/initial_math_0/inst/velocity1_i_1131_n_0. Optimizations did not improve timing on the net.
INFO: [Physopt 32-702] Processed net design_1_i/pid_controller_0/inst/design_1_i/initial_math_0/inst/velocity1_i_1272_n_0. Optimizations did not improve timing on the net.
INFO: [Physopt 32-702] Processed net design_1_i/pid_controller_0/inst/design_1_i/initial_math_0/inst/velocity1_i_1418_n_0. Optimizations did not improve timing on the net.
INFO: [Physopt 32-702] Processed net design_1_i/pid_controller_0/inst/design_1_i/initial_math_0/inst/velocity1_i_1569_n_0. Optimizations did not improve timing on the net.
INFO: [Physopt 32-702] Processed net design_1_i/pid_controller_0/inst/design_1_i/initial_math_0/inst/velocity1_i_1725_n_0. Optimizations did not improve timing on the net.
INFO: [Physopt 32-702] Processed net design_1_i/pid_controller_0/inst/design_1_i/initial_math_0/inst/velocity1_i_1886_n_0. Optimizations did not improve timing on the net.
INFO: [Physopt 32-702] Processed net design_1_i/pid_controller_0/inst/design_1_i/initial_math_0/inst/velocity1_i_2051_n_0. Optimizations did not improve timing on the net.
INFO: [Physopt 32-702] Processed net design_1_i/pid_controller_0/inst/design_1_i/initial_math_0/inst/velocity1_i_2204_n_0. Optimizations did not improve timing on the net.
INFO: [Physopt 32-702] Processed net design_1_i/pid_controller_0/inst/design_1_i/initial_math_0/inst/derivative10_in[20]. Optimizations did not improve timing on the net.
INFO: [Physopt 32-702] Processed net design_1_i/pid_controller_0/inst/design_1_i/initial_math_0/inst/velocity1__0_i_85_n_0. Optimizations did not improve timing on the net.
INFO: [Physopt 32-702] Processed net design_1_i/pid_controller_0/inst/design_1_i/initial_math_0/inst/velocity1__0_i_161_n_0. Optimizations did not improve timing on the net.
INFO: [Physopt 32-702] Processed net design_1_i/pid_controller_0/inst/design_1_i/initial_math_0/inst/velocity1__0_i_250_n_0. Optimizations did not improve timing on the net.
INFO: [Physopt 32-702] Processed net design_1_i/pid_controller_0/inst/design_1_i/initial_math_0/inst/velocity1_i_371_n_0. Optimizations did not improve timing on the net.
INFO: [Physopt 32-702] Processed net design_1_i/pid_controller_0/inst/design_1_i/initial_math_0/inst/velocity1_i_487_n_0. Optimizations did not improve timing on the net.
INFO: [Physopt 32-702] Processed net design_1_i/pid_controller_0/inst/design_1_i/initial_math_0/inst/velocity1_i_608_n_0. Optimizations did not improve timing on the net.
INFO: [Physopt 32-702] Processed net design_1_i/pid_controller_0/inst/design_1_i/initial_math_0/inst/velocity1_i_734_n_0. Optimizations did not improve timing on the net.
INFO: [Physopt 32-702] Processed net design_1_i/pid_controller_0/inst/design_1_i/initial_math_0/inst/velocity1_i_865_n_0. Optimizations did not improve timing on the net.
INFO: [Physopt 32-702] Processed net design_1_i/pid_controller_0/inst/design_1_i/initial_math_0/inst/velocity1_i_1000_n_0. Optimizations did not improve timing on the net.
INFO: [Physopt 32-702] Processed net design_1_i/pid_controller_0/inst/design_1_i/initial_math_0/inst/velocity1_i_1136_n_0. Optimizations did not improve timing on the net.
INFO: [Physopt 32-702] Processed net design_1_i/pid_controller_0/inst/design_1_i/initial_math_0/inst/velocity1_i_1277_n_0. Optimizations did not improve timing on the net.
INFO: [Physopt 32-702] Processed net design_1_i/pid_controller_0/inst/design_1_i/initial_math_0/inst/velocity1_i_1423_n_0. Optimizations did not improve timing on the net.
INFO: [Physopt 32-702] Processed net design_1_i/pid_controller_0/inst/design_1_i/initial_math_0/inst/velocity1_i_1574_n_0. Optimizations did not improve timing on the net.
INFO: [Physopt 32-702] Processed net design_1_i/pid_controller_0/inst/design_1_i/initial_math_0/inst/velocity1_i_1730_n_0. Optimizations did not improve timing on the net.
INFO: [Physopt 32-702] Processed net design_1_i/pid_controller_0/inst/design_1_i/initial_math_0/inst/velocity1_i_1891_n_0. Optimizations did not improve timing on the net.
INFO: [Physopt 32-702] Processed net design_1_i/pid_controller_0/inst/design_1_i/initial_math_0/inst/velocity1_i_2056_n_0. Optimizations did not improve timing on the net.
INFO: [Physopt 32-702] Processed net design_1_i/pid_controller_0/inst/design_1_i/initial_math_0/inst/velocity1_i_2208_n_0. Optimizations did not improve timing on the net.
INFO: [Physopt 32-702] Processed net design_1_i/pid_controller_0/inst/design_1_i/initial_math_0/inst/derivative10_in[21]. Optimizations did not improve timing on the net.
INFO: [Physopt 32-702] Processed net design_1_i/pid_controller_0/inst/design_1_i/initial_math_0/inst/velocity1__0_i_78_n_0. Optimizations did not improve timing on the net.
INFO: [Physopt 32-702] Processed net design_1_i/pid_controller_0/inst/design_1_i/initial_math_0/inst/velocity1__0_i_156_n_0. Optimizations did not improve timing on the net.
INFO: [Physopt 32-702] Processed net design_1_i/pid_controller_0/inst/design_1_i/initial_math_0/inst/velocity1__0_i_245_n_0. Optimizations did not improve timing on the net.
INFO: [Physopt 32-702] Processed net design_1_i/pid_controller_0/inst/design_1_i/initial_math_0/inst/velocity1__0_i_339_n_0. Optimizations did not improve timing on the net.
INFO: [Physopt 32-702] Processed net design_1_i/pid_controller_0/inst/design_1_i/initial_math_0/inst/velocity1_i_492_n_0. Optimizations did not improve timing on the net.
INFO: [Physopt 32-702] Processed net design_1_i/pid_controller_0/inst/design_1_i/initial_math_0/inst/velocity1_i_613_n_0. Optimizations did not improve timing on the net.
INFO: [Physopt 32-702] Processed net design_1_i/pid_controller_0/inst/design_1_i/initial_math_0/inst/velocity1_i_739_n_0. Optimizations did not improve timing on the net.
INFO: [Physopt 32-702] Processed net design_1_i/pid_controller_0/inst/design_1_i/initial_math_0/inst/velocity1_i_870_n_0. Optimizations did not improve timing on the net.
INFO: [Physopt 32-702] Processed net design_1_i/pid_controller_0/inst/design_1_i/initial_math_0/inst/velocity1_i_1005_n_0. Optimizations did not improve timing on the net.
INFO: [Physopt 32-702] Processed net design_1_i/pid_controller_0/inst/design_1_i/initial_math_0/inst/velocity1_i_1141_n_0. Optimizations did not improve timing on the net.
INFO: [Physopt 32-702] Processed net design_1_i/pid_controller_0/inst/design_1_i/initial_math_0/inst/velocity1_i_1282_n_0. Optimizations did not improve timing on the net.
INFO: [Physopt 32-702] Processed net design_1_i/pid_controller_0/inst/design_1_i/initial_math_0/inst/velocity1_i_1428_n_0. Optimizations did not improve timing on the net.
INFO: [Physopt 32-702] Processed net design_1_i/pid_controller_0/inst/design_1_i/initial_math_0/inst/velocity1_i_1579_n_0. Optimizations did not improve timing on the net.
INFO: [Physopt 32-702] Processed net design_1_i/pid_controller_0/inst/design_1_i/initial_math_0/inst/velocity1_i_1735_n_0. Optimizations did not improve timing on the net.
INFO: [Physopt 32-702] Processed net design_1_i/pid_controller_0/inst/design_1_i/initial_math_0/inst/velocity1_i_1896_n_0. Optimizations did not improve timing on the net.
INFO: [Physopt 32-702] Processed net design_1_i/pid_controller_0/inst/design_1_i/initial_math_0/inst/velocity1_i_2061_n_0. Optimizations did not improve timing on the net.
INFO: [Physopt 32-702] Processed net design_1_i/pid_controller_0/inst/design_1_i/initial_math_0/inst/velocity1_i_2212_n_0. Optimizations did not improve timing on the net.
INFO: [Physopt 32-702] Processed net design_1_i/pid_controller_0/inst/design_1_i/initial_math_0/inst/derivative10_in[22]. Optimizations did not improve timing on the net.
INFO: [Physopt 32-702] Processed net design_1_i/pid_controller_0/inst/design_1_i/initial_math_0/inst/velocity1__0_i_75_n_0. Optimizations did not improve timing on the net.
INFO: [Physopt 32-702] Processed net design_1_i/pid_controller_0/inst/design_1_i/initial_math_0/inst/velocity1__0_i_151_n_0. Optimizations did not improve timing on the net.
INFO: [Physopt 32-702] Processed net design_1_i/pid_controller_0/inst/design_1_i/initial_math_0/inst/velocity1__0_i_240_n_0. Optimizations did not improve timing on the net.
INFO: [Physopt 32-702] Processed net design_1_i/pid_controller_0/inst/design_1_i/initial_math_0/inst/velocity1__0_i_334_n_0. Optimizations did not improve timing on the net.
INFO: [Physopt 32-702] Processed net design_1_i/pid_controller_0/inst/design_1_i/initial_math_0/inst/velocity1__0_i_433_n_0. Optimizations did not improve timing on the net.
INFO: [Physopt 32-702] Processed net design_1_i/pid_controller_0/inst/design_1_i/initial_math_0/inst/velocity1_i_618_n_0. Optimizations did not improve timing on the net.
INFO: [Physopt 32-702] Processed net design_1_i/pid_controller_0/inst/design_1_i/initial_math_0/inst/velocity1_i_744_n_0. Optimizations did not improve timing on the net.
INFO: [Physopt 32-702] Processed net design_1_i/pid_controller_0/inst/design_1_i/initial_math_0/inst/velocity1_i_875_n_0. Optimizations did not improve timing on the net.
INFO: [Physopt 32-702] Processed net design_1_i/pid_controller_0/inst/design_1_i/initial_math_0/inst/velocity1_i_1010_n_0. Optimizations did not improve timing on the net.
INFO: [Physopt 32-702] Processed net design_1_i/pid_controller_0/inst/design_1_i/initial_math_0/inst/velocity1_i_1146_n_0. Optimizations did not improve timing on the net.
INFO: [Physopt 32-702] Processed net design_1_i/pid_controller_0/inst/design_1_i/initial_math_0/inst/velocity1_i_1287_n_0. Optimizations did not improve timing on the net.
INFO: [Physopt 32-702] Processed net design_1_i/pid_controller_0/inst/design_1_i/initial_math_0/inst/velocity1_i_1433_n_0. Optimizations did not improve timing on the net.
INFO: [Physopt 32-702] Processed net design_1_i/pid_controller_0/inst/design_1_i/initial_math_0/inst/velocity1_i_1584_n_0. Optimizations did not improve timing on the net.
INFO: [Physopt 32-702] Processed net design_1_i/pid_controller_0/inst/design_1_i/initial_math_0/inst/velocity1_i_1740_n_0. Optimizations did not improve timing on the net.
INFO: [Physopt 32-702] Processed net design_1_i/pid_controller_0/inst/design_1_i/initial_math_0/inst/velocity1_i_1901_n_0. Optimizations did not improve timing on the net.
INFO: [Physopt 32-702] Processed net design_1_i/pid_controller_0/inst/design_1_i/initial_math_0/inst/velocity1_i_2066_n_0. Optimizations did not improve timing on the net.
INFO: [Physopt 32-702] Processed net design_1_i/pid_controller_0/inst/design_1_i/initial_math_0/inst/velocity1_i_2216_n_0. Optimizations did not improve timing on the net.
INFO: [Physopt 32-702] Processed net design_1_i/pid_controller_0/inst/design_1_i/initial_math_0/inst/derivative10_in[23]. Optimizations did not improve timing on the net.
INFO: [Physopt 32-702] Processed net design_1_i/pid_controller_0/inst/design_1_i/initial_math_0/inst/velocity1__0_i_72_n_0. Optimizations did not improve timing on the net.
INFO: [Physopt 32-702] Processed net design_1_i/pid_controller_0/inst/design_1_i/initial_math_0/inst/velocity1__0_i_146_n_0. Optimizations did not improve timing on the net.
INFO: [Physopt 32-702] Processed net design_1_i/pid_controller_0/inst/design_1_i/initial_math_0/inst/velocity1__0_i_235_n_0. Optimizations did not improve timing on the net.
INFO: [Physopt 32-702] Processed net design_1_i/pid_controller_0/inst/design_1_i/initial_math_0/inst/velocity1__0_i_329_n_0. Optimizations did not improve timing on the net.
INFO: [Physopt 32-702] Processed net design_1_i/pid_controller_0/inst/design_1_i/initial_math_0/inst/velocity1__0_i_428_n_0. Optimizations did not improve timing on the net.
INFO: [Physopt 32-702] Processed net design_1_i/pid_controller_0/inst/design_1_i/initial_math_0/inst/velocity1__0_i_532_n_0. Optimizations did not improve timing on the net.
INFO: [Physopt 32-702] Processed net design_1_i/pid_controller_0/inst/design_1_i/initial_math_0/inst/velocity1_i_749_n_0. Optimizations did not improve timing on the net.
INFO: [Physopt 32-702] Processed net design_1_i/pid_controller_0/inst/design_1_i/initial_math_0/inst/velocity1_i_880_n_0. Optimizations did not improve timing on the net.
INFO: [Physopt 32-702] Processed net design_1_i/pid_controller_0/inst/design_1_i/initial_math_0/inst/velocity1_i_1015_n_0. Optimizations did not improve timing on the net.
INFO: [Physopt 32-702] Processed net design_1_i/pid_controller_0/inst/design_1_i/initial_math_0/inst/velocity1_i_1151_n_0. Optimizations did not improve timing on the net.
INFO: [Physopt 32-702] Processed net design_1_i/pid_controller_0/inst/design_1_i/initial_math_0/inst/velocity1_i_1292_n_0. Optimizations did not improve timing on the net.
INFO: [Physopt 32-702] Processed net design_1_i/pid_controller_0/inst/design_1_i/initial_math_0/inst/velocity1_i_1438_n_0. Optimizations did not improve timing on the net.
INFO: [Physopt 32-702] Processed net design_1_i/pid_controller_0/inst/design_1_i/initial_math_0/inst/velocity1_i_1589_n_0. Optimizations did not improve timing on the net.
INFO: [Physopt 32-702] Processed net design_1_i/pid_controller_0/inst/design_1_i/initial_math_0/inst/velocity1_i_1745_n_0. Optimizations did not improve timing on the net.
INFO: [Physopt 32-702] Processed net design_1_i/pid_controller_0/inst/design_1_i/initial_math_0/inst/velocity1_i_1906_n_0. Optimizations did not improve timing on the net.
INFO: [Physopt 32-702] Processed net design_1_i/pid_controller_0/inst/design_1_i/initial_math_0/inst/velocity1_i_2071_n_0. Optimizations did not improve timing on the net.
INFO: [Physopt 32-702] Processed net design_1_i/pid_controller_0/inst/design_1_i/initial_math_0/inst/velocity1_i_2220_n_0. Optimizations did not improve timing on the net.
INFO: [Physopt 32-702] Processed net design_1_i/pid_controller_0/inst/design_1_i/initial_math_0/inst/derivative10_in[24]. Optimizations did not improve timing on the net.
INFO: [Physopt 32-702] Processed net design_1_i/pid_controller_0/inst/design_1_i/initial_math_0/inst/velocity1__0_i_69_n_0. Optimizations did not improve timing on the net.
INFO: [Physopt 32-702] Processed net design_1_i/pid_controller_0/inst/design_1_i/initial_math_0/inst/velocity1__0_i_141_n_0. Optimizations did not improve timing on the net.
INFO: [Physopt 32-702] Processed net design_1_i/pid_controller_0/inst/design_1_i/initial_math_0/inst/velocity1__0_i_230_n_0. Optimizations did not improve timing on the net.
INFO: [Physopt 32-702] Processed net design_1_i/pid_controller_0/inst/design_1_i/initial_math_0/inst/velocity1__0_i_324_n_0. Optimizations did not improve timing on the net.
INFO: [Physopt 32-702] Processed net design_1_i/pid_controller_0/inst/design_1_i/initial_math_0/inst/velocity1__0_i_423_n_0. Optimizations did not improve timing on the net.
INFO: [Physopt 32-702] Processed net design_1_i/pid_controller_0/inst/design_1_i/initial_math_0/inst/velocity1__0_i_527_n_0. Optimizations did not improve timing on the net.
INFO: [Physopt 32-702] Processed net design_1_i/pid_controller_0/inst/design_1_i/initial_math_0/inst/velocity1__0_i_636_n_0. Optimizations did not improve timing on the net.
INFO: [Physopt 32-702] Processed net design_1_i/pid_controller_0/inst/design_1_i/initial_math_0/inst/velocity1_i_885_n_0. Optimizations did not improve timing on the net.
INFO: [Physopt 32-702] Processed net design_1_i/pid_controller_0/inst/design_1_i/initial_math_0/inst/velocity1_i_1020_n_0. Optimizations did not improve timing on the net.
INFO: [Physopt 32-702] Processed net design_1_i/pid_controller_0/inst/design_1_i/initial_math_0/inst/velocity1_i_1156_n_0. Optimizations did not improve timing on the net.
INFO: [Physopt 32-702] Processed net design_1_i/pid_controller_0/inst/design_1_i/initial_math_0/inst/velocity1_i_1297_n_0. Optimizations did not improve timing on the net.
INFO: [Physopt 32-702] Processed net design_1_i/pid_controller_0/inst/design_1_i/initial_math_0/inst/velocity1_i_1443_n_0. Optimizations did not improve timing on the net.
INFO: [Physopt 32-702] Processed net design_1_i/pid_controller_0/inst/design_1_i/initial_math_0/inst/velocity1_i_1594_n_0. Optimizations did not improve timing on the net.
INFO: [Physopt 32-702] Processed net design_1_i/pid_controller_0/inst/design_1_i/initial_math_0/inst/velocity1_i_1750_n_0. Optimizations did not improve timing on the net.
INFO: [Physopt 32-702] Processed net design_1_i/pid_controller_0/inst/design_1_i/initial_math_0/inst/velocity1_i_1911_n_0. Optimizations did not improve timing on the net.
INFO: [Physopt 32-702] Processed net design_1_i/pid_controller_0/inst/design_1_i/initial_math_0/inst/velocity1_i_2076_n_0. Optimizations did not improve timing on the net.
INFO: [Physopt 32-702] Processed net design_1_i/pid_controller_0/inst/design_1_i/initial_math_0/inst/velocity1_i_2224_n_0. Optimizations did not improve timing on the net.
INFO: [Physopt 32-702] Processed net design_1_i/pid_controller_0/inst/design_1_i/initial_math_0/inst/derivative10_in[25]. Optimizations did not improve timing on the net.
INFO: [Physopt 32-702] Processed net design_1_i/pid_controller_0/inst/design_1_i/initial_math_0/inst/velocity1__0_i_62_n_0. Optimizations did not improve timing on the net.
INFO: [Physopt 32-702] Processed net design_1_i/pid_controller_0/inst/design_1_i/initial_math_0/inst/velocity1__0_i_136_n_0. Optimizations did not improve timing on the net.
INFO: [Physopt 32-702] Processed net design_1_i/pid_controller_0/inst/design_1_i/initial_math_0/inst/velocity1__0_i_225_n_0. Optimizations did not improve timing on the net.
INFO: [Physopt 32-702] Processed net design_1_i/pid_controller_0/inst/design_1_i/initial_math_0/inst/velocity1__0_i_319_n_0. Optimizations did not improve timing on the net.
INFO: [Physopt 32-702] Processed net design_1_i/pid_controller_0/inst/design_1_i/initial_math_0/inst/velocity1__0_i_418_n_0. Optimizations did not improve timing on the net.
INFO: [Physopt 32-702] Processed net design_1_i/pid_controller_0/inst/design_1_i/initial_math_0/inst/velocity1__0_i_522_n_0. Optimizations did not improve timing on the net.
INFO: [Physopt 32-702] Processed net design_1_i/pid_controller_0/inst/design_1_i/initial_math_0/inst/velocity1__0_i_631_n_0. Optimizations did not improve timing on the net.
INFO: [Physopt 32-702] Processed net design_1_i/pid_controller_0/inst/design_1_i/initial_math_0/inst/velocity1__0_i_745_n_0. Optimizations did not improve timing on the net.
INFO: [Physopt 32-702] Processed net design_1_i/pid_controller_0/inst/design_1_i/initial_math_0/inst/velocity1_i_1025_n_0. Optimizations did not improve timing on the net.
INFO: [Physopt 32-702] Processed net design_1_i/pid_controller_0/inst/design_1_i/initial_math_0/inst/velocity1_i_1161_n_0. Optimizations did not improve timing on the net.
INFO: [Physopt 32-702] Processed net design_1_i/pid_controller_0/inst/design_1_i/initial_math_0/inst/velocity1_i_1302_n_0. Optimizations did not improve timing on the net.
INFO: [Physopt 32-702] Processed net design_1_i/pid_controller_0/inst/design_1_i/initial_math_0/inst/velocity1_i_1448_n_0. Optimizations did not improve timing on the net.
INFO: [Physopt 32-702] Processed net design_1_i/pid_controller_0/inst/design_1_i/initial_math_0/inst/velocity1_i_1599_n_0. Optimizations did not improve timing on the net.
INFO: [Physopt 32-702] Processed net design_1_i/pid_controller_0/inst/design_1_i/initial_math_0/inst/velocity1_i_1755_n_0. Optimizations did not improve timing on the net.
INFO: [Physopt 32-702] Processed net design_1_i/pid_controller_0/inst/design_1_i/initial_math_0/inst/velocity1_i_1916_n_0. Optimizations did not improve timing on the net.
INFO: [Physopt 32-702] Processed net design_1_i/pid_controller_0/inst/design_1_i/initial_math_0/inst/velocity1_i_2081_n_0. Optimizations did not improve timing on the net.
INFO: [Physopt 32-702] Processed net design_1_i/pid_controller_0/inst/design_1_i/initial_math_0/inst/velocity1_i_2228_n_0. Optimizations did not improve timing on the net.
INFO: [Physopt 32-702] Processed net design_1_i/pid_controller_0/inst/design_1_i/initial_math_0/inst/derivative10_in[26]. Optimizations did not improve timing on the net.
INFO: [Physopt 32-702] Processed net design_1_i/pid_controller_0/inst/design_1_i/initial_math_0/inst/velocity1__0_i_59_n_0. Optimizations did not improve timing on the net.
INFO: [Physopt 32-702] Processed net design_1_i/pid_controller_0/inst/design_1_i/initial_math_0/inst/velocity1__0_i_131_n_0. Optimizations did not improve timing on the net.
INFO: [Physopt 32-702] Processed net design_1_i/pid_controller_0/inst/design_1_i/initial_math_0/inst/velocity1__0_i_220_n_0. Optimizations did not improve timing on the net.
INFO: [Physopt 32-702] Processed net design_1_i/pid_controller_0/inst/design_1_i/initial_math_0/inst/velocity1__0_i_314_n_0. Optimizations did not improve timing on the net.
INFO: [Physopt 32-702] Processed net design_1_i/pid_controller_0/inst/design_1_i/initial_math_0/inst/velocity1__0_i_413_n_0. Optimizations did not improve timing on the net.
INFO: [Physopt 32-702] Processed net design_1_i/pid_controller_0/inst/design_1_i/initial_math_0/inst/velocity1__0_i_517_n_0. Optimizations did not improve timing on the net.
INFO: [Physopt 32-702] Processed net design_1_i/pid_controller_0/inst/design_1_i/initial_math_0/inst/velocity1__0_i_626_n_0. Optimizations did not improve timing on the net.
INFO: [Physopt 32-702] Processed net design_1_i/pid_controller_0/inst/design_1_i/initial_math_0/inst/velocity1__0_i_740_n_0. Optimizations did not improve timing on the net.
INFO: [Physopt 32-702] Processed net design_1_i/pid_controller_0/inst/design_1_i/initial_math_0/inst/velocity1__0_i_859_n_0. Optimizations did not improve timing on the net.
INFO: [Physopt 32-702] Processed net design_1_i/pid_controller_0/inst/design_1_i/initial_math_0/inst/velocity1_i_1166_n_0. Optimizations did not improve timing on the net.
INFO: [Physopt 32-702] Processed net design_1_i/pid_controller_0/inst/design_1_i/initial_math_0/inst/velocity1_i_1307_n_0. Optimizations did not improve timing on the net.
INFO: [Physopt 32-702] Processed net design_1_i/pid_controller_0/inst/design_1_i/initial_math_0/inst/velocity1_i_1453_n_0. Optimizations did not improve timing on the net.
INFO: [Physopt 32-702] Processed net design_1_i/pid_controller_0/inst/design_1_i/initial_math_0/inst/velocity1_i_1604_n_0. Optimizations did not improve timing on the net.
INFO: [Physopt 32-702] Processed net design_1_i/pid_controller_0/inst/design_1_i/initial_math_0/inst/velocity1_i_1760_n_0. Optimizations did not improve timing on the net.
INFO: [Physopt 32-702] Processed net design_1_i/pid_controller_0/inst/design_1_i/initial_math_0/inst/velocity1_i_1921_n_0. Optimizations did not improve timing on the net.
INFO: [Physopt 32-702] Processed net design_1_i/pid_controller_0/inst/design_1_i/initial_math_0/inst/velocity1_i_2086_n_0. Optimizations did not improve timing on the net.
INFO: [Physopt 32-702] Processed net design_1_i/pid_controller_0/inst/design_1_i/initial_math_0/inst/velocity1_i_2232_n_0. Optimizations did not improve timing on the net.
INFO: [Physopt 32-702] Processed net design_1_i/pid_controller_0/inst/design_1_i/initial_math_0/inst/derivative10_in[27]. Optimizations did not improve timing on the net.
INFO: [Physopt 32-702] Processed net design_1_i/pid_controller_0/inst/design_1_i/initial_math_0/inst/velocity1__0_i_56_n_0. Optimizations did not improve timing on the net.
INFO: [Physopt 32-702] Processed net design_1_i/pid_controller_0/inst/design_1_i/initial_math_0/inst/velocity1__0_i_126_n_0. Optimizations did not improve timing on the net.
INFO: [Physopt 32-702] Processed net design_1_i/pid_controller_0/inst/design_1_i/initial_math_0/inst/velocity1__0_i_215_n_0. Optimizations did not improve timing on the net.
INFO: [Physopt 32-702] Processed net design_1_i/pid_controller_0/inst/design_1_i/initial_math_0/inst/velocity1__0_i_309_n_0. Optimizations did not improve timing on the net.
INFO: [Physopt 32-702] Processed net design_1_i/pid_controller_0/inst/design_1_i/initial_math_0/inst/velocity1__0_i_408_n_0. Optimizations did not improve timing on the net.
INFO: [Physopt 32-702] Processed net design_1_i/pid_controller_0/inst/design_1_i/initial_math_0/inst/velocity1__0_i_512_n_0. Optimizations did not improve timing on the net.
INFO: [Physopt 32-702] Processed net design_1_i/pid_controller_0/inst/design_1_i/initial_math_0/inst/velocity1__0_i_621_n_0. Optimizations did not improve timing on the net.
INFO: [Physopt 32-702] Processed net design_1_i/pid_controller_0/inst/design_1_i/initial_math_0/inst/velocity1__0_i_735_n_0. Optimizations did not improve timing on the net.
INFO: [Physopt 32-702] Processed net design_1_i/pid_controller_0/inst/design_1_i/initial_math_0/inst/velocity1__0_i_854_n_0. Optimizations did not improve timing on the net.
INFO: [Physopt 32-702] Processed net design_1_i/pid_controller_0/inst/design_1_i/initial_math_0/inst/velocity1__0_i_978_n_0. Optimizations did not improve timing on the net.
INFO: [Physopt 32-702] Processed net design_1_i/pid_controller_0/inst/design_1_i/initial_math_0/inst/velocity1_i_1312_n_0. Optimizations did not improve timing on the net.
INFO: [Physopt 32-702] Processed net design_1_i/pid_controller_0/inst/design_1_i/initial_math_0/inst/velocity1_i_1458_n_0. Optimizations did not improve timing on the net.
INFO: [Physopt 32-702] Processed net design_1_i/pid_controller_0/inst/design_1_i/initial_math_0/inst/velocity1_i_1609_n_0. Optimizations did not improve timing on the net.
INFO: [Physopt 32-702] Processed net design_1_i/pid_controller_0/inst/design_1_i/initial_math_0/inst/velocity1_i_1765_n_0. Optimizations did not improve timing on the net.
INFO: [Physopt 32-702] Processed net design_1_i/pid_controller_0/inst/design_1_i/initial_math_0/inst/velocity1_i_1926_n_0. Optimizations did not improve timing on the net.
INFO: [Physopt 32-702] Processed net design_1_i/pid_controller_0/inst/design_1_i/initial_math_0/inst/velocity1_i_2091_n_0. Optimizations did not improve timing on the net.
INFO: [Physopt 32-702] Processed net design_1_i/pid_controller_0/inst/design_1_i/initial_math_0/inst/velocity1_i_2236_n_0. Optimizations did not improve timing on the net.
INFO: [Physopt 32-702] Processed net design_1_i/pid_controller_0/inst/design_1_i/initial_math_0/inst/derivative10_in[28]. Optimizations did not improve timing on the net.
INFO: [Physopt 32-702] Processed net design_1_i/pid_controller_0/inst/design_1_i/initial_math_0/inst/velocity1__0_i_53_n_0. Optimizations did not improve timing on the net.
INFO: [Physopt 32-702] Processed net design_1_i/pid_controller_0/inst/design_1_i/initial_math_0/inst/velocity1__0_i_121_n_0. Optimizations did not improve timing on the net.
INFO: [Physopt 32-702] Processed net design_1_i/pid_controller_0/inst/design_1_i/initial_math_0/inst/velocity1__0_i_210_n_0. Optimizations did not improve timing on the net.
INFO: [Physopt 32-702] Processed net design_1_i/pid_controller_0/inst/design_1_i/initial_math_0/inst/velocity1__0_i_304_n_0. Optimizations did not improve timing on the net.
INFO: [Physopt 32-702] Processed net design_1_i/pid_controller_0/inst/design_1_i/initial_math_0/inst/velocity1__0_i_403_n_0. Optimizations did not improve timing on the net.
INFO: [Physopt 32-702] Processed net design_1_i/pid_controller_0/inst/design_1_i/initial_math_0/inst/velocity1__0_i_507_n_0. Optimizations did not improve timing on the net.
INFO: [Physopt 32-702] Processed net design_1_i/pid_controller_0/inst/design_1_i/initial_math_0/inst/velocity1__0_i_616_n_0. Optimizations did not improve timing on the net.
INFO: [Physopt 32-702] Processed net design_1_i/pid_controller_0/inst/design_1_i/initial_math_0/inst/velocity1__0_i_730_n_0. Optimizations did not improve timing on the net.
INFO: [Physopt 32-702] Processed net design_1_i/pid_controller_0/inst/design_1_i/initial_math_0/inst/velocity1__0_i_849_n_0. Optimizations did not improve timing on the net.
INFO: [Physopt 32-702] Processed net design_1_i/pid_controller_0/inst/design_1_i/initial_math_0/inst/velocity1__0_i_973_n_0. Optimizations did not improve timing on the net.
INFO: [Physopt 32-702] Processed net design_1_i/pid_controller_0/inst/design_1_i/initial_math_0/inst/velocity1__0_i_1102_n_0. Optimizations did not improve timing on the net.
INFO: [Physopt 32-702] Processed net design_1_i/pid_controller_0/inst/design_1_i/initial_math_0/inst/velocity1_i_1463_n_0. Optimizations did not improve timing on the net.
INFO: [Physopt 32-702] Processed net design_1_i/pid_controller_0/inst/design_1_i/initial_math_0/inst/velocity1_i_1614_n_0. Optimizations did not improve timing on the net.
INFO: [Physopt 32-702] Processed net design_1_i/pid_controller_0/inst/design_1_i/initial_math_0/inst/velocity1_i_1770_n_0. Optimizations did not improve timing on the net.
INFO: [Physopt 32-702] Processed net design_1_i/pid_controller_0/inst/design_1_i/initial_math_0/inst/velocity1_i_1931_n_0. Optimizations did not improve timing on the net.
INFO: [Physopt 32-702] Processed net design_1_i/pid_controller_0/inst/design_1_i/initial_math_0/inst/velocity1_i_2096_n_0. Optimizations did not improve timing on the net.
INFO: [Physopt 32-702] Processed net design_1_i/pid_controller_0/inst/design_1_i/initial_math_0/inst/velocity1_i_2240_n_0. Optimizations did not improve timing on the net.
INFO: [Physopt 32-702] Processed net design_1_i/pid_controller_0/inst/design_1_i/initial_math_0/inst/derivative10_in[29]. Optimizations did not improve timing on the net.
INFO: [Physopt 32-702] Processed net design_1_i/pid_controller_0/inst/design_1_i/initial_math_0/inst/velocity1__0_i_46_n_0. Optimizations did not improve timing on the net.
INFO: [Physopt 32-702] Processed net design_1_i/pid_controller_0/inst/design_1_i/initial_math_0/inst/velocity1__0_i_116_n_0. Optimizations did not improve timing on the net.
INFO: [Physopt 32-702] Processed net design_1_i/pid_controller_0/inst/design_1_i/initial_math_0/inst/velocity1__0_i_205_n_0. Optimizations did not improve timing on the net.
INFO: [Physopt 32-702] Processed net design_1_i/pid_controller_0/inst/design_1_i/initial_math_0/inst/velocity1__0_i_299_n_0. Optimizations did not improve timing on the net.
INFO: [Physopt 32-702] Processed net design_1_i/pid_controller_0/inst/design_1_i/initial_math_0/inst/velocity1__0_i_398_n_0. Optimizations did not improve timing on the net.
INFO: [Physopt 32-702] Processed net design_1_i/pid_controller_0/inst/design_1_i/initial_math_0/inst/velocity1__0_i_502_n_0. Optimizations did not improve timing on the net.
INFO: [Physopt 32-702] Processed net design_1_i/pid_controller_0/inst/design_1_i/initial_math_0/inst/velocity1__0_i_611_n_0. Optimizations did not improve timing on the net.
INFO: [Physopt 32-702] Processed net design_1_i/pid_controller_0/inst/design_1_i/initial_math_0/inst/velocity1__0_i_725_n_0. Optimizations did not improve timing on the net.
INFO: [Physopt 32-702] Processed net design_1_i/pid_controller_0/inst/design_1_i/initial_math_0/inst/velocity1__0_i_844_n_0. Optimizations did not improve timing on the net.
INFO: [Physopt 32-702] Processed net design_1_i/pid_controller_0/inst/design_1_i/initial_math_0/inst/velocity1__0_i_968_n_0. Optimizations did not improve timing on the net.
INFO: [Physopt 32-702] Processed net design_1_i/pid_controller_0/inst/design_1_i/initial_math_0/inst/velocity1__0_i_1097_n_0. Optimizations did not improve timing on the net.
INFO: [Physopt 32-702] Processed net design_1_i/pid_controller_0/inst/design_1_i/initial_math_0/inst/velocity1__0_i_1231_n_0. Optimizations did not improve timing on the net.
INFO: [Physopt 32-702] Processed net design_1_i/pid_controller_0/inst/design_1_i/initial_math_0/inst/velocity1_i_1619_n_0. Optimizations did not improve timing on the net.
INFO: [Physopt 32-702] Processed net design_1_i/pid_controller_0/inst/design_1_i/initial_math_0/inst/velocity1_i_1775_n_0. Optimizations did not improve timing on the net.
INFO: [Physopt 32-702] Processed net design_1_i/pid_controller_0/inst/design_1_i/initial_math_0/inst/velocity1_i_1936_n_0. Optimizations did not improve timing on the net.
INFO: [Physopt 32-702] Processed net design_1_i/pid_controller_0/inst/design_1_i/initial_math_0/inst/velocity1_i_2101_n_0. Optimizations did not improve timing on the net.
INFO: [Physopt 32-702] Processed net design_1_i/pid_controller_0/inst/design_1_i/initial_math_0/inst/velocity1_i_2244_n_0. Optimizations did not improve timing on the net.
INFO: [Physopt 32-702] Processed net design_1_i/pid_controller_0/inst/design_1_i/initial_math_0/inst/derivative10_in[30]. Optimizations did not improve timing on the net.
INFO: [Physopt 32-702] Processed net design_1_i/pid_controller_0/inst/design_1_i/initial_math_0/inst/velocity1__0_i_43_n_0. Optimizations did not improve timing on the net.
INFO: [Physopt 32-702] Processed net design_1_i/pid_controller_0/inst/design_1_i/initial_math_0/inst/velocity1__0_i_111_n_0. Optimizations did not improve timing on the net.
INFO: [Physopt 32-702] Processed net design_1_i/pid_controller_0/inst/design_1_i/initial_math_0/inst/velocity1__0_i_200_n_0. Optimizations did not improve timing on the net.
INFO: [Physopt 32-702] Processed net design_1_i/pid_controller_0/inst/design_1_i/initial_math_0/inst/velocity1__0_i_294_n_0. Optimizations did not improve timing on the net.
INFO: [Physopt 32-702] Processed net design_1_i/pid_controller_0/inst/design_1_i/initial_math_0/inst/velocity1__0_i_393_n_0. Optimizations did not improve timing on the net.
INFO: [Physopt 32-702] Processed net design_1_i/pid_controller_0/inst/design_1_i/initial_math_0/inst/velocity1__0_i_497_n_0. Optimizations did not improve timing on the net.
INFO: [Physopt 32-702] Processed net design_1_i/pid_controller_0/inst/design_1_i/initial_math_0/inst/velocity1__0_i_606_n_0. Optimizations did not improve timing on the net.
INFO: [Physopt 32-702] Processed net design_1_i/pid_controller_0/inst/design_1_i/initial_math_0/inst/velocity1__0_i_720_n_0. Optimizations did not improve timing on the net.
INFO: [Physopt 32-702] Processed net design_1_i/pid_controller_0/inst/design_1_i/initial_math_0/inst/velocity1__0_i_839_n_0. Optimizations did not improve timing on the net.
INFO: [Physopt 32-702] Processed net design_1_i/pid_controller_0/inst/design_1_i/initial_math_0/inst/velocity1__0_i_963_n_0. Optimizations did not improve timing on the net.
INFO: [Physopt 32-702] Processed net design_1_i/pid_controller_0/inst/design_1_i/initial_math_0/inst/velocity1__0_i_1092_n_0. Optimizations did not improve timing on the net.
INFO: [Physopt 32-702] Processed net design_1_i/pid_controller_0/inst/design_1_i/initial_math_0/inst/velocity1__0_i_1226_n_0. Optimizations did not improve timing on the net.
INFO: [Physopt 32-702] Processed net design_1_i/pid_controller_0/inst/design_1_i/initial_math_0/inst/velocity1__0_i_1365_n_0. Optimizations did not improve timing on the net.
INFO: [Physopt 32-702] Processed net design_1_i/pid_controller_0/inst/design_1_i/initial_math_0/inst/velocity1_i_1780_n_0. Optimizations did not improve timing on the net.
INFO: [Physopt 32-702] Processed net design_1_i/pid_controller_0/inst/design_1_i/initial_math_0/inst/velocity1_i_1941_n_0. Optimizations did not improve timing on the net.
INFO: [Physopt 32-702] Processed net design_1_i/pid_controller_0/inst/design_1_i/initial_math_0/inst/velocity1_i_2106_n_0. Optimizations did not improve timing on the net.
INFO: [Physopt 32-702] Processed net design_1_i/pid_controller_0/inst/design_1_i/initial_math_0/inst/velocity1_i_2248_n_0. Optimizations did not improve timing on the net.
INFO: [Physopt 32-702] Processed net design_1_i/pid_controller_0/inst/design_1_i/initial_math_0/inst/derivative10_in[31]. Optimizations did not improve timing on the net.
INFO: [Physopt 32-702] Processed net design_1_i/pid_controller_0/inst/design_1_i/initial_math_0/inst/velocity1__0_i_38_n_0. Optimizations did not improve timing on the net.
INFO: [Physopt 32-702] Processed net design_1_i/pid_controller_0/inst/design_1_i/initial_math_0/inst/velocity1__0_i_96_n_0. Optimizations did not improve timing on the net.
INFO: [Physopt 32-702] Processed net design_1_i/pid_controller_0/inst/design_1_i/initial_math_0/inst/velocity1__0_i_175_n_0. Optimizations did not improve timing on the net.
INFO: [Physopt 32-702] Processed net design_1_i/pid_controller_0/inst/design_1_i/initial_math_0/inst/velocity1__0_i_259_n_0. Optimizations did not improve timing on the net.
INFO: [Physopt 32-702] Processed net design_1_i/pid_controller_0/inst/design_1_i/initial_math_0/inst/velocity1__0_i_348_n_0. Optimizations did not improve timing on the net.
INFO: [Physopt 32-702] Processed net design_1_i/pid_controller_0/inst/design_1_i/initial_math_0/inst/velocity1__0_i_442_n_0. Optimizations did not improve timing on the net.
INFO: [Physopt 32-702] Processed net design_1_i/pid_controller_0/inst/design_1_i/initial_math_0/inst/velocity1__0_i_541_n_0. Optimizations did not improve timing on the net.
INFO: [Physopt 32-702] Processed net design_1_i/pid_controller_0/inst/design_1_i/initial_math_0/inst/velocity1__0_i_645_n_0. Optimizations did not improve timing on the net.
INFO: [Physopt 32-702] Processed net design_1_i/pid_controller_0/inst/design_1_i/initial_math_0/inst/velocity1__0_i_754_n_0. Optimizations did not improve timing on the net.
INFO: [Physopt 32-702] Processed net design_1_i/pid_controller_0/inst/design_1_i/initial_math_0/inst/velocity1__0_i_868_n_0. Optimizations did not improve timing on the net.
INFO: [Physopt 32-702] Processed net design_1_i/pid_controller_0/inst/design_1_i/initial_math_0/inst/velocity1__0_i_987_n_0. Optimizations did not improve timing on the net.
INFO: [Physopt 32-702] Processed net design_1_i/pid_controller_0/inst/design_1_i/initial_math_0/inst/velocity1__0_i_1111_n_0. Optimizations did not improve timing on the net.
INFO: [Physopt 32-702] Processed net design_1_i/pid_controller_0/inst/design_1_i/initial_math_0/inst/velocity1__0_i_1240_n_0. Optimizations did not improve timing on the net.
INFO: [Physopt 32-702] Processed net design_1_i/pid_controller_0/inst/design_1_i/initial_math_0/inst/velocity1__0_i_1374_n_0. Optimizations did not improve timing on the net.
INFO: [Physopt 32-702] Processed net design_1_i/pid_controller_0/inst/design_1_i/initial_math_0/inst/velocity1_i_1946_n_0. Optimizations did not improve timing on the net.
INFO: [Physopt 32-702] Processed net design_1_i/pid_controller_0/inst/design_1_i/initial_math_0/inst/velocity1_i_2111_n_0. Optimizations did not improve timing on the net.
INFO: [Physopt 32-702] Processed net design_1_i/pid_controller_0/inst/design_1_i/initial_math_0/inst/velocity1_i_2252_n_0. Optimizations did not improve timing on the net.
INFO: [Physopt 32-702] Processed net design_1_i/pid_controller_0/inst/design_1_i/initial_math_0/inst/velocity1__0_i_39_n_2. Optimizations did not improve timing on the net.
INFO: [Physopt 32-702] Processed net design_1_i/pid_controller_0/inst/design_1_i/initial_math_0/inst/velocity1__0_i_40_n_0. Optimizations did not improve timing on the net.
INFO: [Physopt 32-702] Processed net design_1_i/pid_controller_0/inst/design_1_i/initial_math_0/inst/velocity1__0_i_97_n_0. Optimizations did not improve timing on the net.
INFO: [Physopt 32-702] Processed net design_1_i/pid_controller_0/inst/design_1_i/initial_math_0/inst/velocity1__0_i_176_n_0. Optimizations did not improve timing on the net.
INFO: [Physopt 32-702] Processed net design_1_i/pid_controller_0/inst/design_1_i/initial_math_0/inst/velocity1__0_i_260_n_0. Optimizations did not improve timing on the net.
INFO: [Physopt 32-702] Processed net design_1_i/pid_controller_0/inst/design_1_i/initial_math_0/inst/velocity1__0_i_349_n_0. Optimizations did not improve timing on the net.
INFO: [Physopt 32-702] Processed net design_1_i/pid_controller_0/inst/design_1_i/initial_math_0/inst/velocity1__0_i_443_n_0. Optimizations did not improve timing on the net.
INFO: [Physopt 32-702] Processed net design_1_i/pid_controller_0/inst/design_1_i/initial_math_0/inst/velocity1__0_i_542_n_0. Optimizations did not improve timing on the net.
INFO: [Physopt 32-702] Processed net design_1_i/pid_controller_0/inst/design_1_i/initial_math_0/inst/velocity1__0_i_646_n_0. Optimizations did not improve timing on the net.
INFO: [Physopt 32-702] Processed net design_1_i/pid_controller_0/inst/design_1_i/initial_math_0/inst/velocity1__0_i_755_n_0. Optimizations did not improve timing on the net.
INFO: [Physopt 32-702] Processed net design_1_i/pid_controller_0/inst/design_1_i/initial_math_0/inst/velocity1__0_i_869_n_0. Optimizations did not improve timing on the net.
INFO: [Physopt 32-702] Processed net design_1_i/pid_controller_0/inst/design_1_i/initial_math_0/inst/velocity1__0_i_988_n_0. Optimizations did not improve timing on the net.
INFO: [Physopt 32-702] Processed net design_1_i/pid_controller_0/inst/design_1_i/initial_math_0/inst/velocity1__0_i_1112_n_0. Optimizations did not improve timing on the net.
INFO: [Physopt 32-702] Processed net design_1_i/pid_controller_0/inst/design_1_i/initial_math_0/inst/velocity1__0_i_1241_n_0. Optimizations did not improve timing on the net.
INFO: [Physopt 32-702] Processed net design_1_i/pid_controller_0/inst/design_1_i/initial_math_0/inst/velocity1__0_i_1375_n_0. Optimizations did not improve timing on the net.
INFO: [Physopt 32-702] Processed net design_1_i/pid_controller_0/inst/design_1_i/initial_math_0/inst/velocity1__0_i_1513_n_0. Optimizations did not improve timing on the net.
INFO: [Physopt 32-702] Processed net design_1_i/pid_controller_0/inst/design_1_i/initial_math_0/inst/velocity1_i_2116_n_0. Optimizations did not improve timing on the net.
INFO: [Physopt 32-702] Processed net design_1_i/pid_controller_0/inst/design_1_i/initial_math_0/inst/velocity1_i_2256_n_0. Optimizations did not improve timing on the net.
INFO: [Physopt 32-702] Processed net design_1_i/pid_controller_0/inst/design_1_i/initial_math_0/inst/velocity1__0_i_102_n_2. Optimizations did not improve timing on the net.
INFO: [Physopt 32-702] Processed net design_1_i/pid_controller_0/inst/design_1_i/initial_math_0/inst/velocity1__0_i_103_n_0. Optimizations did not improve timing on the net.
INFO: [Physopt 32-702] Processed net design_1_i/pid_controller_0/inst/design_1_i/initial_math_0/inst/velocity1__0_i_106_n_0. Optimizations did not improve timing on the net.
INFO: [Physopt 32-702] Processed net design_1_i/pid_controller_0/inst/design_1_i/initial_math_0/inst/velocity1__0_i_181_n_0. Optimizations did not improve timing on the net.
INFO: [Physopt 32-702] Processed net design_1_i/pid_controller_0/inst/design_1_i/initial_math_0/inst/velocity1__0_i_265_n_0. Optimizations did not improve timing on the net.
INFO: [Physopt 32-702] Processed net design_1_i/pid_controller_0/inst/design_1_i/initial_math_0/inst/velocity1__0_i_354_n_0. Optimizations did not improve timing on the net.
INFO: [Physopt 32-702] Processed net design_1_i/pid_controller_0/inst/design_1_i/initial_math_0/inst/velocity1__0_i_448_n_0. Optimizations did not improve timing on the net.
INFO: [Physopt 32-702] Processed net design_1_i/pid_controller_0/inst/design_1_i/initial_math_0/inst/velocity1__0_i_547_n_0. Optimizations did not improve timing on the net.
INFO: [Physopt 32-702] Processed net design_1_i/pid_controller_0/inst/design_1_i/initial_math_0/inst/velocity1__0_i_651_n_0. Optimizations did not improve timing on the net.
INFO: [Physopt 32-702] Processed net design_1_i/pid_controller_0/inst/design_1_i/initial_math_0/inst/velocity1__0_i_760_n_0. Optimizations did not improve timing on the net.
INFO: [Physopt 32-702] Processed net design_1_i/pid_controller_0/inst/design_1_i/initial_math_0/inst/velocity1__0_i_874_n_0. Optimizations did not improve timing on the net.
INFO: [Physopt 32-702] Processed net design_1_i/pid_controller_0/inst/design_1_i/initial_math_0/inst/velocity1__0_i_993_n_0. Optimizations did not improve timing on the net.
INFO: [Physopt 32-702] Processed net design_1_i/pid_controller_0/inst/design_1_i/initial_math_0/inst/velocity1__0_i_1117_n_0. Optimizations did not improve timing on the net.
INFO: [Physopt 32-702] Processed net design_1_i/pid_controller_0/inst/design_1_i/initial_math_0/inst/velocity1__0_i_1246_n_0. Optimizations did not improve timing on the net.
INFO: [Physopt 32-702] Processed net design_1_i/pid_controller_0/inst/design_1_i/initial_math_0/inst/velocity1__0_i_1380_n_0. Optimizations did not improve timing on the net.
INFO: [Physopt 32-702] Processed net design_1_i/pid_controller_0/inst/design_1_i/initial_math_0/inst/velocity1__0_i_1518_n_0. Optimizations did not improve timing on the net.
INFO: [Physopt 32-702] Processed net design_1_i/pid_controller_0/inst/design_1_i/initial_math_0/inst/velocity1__0_i_1657_n_0. Optimizations did not improve timing on the net.
INFO: [Physopt 32-702] Processed net design_1_i/pid_controller_0/inst/design_1_i/initial_math_0/inst/velocity1__0_i_1809_n_0. Optimizations did not improve timing on the net.
INFO: [Physopt 32-702] Processed net design_1_i/pid_controller_0/inst/design_1_i/initial_math_0/inst/velocity1__0_i_186_n_2. Optimizations did not improve timing on the net.
INFO: [Physopt 32-702] Processed net design_1_i/pid_controller_0/inst/design_1_i/initial_math_0/inst/velocity1__0_i_187_n_0. Optimizations did not improve timing on the net.
INFO: [Physopt 32-702] Processed net design_1_i/pid_controller_0/inst/design_1_i/initial_math_0/inst/velocity1__0_i_190_n_0. Optimizations did not improve timing on the net.
INFO: [Physopt 32-702] Processed net design_1_i/pid_controller_0/inst/design_1_i/initial_math_0/inst/velocity1__0_i_195_n_0. Optimizations did not improve timing on the net.
INFO: [Physopt 32-702] Processed net design_1_i/pid_controller_0/inst/design_1_i/initial_math_0/inst/velocity1__0_i_270_n_0. Optimizations did not improve timing on the net.
INFO: [Physopt 32-702] Processed net design_1_i/pid_controller_0/inst/design_1_i/initial_math_0/inst/velocity1__0_i_359_n_0. Optimizations did not improve timing on the net.
INFO: [Physopt 32-702] Processed net design_1_i/pid_controller_0/inst/design_1_i/initial_math_0/inst/velocity1__0_i_453_n_0. Optimizations did not improve timing on the net.
INFO: [Physopt 32-702] Processed net design_1_i/pid_controller_0/inst/design_1_i/initial_math_0/inst/velocity1__0_i_552_n_0. Optimizations did not improve timing on the net.
INFO: [Physopt 32-702] Processed net design_1_i/pid_controller_0/inst/design_1_i/initial_math_0/inst/velocity1__0_i_656_n_0. Optimizations did not improve timing on the net.
INFO: [Physopt 32-702] Processed net design_1_i/pid_controller_0/inst/design_1_i/initial_math_0/inst/velocity1__0_i_765_n_0. Optimizations did not improve timing on the net.
INFO: [Physopt 32-702] Processed net design_1_i/pid_controller_0/inst/design_1_i/initial_math_0/inst/velocity1__0_i_879_n_0. Optimizations did not improve timing on the net.
INFO: [Physopt 32-702] Processed net design_1_i/pid_controller_0/inst/design_1_i/initial_math_0/inst/velocity1__0_i_998_n_0. Optimizations did not improve timing on the net.
INFO: [Physopt 32-702] Processed net design_1_i/pid_controller_0/inst/design_1_i/initial_math_0/inst/velocity1__0_i_1122_n_0. Optimizations did not improve timing on the net.
INFO: [Physopt 32-702] Processed net design_1_i/pid_controller_0/inst/design_1_i/initial_math_0/inst/velocity1__0_i_1251_n_0. Optimizations did not improve timing on the net.
INFO: [Physopt 32-702] Processed net design_1_i/pid_controller_0/inst/design_1_i/initial_math_0/inst/velocity1__0_i_1385_n_0. Optimizations did not improve timing on the net.
INFO: [Physopt 32-702] Processed net design_1_i/pid_controller_0/inst/design_1_i/initial_math_0/inst/velocity1__0_i_1523_n_0. Optimizations did not improve timing on the net.
INFO: [Physopt 32-702] Processed net design_1_i/pid_controller_0/inst/design_1_i/initial_math_0/inst/velocity1__0_i_1662_n_0. Optimizations did not improve timing on the net.
INFO: [Physopt 32-702] Processed net design_1_i/pid_controller_0/inst/design_1_i/initial_math_0/inst/velocity1__0_i_1813_n_0. Optimizations did not improve timing on the net.
INFO: [Physopt 32-702] Processed net design_1_i/pid_controller_0/inst/design_1_i/initial_math_0/inst/velocity1__0_i_275_n_2. Optimizations did not improve timing on the net.
INFO: [Physopt 32-702] Processed net design_1_i/pid_controller_0/inst/design_1_i/initial_math_0/inst/velocity1__0_i_276_n_0. Optimizations did not improve timing on the net.
INFO: [Physopt 32-702] Processed net design_1_i/pid_controller_0/inst/design_1_i/initial_math_0/inst/velocity1__0_i_279_n_0. Optimizations did not improve timing on the net.
INFO: [Physopt 32-702] Processed net design_1_i/pid_controller_0/inst/design_1_i/initial_math_0/inst/velocity1__0_i_284_n_0. Optimizations did not improve timing on the net.
INFO: [Physopt 32-702] Processed net design_1_i/pid_controller_0/inst/design_1_i/initial_math_0/inst/velocity1__0_i_289_n_0. Optimizations did not improve timing on the net.
INFO: [Physopt 32-702] Processed net design_1_i/pid_controller_0/inst/design_1_i/initial_math_0/inst/velocity1__0_i_364_n_0. Optimizations did not improve timing on the net.
INFO: [Physopt 32-702] Processed net design_1_i/pid_controller_0/inst/design_1_i/initial_math_0/inst/velocity1__0_i_458_n_0. Optimizations did not improve timing on the net.
INFO: [Physopt 32-702] Processed net design_1_i/pid_controller_0/inst/design_1_i/initial_math_0/inst/velocity1__0_i_557_n_0. Optimizations did not improve timing on the net.
INFO: [Physopt 32-702] Processed net design_1_i/pid_controller_0/inst/design_1_i/initial_math_0/inst/velocity1__0_i_661_n_0. Optimizations did not improve timing on the net.
INFO: [Physopt 32-702] Processed net design_1_i/pid_controller_0/inst/design_1_i/initial_math_0/inst/velocity1__0_i_770_n_0. Optimizations did not improve timing on the net.
INFO: [Physopt 32-702] Processed net design_1_i/pid_controller_0/inst/design_1_i/initial_math_0/inst/velocity1__0_i_884_n_0. Optimizations did not improve timing on the net.
INFO: [Physopt 32-702] Processed net design_1_i/pid_controller_0/inst/design_1_i/initial_math_0/inst/velocity1__0_i_1003_n_0. Optimizations did not improve timing on the net.
INFO: [Physopt 32-702] Processed net design_1_i/pid_controller_0/inst/design_1_i/initial_math_0/inst/velocity1__0_i_1127_n_0. Optimizations did not improve timing on the net.
INFO: [Physopt 32-702] Processed net design_1_i/pid_controller_0/inst/design_1_i/initial_math_0/inst/velocity1__0_i_1256_n_0. Optimizations did not improve timing on the net.
INFO: [Physopt 32-702] Processed net design_1_i/pid_controller_0/inst/design_1_i/initial_math_0/inst/velocity1__0_i_1390_n_0. Optimizations did not improve timing on the net.
INFO: [Physopt 32-702] Processed net design_1_i/pid_controller_0/inst/design_1_i/initial_math_0/inst/velocity1__0_i_1528_n_0. Optimizations did not improve timing on the net.
INFO: [Physopt 32-702] Processed net design_1_i/pid_controller_0/inst/design_1_i/initial_math_0/inst/velocity1__0_i_1667_n_0. Optimizations did not improve timing on the net.
INFO: [Physopt 32-702] Processed net design_1_i/pid_controller_0/inst/design_1_i/initial_math_0/inst/velocity1__0_i_1817_n_0. Optimizations did not improve timing on the net.
INFO: [Physopt 32-702] Processed net design_1_i/pid_controller_0/inst/design_1_i/initial_math_0/inst/velocity1__0_i_369_n_2. Optimizations did not improve timing on the net.
INFO: [Physopt 32-702] Processed net design_1_i/pid_controller_0/inst/design_1_i/initial_math_0/inst/velocity1__0_i_370_n_0. Optimizations did not improve timing on the net.
INFO: [Physopt 32-702] Processed net design_1_i/pid_controller_0/inst/design_1_i/initial_math_0/inst/velocity1__0_i_373_n_0. Optimizations did not improve timing on the net.
INFO: [Physopt 32-702] Processed net design_1_i/pid_controller_0/inst/design_1_i/initial_math_0/inst/velocity1__0_i_378_n_0. Optimizations did not improve timing on the net.
INFO: [Physopt 32-702] Processed net design_1_i/pid_controller_0/inst/design_1_i/initial_math_0/inst/velocity1__0_i_383_n_0. Optimizations did not improve timing on the net.
INFO: [Physopt 32-702] Processed net design_1_i/pid_controller_0/inst/design_1_i/initial_math_0/inst/velocity1__0_i_388_n_0. Optimizations did not improve timing on the net.
INFO: [Physopt 32-702] Processed net design_1_i/pid_controller_0/inst/design_1_i/initial_math_0/inst/velocity1__0_i_463_n_0. Optimizations did not improve timing on the net.
INFO: [Physopt 32-702] Processed net design_1_i/pid_controller_0/inst/design_1_i/initial_math_0/inst/velocity1__0_i_562_n_0. Optimizations did not improve timing on the net.
INFO: [Physopt 32-702] Processed net design_1_i/pid_controller_0/inst/design_1_i/initial_math_0/inst/velocity1__0_i_666_n_0. Optimizations did not improve timing on the net.
INFO: [Physopt 32-702] Processed net design_1_i/pid_controller_0/inst/design_1_i/initial_math_0/inst/velocity1__0_i_775_n_0. Optimizations did not improve timing on the net.
INFO: [Physopt 32-702] Processed net design_1_i/pid_controller_0/inst/design_1_i/initial_math_0/inst/velocity1__0_i_889_n_0. Optimizations did not improve timing on the net.
INFO: [Physopt 32-702] Processed net design_1_i/pid_controller_0/inst/design_1_i/initial_math_0/inst/velocity1__0_i_1008_n_0. Optimizations did not improve timing on the net.
INFO: [Physopt 32-702] Processed net design_1_i/pid_controller_0/inst/design_1_i/initial_math_0/inst/velocity1__0_i_1132_n_0. Optimizations did not improve timing on the net.
INFO: [Physopt 32-702] Processed net design_1_i/pid_controller_0/inst/design_1_i/initial_math_0/inst/velocity1__0_i_1261_n_0. Optimizations did not improve timing on the net.
INFO: [Physopt 32-702] Processed net design_1_i/pid_controller_0/inst/design_1_i/initial_math_0/inst/velocity1__0_i_1395_n_0. Optimizations did not improve timing on the net.
INFO: [Physopt 32-702] Processed net design_1_i/pid_controller_0/inst/design_1_i/initial_math_0/inst/velocity1__0_i_1533_n_0. Optimizations did not improve timing on the net.
INFO: [Physopt 32-702] Processed net design_1_i/pid_controller_0/inst/design_1_i/initial_math_0/inst/velocity1__0_i_1672_n_0. Optimizations did not improve timing on the net.
INFO: [Physopt 32-702] Processed net design_1_i/pid_controller_0/inst/design_1_i/initial_math_0/inst/velocity1__0_i_1821_n_0. Optimizations did not improve timing on the net.
INFO: [Physopt 32-702] Processed net design_1_i/pid_controller_0/inst/design_1_i/initial_math_0/inst/velocity1__0_i_468_n_2. Optimizations did not improve timing on the net.
INFO: [Physopt 32-702] Processed net design_1_i/pid_controller_0/inst/design_1_i/initial_math_0/inst/velocity1__0_i_469_n_0. Optimizations did not improve timing on the net.
INFO: [Physopt 32-702] Processed net design_1_i/pid_controller_0/inst/design_1_i/initial_math_0/inst/velocity1__0_i_472_n_0. Optimizations did not improve timing on the net.
INFO: [Physopt 32-702] Processed net design_1_i/pid_controller_0/inst/design_1_i/initial_math_0/inst/velocity1__0_i_477_n_0. Optimizations did not improve timing on the net.
INFO: [Physopt 32-702] Processed net design_1_i/pid_controller_0/inst/design_1_i/initial_math_0/inst/velocity1__0_i_482_n_0. Optimizations did not improve timing on the net.
INFO: [Physopt 32-702] Processed net design_1_i/pid_controller_0/inst/design_1_i/initial_math_0/inst/velocity1__0_i_487_n_0. Optimizations did not improve timing on the net.
INFO: [Physopt 32-702] Processed net design_1_i/pid_controller_0/inst/design_1_i/initial_math_0/inst/velocity1__0_i_492_n_0. Optimizations did not improve timing on the net.
INFO: [Physopt 32-702] Processed net design_1_i/pid_controller_0/inst/design_1_i/initial_math_0/inst/velocity1__0_i_567_n_0. Optimizations did not improve timing on the net.
INFO: [Physopt 32-702] Processed net design_1_i/pid_controller_0/inst/design_1_i/initial_math_0/inst/velocity1__0_i_671_n_0. Optimizations did not improve timing on the net.
INFO: [Physopt 32-702] Processed net design_1_i/pid_controller_0/inst/design_1_i/initial_math_0/inst/velocity1__0_i_780_n_0. Optimizations did not improve timing on the net.
INFO: [Physopt 32-702] Processed net design_1_i/pid_controller_0/inst/design_1_i/initial_math_0/inst/velocity1__0_i_894_n_0. Optimizations did not improve timing on the net.
INFO: [Physopt 32-702] Processed net design_1_i/pid_controller_0/inst/design_1_i/initial_math_0/inst/velocity1__0_i_1013_n_0. Optimizations did not improve timing on the net.
INFO: [Physopt 32-702] Processed net design_1_i/pid_controller_0/inst/design_1_i/initial_math_0/inst/velocity1__0_i_1137_n_0. Optimizations did not improve timing on the net.
INFO: [Physopt 32-702] Processed net design_1_i/pid_controller_0/inst/design_1_i/initial_math_0/inst/velocity1__0_i_1266_n_0. Optimizations did not improve timing on the net.
INFO: [Physopt 32-702] Processed net design_1_i/pid_controller_0/inst/design_1_i/initial_math_0/inst/velocity1__0_i_1400_n_0. Optimizations did not improve timing on the net.
INFO: [Physopt 32-702] Processed net design_1_i/pid_controller_0/inst/design_1_i/initial_math_0/inst/velocity1__0_i_1538_n_0. Optimizations did not improve timing on the net.
INFO: [Physopt 32-702] Processed net design_1_i/pid_controller_0/inst/design_1_i/initial_math_0/inst/velocity1__0_i_1677_n_0. Optimizations did not improve timing on the net.
INFO: [Physopt 32-702] Processed net design_1_i/pid_controller_0/inst/design_1_i/initial_math_0/inst/velocity1__0_i_1825_n_0. Optimizations did not improve timing on the net.
INFO: [Physopt 32-702] Processed net design_1_i/pid_controller_0/inst/design_1_i/initial_math_0/inst/velocity1__0_i_572_n_2. Optimizations did not improve timing on the net.
INFO: [Physopt 32-702] Processed net design_1_i/pid_controller_0/inst/design_1_i/initial_math_0/inst/velocity1__0_i_573_n_0. Optimizations did not improve timing on the net.
INFO: [Physopt 32-702] Processed net design_1_i/pid_controller_0/inst/design_1_i/initial_math_0/inst/velocity1__0_i_576_n_0. Optimizations did not improve timing on the net.
INFO: [Physopt 32-702] Processed net design_1_i/pid_controller_0/inst/design_1_i/initial_math_0/inst/velocity1__0_i_581_n_0. Optimizations did not improve timing on the net.
INFO: [Physopt 32-702] Processed net design_1_i/pid_controller_0/inst/design_1_i/initial_math_0/inst/velocity1__0_i_586_n_0. Optimizations did not improve timing on the net.
INFO: [Physopt 32-702] Processed net design_1_i/pid_controller_0/inst/design_1_i/initial_math_0/inst/velocity1__0_i_591_n_0. Optimizations did not improve timing on the net.
INFO: [Physopt 32-702] Processed net design_1_i/pid_controller_0/inst/design_1_i/initial_math_0/inst/velocity1__0_i_596_n_0. Optimizations did not improve timing on the net.
INFO: [Physopt 32-702] Processed net design_1_i/pid_controller_0/inst/design_1_i/initial_math_0/inst/velocity1__0_i_601_n_0. Optimizations did not improve timing on the net.
INFO: [Physopt 32-702] Processed net design_1_i/pid_controller_0/inst/design_1_i/initial_math_0/inst/velocity1__0_i_676_n_0. Optimizations did not improve timing on the net.
INFO: [Physopt 32-702] Processed net design_1_i/pid_controller_0/inst/design_1_i/initial_math_0/inst/velocity1__0_i_785_n_0. Optimizations did not improve timing on the net.
INFO: [Physopt 32-702] Processed net design_1_i/pid_controller_0/inst/design_1_i/initial_math_0/inst/velocity1__0_i_899_n_0. Optimizations did not improve timing on the net.
INFO: [Physopt 32-702] Processed net design_1_i/pid_controller_0/inst/design_1_i/initial_math_0/inst/velocity1__0_i_1018_n_0. Optimizations did not improve timing on the net.
INFO: [Physopt 32-702] Processed net design_1_i/pid_controller_0/inst/design_1_i/initial_math_0/inst/velocity1__0_i_1142_n_0. Optimizations did not improve timing on the net.
INFO: [Physopt 32-702] Processed net design_1_i/pid_controller_0/inst/design_1_i/initial_math_0/inst/velocity1__0_i_1271_n_0. Optimizations did not improve timing on the net.
INFO: [Physopt 32-702] Processed net design_1_i/pid_controller_0/inst/design_1_i/initial_math_0/inst/velocity1__0_i_1405_n_0. Optimizations did not improve timing on the net.
INFO: [Physopt 32-702] Processed net design_1_i/pid_controller_0/inst/design_1_i/initial_math_0/inst/velocity1__0_i_1543_n_0. Optimizations did not improve timing on the net.
INFO: [Physopt 32-702] Processed net design_1_i/pid_controller_0/inst/design_1_i/initial_math_0/inst/velocity1__0_i_1682_n_0. Optimizations did not improve timing on the net.
INFO: [Physopt 32-702] Processed net design_1_i/pid_controller_0/inst/design_1_i/initial_math_0/inst/velocity1__0_i_1829_n_0. Optimizations did not improve timing on the net.
INFO: [Physopt 32-702] Processed net design_1_i/pid_controller_0/inst/design_1_i/initial_math_0/inst/velocity1__0_i_681_n_2. Optimizations did not improve timing on the net.
INFO: [Physopt 32-702] Processed net design_1_i/pid_controller_0/inst/design_1_i/initial_math_0/inst/velocity1__0_i_682_n_0. Optimizations did not improve timing on the net.
INFO: [Physopt 32-702] Processed net design_1_i/pid_controller_0/inst/design_1_i/initial_math_0/inst/velocity1__0_i_685_n_0. Optimizations did not improve timing on the net.
INFO: [Physopt 32-702] Processed net design_1_i/pid_controller_0/inst/design_1_i/initial_math_0/inst/velocity1__0_i_690_n_0. Optimizations did not improve timing on the net.
INFO: [Physopt 32-702] Processed net design_1_i/pid_controller_0/inst/design_1_i/initial_math_0/inst/velocity1__0_i_695_n_0. Optimizations did not improve timing on the net.
INFO: [Physopt 32-702] Processed net design_1_i/pid_controller_0/inst/design_1_i/initial_math_0/inst/velocity1__0_i_700_n_0. Optimizations did not improve timing on the net.
INFO: [Physopt 32-702] Processed net design_1_i/pid_controller_0/inst/design_1_i/initial_math_0/inst/velocity1__0_i_705_n_0. Optimizations did not improve timing on the net.
INFO: [Physopt 32-702] Processed net design_1_i/pid_controller_0/inst/design_1_i/initial_math_0/inst/velocity1__0_i_710_n_0. Optimizations did not improve timing on the net.
INFO: [Physopt 32-702] Processed net design_1_i/pid_controller_0/inst/design_1_i/initial_math_0/inst/velocity1__0_i_715_n_0. Optimizations did not improve timing on the net.
INFO: [Physopt 32-702] Processed net design_1_i/pid_controller_0/inst/design_1_i/initial_math_0/inst/velocity1__0_i_790_n_0. Optimizations did not improve timing on the net.
INFO: [Physopt 32-702] Processed net design_1_i/pid_controller_0/inst/design_1_i/initial_math_0/inst/velocity1__0_i_904_n_0. Optimizations did not improve timing on the net.
INFO: [Physopt 32-702] Processed net design_1_i/pid_controller_0/inst/design_1_i/initial_math_0/inst/velocity1__0_i_1023_n_0. Optimizations did not improve timing on the net.
INFO: [Physopt 32-702] Processed net design_1_i/pid_controller_0/inst/design_1_i/initial_math_0/inst/velocity1__0_i_1147_n_0. Optimizations did not improve timing on the net.
INFO: [Physopt 32-702] Processed net design_1_i/pid_controller_0/inst/design_1_i/initial_math_0/inst/velocity1__0_i_1276_n_0. Optimizations did not improve timing on the net.
INFO: [Physopt 32-702] Processed net design_1_i/pid_controller_0/inst/design_1_i/initial_math_0/inst/velocity1__0_i_1410_n_0. Optimizations did not improve timing on the net.
INFO: [Physopt 32-702] Processed net design_1_i/pid_controller_0/inst/design_1_i/initial_math_0/inst/velocity1__0_i_1548_n_0. Optimizations did not improve timing on the net.
INFO: [Physopt 32-702] Processed net design_1_i/pid_controller_0/inst/design_1_i/initial_math_0/inst/velocity1__0_i_1687_n_0. Optimizations did not improve timing on the net.
INFO: [Physopt 32-702] Processed net design_1_i/pid_controller_0/inst/design_1_i/initial_math_0/inst/velocity1__0_i_1833_n_0. Optimizations did not improve timing on the net.
INFO: [Physopt 32-702] Processed net design_1_i/pid_controller_0/inst/design_1_i/initial_math_0/inst/velocity1__0_i_795_n_2. Optimizations did not improve timing on the net.
INFO: [Physopt 32-702] Processed net design_1_i/pid_controller_0/inst/design_1_i/initial_math_0/inst/velocity1__0_i_796_n_0. Optimizations did not improve timing on the net.
INFO: [Physopt 32-702] Processed net design_1_i/pid_controller_0/inst/design_1_i/initial_math_0/inst/velocity1__0_i_799_n_0. Optimizations did not improve timing on the net.
INFO: [Physopt 32-702] Processed net design_1_i/pid_controller_0/inst/design_1_i/initial_math_0/inst/velocity1__0_i_804_n_0. Optimizations did not improve timing on the net.
INFO: [Physopt 32-702] Processed net design_1_i/pid_controller_0/inst/design_1_i/initial_math_0/inst/velocity1__0_i_809_n_0. Optimizations did not improve timing on the net.
INFO: [Physopt 32-702] Processed net design_1_i/pid_controller_0/inst/design_1_i/initial_math_0/inst/velocity1__0_i_814_n_0. Optimizations did not improve timing on the net.
INFO: [Physopt 32-702] Processed net design_1_i/pid_controller_0/inst/design_1_i/initial_math_0/inst/velocity1__0_i_819_n_0. Optimizations did not improve timing on the net.
INFO: [Physopt 32-702] Processed net design_1_i/pid_controller_0/inst/design_1_i/initial_math_0/inst/velocity1__0_i_824_n_0. Optimizations did not improve timing on the net.
INFO: [Physopt 32-702] Processed net design_1_i/pid_controller_0/inst/design_1_i/initial_math_0/inst/velocity1__0_i_829_n_0. Optimizations did not improve timing on the net.
INFO: [Physopt 32-702] Processed net design_1_i/pid_controller_0/inst/design_1_i/initial_math_0/inst/velocity1__0_i_834_n_0. Optimizations did not improve timing on the net.
INFO: [Physopt 32-702] Processed net design_1_i/pid_controller_0/inst/design_1_i/initial_math_0/inst/velocity1__0_i_909_n_0. Optimizations did not improve timing on the net.
INFO: [Physopt 32-702] Processed net design_1_i/pid_controller_0/inst/design_1_i/initial_math_0/inst/velocity1__0_i_1028_n_0. Optimizations did not improve timing on the net.
INFO: [Physopt 32-702] Processed net design_1_i/pid_controller_0/inst/design_1_i/initial_math_0/inst/velocity1__0_i_1152_n_0. Optimizations did not improve timing on the net.
INFO: [Physopt 32-702] Processed net design_1_i/pid_controller_0/inst/design_1_i/initial_math_0/inst/velocity1__0_i_1281_n_0. Optimizations did not improve timing on the net.
INFO: [Physopt 32-702] Processed net design_1_i/pid_controller_0/inst/design_1_i/initial_math_0/inst/velocity1__0_i_1415_n_0. Optimizations did not improve timing on the net.
INFO: [Physopt 32-702] Processed net design_1_i/pid_controller_0/inst/design_1_i/initial_math_0/inst/velocity1__0_i_1553_n_0. Optimizations did not improve timing on the net.
INFO: [Physopt 32-702] Processed net design_1_i/pid_controller_0/inst/design_1_i/initial_math_0/inst/velocity1__0_i_1692_n_0. Optimizations did not improve timing on the net.
INFO: [Physopt 32-702] Processed net design_1_i/pid_controller_0/inst/design_1_i/initial_math_0/inst/velocity1__0_i_1837_n_0. Optimizations did not improve timing on the net.
INFO: [Physopt 32-702] Processed net design_1_i/pid_controller_0/inst/design_1_i/initial_math_0/inst/velocity1__0_i_914_n_2. Optimizations did not improve timing on the net.
INFO: [Physopt 32-702] Processed net design_1_i/pid_controller_0/inst/design_1_i/initial_math_0/inst/velocity1__0_i_915_n_0. Optimizations did not improve timing on the net.
INFO: [Physopt 32-702] Processed net design_1_i/pid_controller_0/inst/design_1_i/initial_math_0/inst/velocity1__0_i_918_n_0. Optimizations did not improve timing on the net.
INFO: [Physopt 32-702] Processed net design_1_i/pid_controller_0/inst/design_1_i/initial_math_0/inst/velocity1__0_i_923_n_0. Optimizations did not improve timing on the net.
INFO: [Physopt 32-702] Processed net design_1_i/pid_controller_0/inst/design_1_i/initial_math_0/inst/velocity1__0_i_928_n_0. Optimizations did not improve timing on the net.
INFO: [Physopt 32-702] Processed net design_1_i/pid_controller_0/inst/design_1_i/initial_math_0/inst/velocity1__0_i_933_n_0. Optimizations did not improve timing on the net.
INFO: [Physopt 32-702] Processed net design_1_i/pid_controller_0/inst/design_1_i/initial_math_0/inst/velocity1__0_i_938_n_0. Optimizations did not improve timing on the net.
INFO: [Physopt 32-702] Processed net design_1_i/pid_controller_0/inst/design_1_i/initial_math_0/inst/velocity1__0_i_943_n_0. Optimizations did not improve timing on the net.
INFO: [Physopt 32-702] Processed net design_1_i/pid_controller_0/inst/design_1_i/initial_math_0/inst/velocity1__0_i_948_n_0. Optimizations did not improve timing on the net.
INFO: [Physopt 32-702] Processed net design_1_i/pid_controller_0/inst/design_1_i/initial_math_0/inst/velocity1__0_i_953_n_0. Optimizations did not improve timing on the net.
INFO: [Physopt 32-702] Processed net design_1_i/pid_controller_0/inst/design_1_i/initial_math_0/inst/velocity1__0_i_958_n_0. Optimizations did not improve timing on the net.
INFO: [Physopt 32-702] Processed net design_1_i/pid_controller_0/inst/design_1_i/initial_math_0/inst/velocity1__0_i_1033_n_0. Optimizations did not improve timing on the net.
INFO: [Physopt 32-702] Processed net design_1_i/pid_controller_0/inst/design_1_i/initial_math_0/inst/velocity1__0_i_1157_n_0. Optimizations did not improve timing on the net.
INFO: [Physopt 32-702] Processed net design_1_i/pid_controller_0/inst/design_1_i/initial_math_0/inst/velocity1__0_i_1286_n_0. Optimizations did not improve timing on the net.
INFO: [Physopt 32-702] Processed net design_1_i/pid_controller_0/inst/design_1_i/initial_math_0/inst/velocity1__0_i_1420_n_0. Optimizations did not improve timing on the net.
INFO: [Physopt 32-702] Processed net design_1_i/pid_controller_0/inst/design_1_i/initial_math_0/inst/velocity1__0_i_1558_n_0. Optimizations did not improve timing on the net.
INFO: [Physopt 32-702] Processed net design_1_i/pid_controller_0/inst/design_1_i/initial_math_0/inst/velocity1__0_i_1697_n_0. Optimizations did not improve timing on the net.
INFO: [Physopt 32-702] Processed net design_1_i/pid_controller_0/inst/design_1_i/initial_math_0/inst/velocity1__0_i_1841_n_0. Optimizations did not improve timing on the net.
INFO: [Physopt 32-702] Processed net design_1_i/pid_controller_0/inst/design_1_i/initial_math_0/inst/velocity1__0_i_1038_n_2. Optimizations did not improve timing on the net.
INFO: [Physopt 32-702] Processed net design_1_i/pid_controller_0/inst/design_1_i/initial_math_0/inst/velocity1__0_i_1039_n_0. Optimizations did not improve timing on the net.
INFO: [Physopt 32-702] Processed net design_1_i/pid_controller_0/inst/design_1_i/initial_math_0/inst/velocity1__0_i_1042_n_0. Optimizations did not improve timing on the net.
INFO: [Physopt 32-702] Processed net design_1_i/pid_controller_0/inst/design_1_i/initial_math_0/inst/velocity1__0_i_1047_n_0. Optimizations did not improve timing on the net.
INFO: [Physopt 32-702] Processed net design_1_i/pid_controller_0/inst/design_1_i/initial_math_0/inst/velocity1__0_i_1052_n_0. Optimizations did not improve timing on the net.
INFO: [Physopt 32-702] Processed net design_1_i/pid_controller_0/inst/design_1_i/initial_math_0/inst/velocity1__0_i_1057_n_0. Optimizations did not improve timing on the net.
INFO: [Physopt 32-702] Processed net design_1_i/pid_controller_0/inst/design_1_i/initial_math_0/inst/velocity1__0_i_1062_n_0. Optimizations did not improve timing on the net.
INFO: [Physopt 32-702] Processed net design_1_i/pid_controller_0/inst/design_1_i/initial_math_0/inst/velocity1__0_i_1067_n_0. Optimizations did not improve timing on the net.
INFO: [Physopt 32-702] Processed net design_1_i/pid_controller_0/inst/design_1_i/initial_math_0/inst/velocity1__0_i_1072_n_0. Optimizations did not improve timing on the net.
INFO: [Physopt 32-702] Processed net design_1_i/pid_controller_0/inst/design_1_i/initial_math_0/inst/velocity1__0_i_1077_n_0. Optimizations did not improve timing on the net.
INFO: [Physopt 32-702] Processed net design_1_i/pid_controller_0/inst/design_1_i/initial_math_0/inst/velocity1__0_i_1082_n_0. Optimizations did not improve timing on the net.
INFO: [Physopt 32-702] Processed net design_1_i/pid_controller_0/inst/design_1_i/initial_math_0/inst/velocity1__0_i_1087_n_0. Optimizations did not improve timing on the net.
INFO: [Physopt 32-702] Processed net design_1_i/pid_controller_0/inst/design_1_i/initial_math_0/inst/velocity1__0_i_1162_n_0. Optimizations did not improve timing on the net.
INFO: [Physopt 32-702] Processed net design_1_i/pid_controller_0/inst/design_1_i/initial_math_0/inst/velocity1__0_i_1291_n_0. Optimizations did not improve timing on the net.
INFO: [Physopt 32-702] Processed net design_1_i/pid_controller_0/inst/design_1_i/initial_math_0/inst/velocity1__0_i_1425_n_0. Optimizations did not improve timing on the net.
INFO: [Physopt 32-702] Processed net design_1_i/pid_controller_0/inst/design_1_i/initial_math_0/inst/velocity1__0_i_1563_n_0. Optimizations did not improve timing on the net.
INFO: [Physopt 32-702] Processed net design_1_i/pid_controller_0/inst/design_1_i/initial_math_0/inst/velocity1__0_i_1702_n_0. Optimizations did not improve timing on the net.
INFO: [Physopt 32-702] Processed net design_1_i/pid_controller_0/inst/design_1_i/initial_math_0/inst/velocity1__0_i_1845_n_0. Optimizations did not improve timing on the net.
INFO: [Physopt 32-702] Processed net design_1_i/pid_controller_0/inst/design_1_i/initial_math_0/inst/velocity1__0_i_1167_n_2. Optimizations did not improve timing on the net.
INFO: [Physopt 32-702] Processed net design_1_i/pid_controller_0/inst/design_1_i/initial_math_0/inst/velocity1__0_i_1168_n_0. Optimizations did not improve timing on the net.
INFO: [Physopt 32-702] Processed net design_1_i/pid_controller_0/inst/design_1_i/initial_math_0/inst/velocity1__0_i_1171_n_0. Optimizations did not improve timing on the net.
INFO: [Physopt 32-702] Processed net design_1_i/pid_controller_0/inst/design_1_i/initial_math_0/inst/velocity1__0_i_1176_n_0. Optimizations did not improve timing on the net.
INFO: [Physopt 32-702] Processed net design_1_i/pid_controller_0/inst/design_1_i/initial_math_0/inst/velocity1__0_i_1181_n_0. Optimizations did not improve timing on the net.
INFO: [Physopt 32-702] Processed net design_1_i/pid_controller_0/inst/design_1_i/initial_math_0/inst/velocity1__0_i_1186_n_0. Optimizations did not improve timing on the net.
INFO: [Physopt 32-702] Processed net design_1_i/pid_controller_0/inst/design_1_i/initial_math_0/inst/velocity1__0_i_1191_n_0. Optimizations did not improve timing on the net.
INFO: [Physopt 32-702] Processed net design_1_i/pid_controller_0/inst/design_1_i/initial_math_0/inst/velocity1__0_i_1196_n_0. Optimizations did not improve timing on the net.
INFO: [Physopt 32-702] Processed net design_1_i/pid_controller_0/inst/design_1_i/initial_math_0/inst/velocity1__0_i_1201_n_0. Optimizations did not improve timing on the net.
INFO: [Physopt 32-702] Processed net design_1_i/pid_controller_0/inst/design_1_i/initial_math_0/inst/velocity1__0_i_1206_n_0. Optimizations did not improve timing on the net.
INFO: [Physopt 32-702] Processed net design_1_i/pid_controller_0/inst/design_1_i/initial_math_0/inst/velocity1__0_i_1211_n_0. Optimizations did not improve timing on the net.
INFO: [Physopt 32-702] Processed net design_1_i/pid_controller_0/inst/design_1_i/initial_math_0/inst/velocity1__0_i_1216_n_0. Optimizations did not improve timing on the net.
INFO: [Physopt 32-702] Processed net design_1_i/pid_controller_0/inst/design_1_i/initial_math_0/inst/velocity1__0_i_1221_n_0. Optimizations did not improve timing on the net.
INFO: [Physopt 32-702] Processed net design_1_i/pid_controller_0/inst/design_1_i/initial_math_0/inst/velocity1__0_i_1296_n_0. Optimizations did not improve timing on the net.
INFO: [Physopt 32-702] Processed net design_1_i/pid_controller_0/inst/design_1_i/initial_math_0/inst/velocity1__0_i_1430_n_0. Optimizations did not improve timing on the net.
INFO: [Physopt 32-702] Processed net design_1_i/pid_controller_0/inst/design_1_i/initial_math_0/inst/velocity1__0_i_1568_n_0. Optimizations did not improve timing on the net.
INFO: [Physopt 32-702] Processed net design_1_i/pid_controller_0/inst/design_1_i/initial_math_0/inst/velocity1__0_i_1707_n_0. Optimizations did not improve timing on the net.
INFO: [Physopt 32-702] Processed net design_1_i/pid_controller_0/inst/design_1_i/initial_math_0/inst/velocity1__0_i_1849_n_0. Optimizations did not improve timing on the net.
INFO: [Physopt 32-702] Processed net design_1_i/pid_controller_0/inst/design_1_i/initial_math_0/inst/velocity1__0_i_1301_n_2. Optimizations did not improve timing on the net.
INFO: [Physopt 32-702] Processed net design_1_i/pid_controller_0/inst/design_1_i/initial_math_0/inst/velocity1__0_i_1302_n_0. Optimizations did not improve timing on the net.
INFO: [Physopt 32-702] Processed net design_1_i/pid_controller_0/inst/design_1_i/initial_math_0/inst/velocity1__0_i_1305_n_0. Optimizations did not improve timing on the net.
INFO: [Physopt 32-702] Processed net design_1_i/pid_controller_0/inst/design_1_i/initial_math_0/inst/velocity1__0_i_1310_n_0. Optimizations did not improve timing on the net.
INFO: [Physopt 32-702] Processed net design_1_i/pid_controller_0/inst/design_1_i/initial_math_0/inst/velocity1__0_i_1315_n_0. Optimizations did not improve timing on the net.
INFO: [Physopt 32-702] Processed net design_1_i/pid_controller_0/inst/design_1_i/initial_math_0/inst/velocity1__0_i_1320_n_0. Optimizations did not improve timing on the net.
INFO: [Physopt 32-702] Processed net design_1_i/pid_controller_0/inst/design_1_i/initial_math_0/inst/velocity1__0_i_1325_n_0. Optimizations did not improve timing on the net.
INFO: [Physopt 32-702] Processed net design_1_i/pid_controller_0/inst/design_1_i/initial_math_0/inst/velocity1__0_i_1330_n_0. Optimizations did not improve timing on the net.
INFO: [Physopt 32-702] Processed net design_1_i/pid_controller_0/inst/design_1_i/initial_math_0/inst/velocity1__0_i_1335_n_0. Optimizations did not improve timing on the net.
INFO: [Physopt 32-702] Processed net design_1_i/pid_controller_0/inst/design_1_i/initial_math_0/inst/velocity1__0_i_1340_n_0. Optimizations did not improve timing on the net.
INFO: [Physopt 32-702] Processed net design_1_i/pid_controller_0/inst/design_1_i/initial_math_0/inst/velocity1__0_i_1345_n_0. Optimizations did not improve timing on the net.
INFO: [Physopt 32-702] Processed net design_1_i/pid_controller_0/inst/design_1_i/initial_math_0/inst/velocity1__0_i_1350_n_0. Optimizations did not improve timing on the net.
INFO: [Physopt 32-702] Processed net design_1_i/pid_controller_0/inst/design_1_i/initial_math_0/inst/velocity1__0_i_1355_n_0. Optimizations did not improve timing on the net.
INFO: [Physopt 32-702] Processed net design_1_i/pid_controller_0/inst/design_1_i/initial_math_0/inst/velocity1__0_i_1360_n_0. Optimizations did not improve timing on the net.
INFO: [Physopt 32-702] Processed net design_1_i/pid_controller_0/inst/design_1_i/initial_math_0/inst/velocity1__0_i_1435_n_0. Optimizations did not improve timing on the net.
INFO: [Physopt 32-702] Processed net design_1_i/pid_controller_0/inst/design_1_i/initial_math_0/inst/velocity1__0_i_1573_n_0. Optimizations did not improve timing on the net.
INFO: [Physopt 32-702] Processed net design_1_i/pid_controller_0/inst/design_1_i/initial_math_0/inst/velocity1__0_i_1712_n_0. Optimizations did not improve timing on the net.
INFO: [Physopt 32-702] Processed net design_1_i/pid_controller_0/inst/design_1_i/initial_math_0/inst/velocity1__0_i_1853_n_0. Optimizations did not improve timing on the net.
INFO: [Physopt 32-702] Processed net design_1_i/pid_controller_0/inst/design_1_i/initial_math_0/inst/velocity1__0_i_1440_n_2. Optimizations did not improve timing on the net.
INFO: [Physopt 32-702] Processed net design_1_i/pid_controller_0/inst/design_1_i/initial_math_0/inst/velocity1__0_i_1441_n_0. Optimizations did not improve timing on the net.
INFO: [Physopt 32-702] Processed net design_1_i/pid_controller_0/inst/design_1_i/initial_math_0/inst/velocity1__0_i_1444_n_0. Optimizations did not improve timing on the net.
INFO: [Physopt 32-702] Processed net design_1_i/pid_controller_0/inst/design_1_i/initial_math_0/inst/velocity1__0_i_1449_n_0. Optimizations did not improve timing on the net.
INFO: [Physopt 32-702] Processed net design_1_i/pid_controller_0/inst/design_1_i/initial_math_0/inst/velocity1__0_i_1454_n_0. Optimizations did not improve timing on the net.
INFO: [Physopt 32-702] Processed net design_1_i/pid_controller_0/inst/design_1_i/initial_math_0/inst/velocity1__0_i_1459_n_0. Optimizations did not improve timing on the net.
INFO: [Physopt 32-702] Processed net design_1_i/pid_controller_0/inst/design_1_i/initial_math_0/inst/velocity1__0_i_1464_n_0. Optimizations did not improve timing on the net.
INFO: [Physopt 32-702] Processed net design_1_i/pid_controller_0/inst/design_1_i/initial_math_0/inst/velocity1__0_i_1469_n_0. Optimizations did not improve timing on the net.
INFO: [Physopt 32-702] Processed net design_1_i/pid_controller_0/inst/design_1_i/initial_math_0/inst/velocity1__0_i_1474_n_0. Optimizations did not improve timing on the net.
INFO: [Physopt 32-702] Processed net design_1_i/pid_controller_0/inst/design_1_i/initial_math_0/inst/velocity1__0_i_1479_n_0. Optimizations did not improve timing on the net.
INFO: [Physopt 32-702] Processed net design_1_i/pid_controller_0/inst/design_1_i/initial_math_0/inst/velocity1__0_i_1484_n_0. Optimizations did not improve timing on the net.
INFO: [Physopt 32-702] Processed net design_1_i/pid_controller_0/inst/design_1_i/initial_math_0/inst/velocity1__0_i_1489_n_0. Optimizations did not improve timing on the net.
INFO: [Physopt 32-702] Processed net design_1_i/pid_controller_0/inst/design_1_i/initial_math_0/inst/velocity1__0_i_1494_n_0. Optimizations did not improve timing on the net.
INFO: [Physopt 32-702] Processed net design_1_i/pid_controller_0/inst/design_1_i/initial_math_0/inst/velocity1__0_i_1499_n_0. Optimizations did not improve timing on the net.
INFO: [Physopt 32-702] Processed net design_1_i/pid_controller_0/inst/design_1_i/initial_math_0/inst/velocity1__0_i_1504_n_0. Optimizations did not improve timing on the net.
INFO: [Physopt 32-702] Processed net design_1_i/pid_controller_0/inst/design_1_i/initial_math_0/inst/velocity1__0_i_1578_n_0. Optimizations did not improve timing on the net.
INFO: [Physopt 32-702] Processed net design_1_i/pid_controller_0/inst/design_1_i/initial_math_0/inst/velocity1__0_i_1717_n_0. Optimizations did not improve timing on the net.
INFO: [Physopt 32-702] Processed net design_1_i/pid_controller_0/inst/design_1_i/initial_math_0/inst/velocity1__0_i_1857_n_0. Optimizations did not improve timing on the net.
INFO: [Physopt 32-702] Processed net design_1_i/pid_controller_0/inst/design_1_i/initial_math_0/inst/velocity1__0_i_1583_n_2. Optimizations did not improve timing on the net.
INFO: [Physopt 32-702] Processed net design_1_i/pid_controller_0/inst/design_1_i/initial_math_0/inst/velocity1__0_i_1584_n_0. Optimizations did not improve timing on the net.
INFO: [Physopt 32-702] Processed net design_1_i/pid_controller_0/inst/design_1_i/initial_math_0/inst/velocity1__0_i_1587_n_0. Optimizations did not improve timing on the net.
INFO: [Physopt 32-702] Processed net design_1_i/pid_controller_0/inst/design_1_i/initial_math_0/inst/velocity1__0_i_1592_n_0. Optimizations did not improve timing on the net.
INFO: [Physopt 32-702] Processed net design_1_i/pid_controller_0/inst/design_1_i/initial_math_0/inst/velocity1__0_i_1597_n_0. Optimizations did not improve timing on the net.
INFO: [Physopt 32-702] Processed net design_1_i/pid_controller_0/inst/design_1_i/initial_math_0/inst/velocity1__0_i_1602_n_0. Optimizations did not improve timing on the net.
INFO: [Physopt 32-702] Processed net design_1_i/pid_controller_0/inst/design_1_i/initial_math_0/inst/velocity1__0_i_1607_n_0. Optimizations did not improve timing on the net.
INFO: [Physopt 32-702] Processed net design_1_i/pid_controller_0/inst/design_1_i/initial_math_0/inst/velocity1__0_i_1612_n_0. Optimizations did not improve timing on the net.
INFO: [Physopt 32-702] Processed net design_1_i/pid_controller_0/inst/design_1_i/initial_math_0/inst/velocity1__0_i_1617_n_0. Optimizations did not improve timing on the net.
INFO: [Physopt 32-702] Processed net design_1_i/pid_controller_0/inst/design_1_i/initial_math_0/inst/velocity1__0_i_1622_n_0. Optimizations did not improve timing on the net.
INFO: [Physopt 32-702] Processed net design_1_i/pid_controller_0/inst/design_1_i/initial_math_0/inst/velocity1__0_i_1627_n_0. Optimizations did not improve timing on the net.
INFO: [Physopt 32-702] Processed net design_1_i/pid_controller_0/inst/design_1_i/initial_math_0/inst/velocity1__0_i_1632_n_0. Optimizations did not improve timing on the net.
INFO: [Physopt 32-702] Processed net design_1_i/pid_controller_0/inst/design_1_i/initial_math_0/inst/velocity1__0_i_1637_n_0. Optimizations did not improve timing on the net.
INFO: [Physopt 32-702] Processed net design_1_i/pid_controller_0/inst/design_1_i/initial_math_0/inst/velocity1__0_i_1642_n_0. Optimizations did not improve timing on the net.
INFO: [Physopt 32-702] Processed net design_1_i/pid_controller_0/inst/design_1_i/initial_math_0/inst/velocity1__0_i_1647_n_0. Optimizations did not improve timing on the net.
INFO: [Physopt 32-702] Processed net design_1_i/pid_controller_0/inst/design_1_i/initial_math_0/inst/velocity1__0_i_1652_n_0. Optimizations did not improve timing on the net.
INFO: [Physopt 32-702] Processed net design_1_i/pid_controller_0/inst/design_1_i/initial_math_0/inst/velocity1__0_i_1722_n_0. Optimizations did not improve timing on the net.
INFO: [Physopt 32-702] Processed net design_1_i/pid_controller_0/inst/design_1_i/initial_math_0/inst/velocity1__0_i_1861_n_0. Optimizations did not improve timing on the net.
INFO: [Physopt 32-702] Processed net design_1_i/pid_controller_0/inst/design_1_i/initial_math_0/inst/velocity1__0_i_1727_n_2. Optimizations did not improve timing on the net.
INFO: [Physopt 32-702] Processed net design_1_i/pid_controller_0/inst/design_1_i/initial_math_0/inst/velocity1__0_i_1728_n_0. Optimizations did not improve timing on the net.
INFO: [Physopt 32-702] Processed net design_1_i/pid_controller_0/inst/design_1_i/initial_math_0/inst/velocity1__0_i_1731_n_0. Optimizations did not improve timing on the net.
INFO: [Physopt 32-702] Processed net design_1_i/pid_controller_0/inst/design_1_i/initial_math_0/inst/velocity1__0_i_1736_n_0. Optimizations did not improve timing on the net.
INFO: [Physopt 32-702] Processed net design_1_i/pid_controller_0/inst/design_1_i/initial_math_0/inst/velocity1__0_i_1741_n_0. Optimizations did not improve timing on the net.
INFO: [Physopt 32-702] Processed net design_1_i/pid_controller_0/inst/design_1_i/initial_math_0/inst/velocity1__0_i_1746_n_0. Optimizations did not improve timing on the net.
INFO: [Physopt 32-702] Processed net design_1_i/pid_controller_0/inst/design_1_i/initial_math_0/inst/velocity1__0_i_1751_n_0. Optimizations did not improve timing on the net.
INFO: [Physopt 32-702] Processed net design_1_i/pid_controller_0/inst/design_1_i/initial_math_0/inst/velocity1__0_i_1756_n_0. Optimizations did not improve timing on the net.
INFO: [Physopt 32-702] Processed net design_1_i/pid_controller_0/inst/design_1_i/initial_math_0/inst/velocity1__0_i_1761_n_0. Optimizations did not improve timing on the net.
INFO: [Physopt 32-702] Processed net design_1_i/pid_controller_0/inst/design_1_i/initial_math_0/inst/velocity1__0_i_1766_n_0. Optimizations did not improve timing on the net.
INFO: [Physopt 32-702] Processed net design_1_i/pid_controller_0/inst/design_1_i/initial_math_0/inst/velocity1__0_i_1771_n_0. Optimizations did not improve timing on the net.
INFO: [Physopt 32-702] Processed net design_1_i/pid_controller_0/inst/design_1_i/initial_math_0/inst/velocity1__0_i_1776_n_0. Optimizations did not improve timing on the net.
INFO: [Physopt 32-702] Processed net design_1_i/pid_controller_0/inst/design_1_i/initial_math_0/inst/velocity1__0_i_1781_n_0. Optimizations did not improve timing on the net.
INFO: [Physopt 32-702] Processed net design_1_i/pid_controller_0/inst/design_1_i/initial_math_0/inst/velocity1__0_i_1786_n_0. Optimizations did not improve timing on the net.
INFO: [Physopt 32-702] Processed net design_1_i/pid_controller_0/inst/design_1_i/initial_math_0/inst/velocity1__0_i_1791_n_0. Optimizations did not improve timing on the net.
INFO: [Physopt 32-702] Processed net design_1_i/pid_controller_0/inst/design_1_i/initial_math_0/inst/velocity1__0_i_1796_n_0. Optimizations did not improve timing on the net.
INFO: [Physopt 32-702] Processed net design_1_i/pid_controller_0/inst/design_1_i/initial_math_0/inst/velocity1__0_i_1801_n_0. Optimizations did not improve timing on the net.
INFO: [Physopt 32-702] Processed net design_1_i/pid_controller_0/inst/design_1_i/initial_math_0/inst/velocity1__0_i_1944_n_0. Optimizations did not improve timing on the net.
INFO: [Physopt 32-702] Processed net design_1_i/pid_controller_0/inst/design_1_i/initial_math_0/inst/velocity1__0_i_1862_n_2. Optimizations did not improve timing on the net.
INFO: [Physopt 32-702] Processed net design_1_i/pid_controller_0/inst/design_1_i/initial_math_0/inst/velocity1__0_i_1863_n_0. Optimizations did not improve timing on the net.
INFO: [Physopt 32-702] Processed net design_1_i/pid_controller_0/inst/design_1_i/initial_math_0/inst/velocity1__0_i_1866_n_0. Optimizations did not improve timing on the net.
INFO: [Physopt 32-702] Processed net design_1_i/pid_controller_0/inst/design_1_i/initial_math_0/inst/velocity1__0_i_1871_n_0. Optimizations did not improve timing on the net.
INFO: [Physopt 32-702] Processed net design_1_i/pid_controller_0/inst/design_1_i/initial_math_0/inst/velocity1__0_i_1876_n_0. Optimizations did not improve timing on the net.
INFO: [Physopt 32-702] Processed net design_1_i/pid_controller_0/inst/design_1_i/initial_math_0/inst/velocity1__0_i_1881_n_0. Optimizations did not improve timing on the net.
INFO: [Physopt 32-702] Processed net design_1_i/pid_controller_0/inst/design_1_i/initial_math_0/inst/velocity1__0_i_1886_n_0. Optimizations did not improve timing on the net.
INFO: [Physopt 32-702] Processed net design_1_i/pid_controller_0/inst/design_1_i/initial_math_0/inst/velocity1__0_i_1891_n_0. Optimizations did not improve timing on the net.
INFO: [Physopt 32-702] Processed net design_1_i/pid_controller_0/inst/design_1_i/initial_math_0/inst/velocity1__0_i_1896_n_0. Optimizations did not improve timing on the net.
INFO: [Physopt 32-702] Processed net design_1_i/pid_controller_0/inst/design_1_i/initial_math_0/inst/velocity1__0_i_1901_n_0. Optimizations did not improve timing on the net.
INFO: [Physopt 32-702] Processed net design_1_i/pid_controller_0/inst/design_1_i/initial_math_0/inst/velocity1__0_i_1906_n_0. Optimizations did not improve timing on the net.
INFO: [Physopt 32-702] Processed net design_1_i/pid_controller_0/inst/design_1_i/initial_math_0/inst/velocity1__0_i_1911_n_0. Optimizations did not improve timing on the net.
INFO: [Physopt 32-702] Processed net design_1_i/pid_controller_0/inst/design_1_i/initial_math_0/inst/velocity1__0_i_1916_n_0. Optimizations did not improve timing on the net.
INFO: [Physopt 32-702] Processed net design_1_i/pid_controller_0/inst/design_1_i/initial_math_0/inst/velocity1__0_i_1921_n_0. Optimizations did not improve timing on the net.
INFO: [Physopt 32-702] Processed net design_1_i/pid_controller_0/inst/design_1_i/initial_math_0/inst/velocity1__0_i_1926_n_0. Optimizations did not improve timing on the net.
INFO: [Physopt 32-702] Processed net design_1_i/pid_controller_0/inst/design_1_i/initial_math_0/inst/velocity1__0_i_1931_n_0. Optimizations did not improve timing on the net.
INFO: [Physopt 32-702] Processed net design_1_i/pid_controller_0/inst/design_1_i/initial_math_0/inst/velocity1__0_i_1936_n_0. Optimizations did not improve timing on the net.
INFO: [Physopt 32-702] Processed net design_1_i/pid_controller_0/inst/design_1_i/initial_math_0/inst/velocity1__0_i_2031_n_0. Optimizations did not improve timing on the net.
INFO: [Physopt 32-702] Processed net design_1_i/pid_controller_0/inst/design_1_i/initial_math_0/inst/velocity1__0_i_1949_n_2. Optimizations did not improve timing on the net.
INFO: [Physopt 32-702] Processed net design_1_i/pid_controller_0/inst/design_1_i/initial_math_0/inst/velocity1__0_i_1950_n_0. Optimizations did not improve timing on the net.
INFO: [Physopt 32-702] Processed net design_1_i/pid_controller_0/inst/design_1_i/initial_math_0/inst/velocity1__0_i_1953_n_0. Optimizations did not improve timing on the net.
INFO: [Physopt 32-702] Processed net design_1_i/pid_controller_0/inst/design_1_i/initial_math_0/inst/velocity1__0_i_1958_n_0. Optimizations did not improve timing on the net.
INFO: [Physopt 32-702] Processed net design_1_i/pid_controller_0/inst/design_1_i/initial_math_0/inst/velocity1__0_i_1963_n_0. Optimizations did not improve timing on the net.
INFO: [Physopt 32-702] Processed net design_1_i/pid_controller_0/inst/design_1_i/initial_math_0/inst/velocity1__0_i_1968_n_0. Optimizations did not improve timing on the net.
INFO: [Physopt 32-702] Processed net design_1_i/pid_controller_0/inst/design_1_i/initial_math_0/inst/velocity1__0_i_1973_n_0. Optimizations did not improve timing on the net.
INFO: [Physopt 32-702] Processed net design_1_i/pid_controller_0/inst/design_1_i/initial_math_0/inst/velocity1__0_i_1978_n_0. Optimizations did not improve timing on the net.
INFO: [Physopt 32-702] Processed net design_1_i/pid_controller_0/inst/design_1_i/initial_math_0/inst/velocity1__0_i_1983_n_0. Optimizations did not improve timing on the net.
INFO: [Physopt 32-702] Processed net design_1_i/pid_controller_0/inst/design_1_i/initial_math_0/inst/velocity1__0_i_1988_n_0. Optimizations did not improve timing on the net.
INFO: [Physopt 32-702] Processed net design_1_i/pid_controller_0/inst/design_1_i/initial_math_0/inst/velocity1__0_i_1993_n_0. Optimizations did not improve timing on the net.
INFO: [Physopt 32-702] Processed net design_1_i/pid_controller_0/inst/design_1_i/initial_math_0/inst/velocity1__0_i_1998_n_0. Optimizations did not improve timing on the net.
INFO: [Physopt 32-702] Processed net design_1_i/pid_controller_0/inst/design_1_i/initial_math_0/inst/velocity1__0_i_2003_n_0. Optimizations did not improve timing on the net.
INFO: [Physopt 32-702] Processed net design_1_i/pid_controller_0/inst/design_1_i/initial_math_0/inst/velocity1__0_i_2008_n_0. Optimizations did not improve timing on the net.
INFO: [Physopt 32-702] Processed net design_1_i/pid_controller_0/inst/design_1_i/initial_math_0/inst/velocity1__0_i_2013_n_0. Optimizations did not improve timing on the net.
INFO: [Physopt 32-702] Processed net design_1_i/pid_controller_0/inst/design_1_i/initial_math_0/inst/velocity1__0_i_2018_n_0. Optimizations did not improve timing on the net.
INFO: [Physopt 32-702] Processed net design_1_i/pid_controller_0/inst/design_1_i/initial_math_0/inst/velocity1__0_i_2023_n_0. Optimizations did not improve timing on the net.
INFO: [Physopt 32-702] Processed net design_1_i/pid_controller_0/inst/design_1_i/initial_math_0/inst/velocity1__0_i_2114_n_0. Optimizations did not improve timing on the net.
INFO: [Physopt 32-702] Processed net design_1_i/pid_controller_0/inst/design_1_i/initial_math_0/inst/velocity1__0_i_2032_n_2. Optimizations did not improve timing on the net.
INFO: [Physopt 32-702] Processed net design_1_i/pid_controller_0/inst/design_1_i/initial_math_0/inst/velocity1__0_i_2033_n_0. Optimizations did not improve timing on the net.
INFO: [Physopt 32-702] Processed net design_1_i/pid_controller_0/inst/design_1_i/initial_math_0/inst/velocity1__0_i_2036_n_0. Optimizations did not improve timing on the net.
INFO: [Physopt 32-702] Processed net design_1_i/pid_controller_0/inst/design_1_i/initial_math_0/inst/velocity1__0_i_2041_n_0. Optimizations did not improve timing on the net.
INFO: [Physopt 32-702] Processed net design_1_i/pid_controller_0/inst/design_1_i/initial_math_0/inst/velocity1__0_i_2046_n_0. Optimizations did not improve timing on the net.
INFO: [Physopt 32-702] Processed net design_1_i/pid_controller_0/inst/design_1_i/initial_math_0/inst/velocity1__0_i_2051_n_0. Optimizations did not improve timing on the net.
INFO: [Physopt 32-702] Processed net design_1_i/pid_controller_0/inst/design_1_i/initial_math_0/inst/velocity1__0_i_2056_n_0. Optimizations did not improve timing on the net.
INFO: [Physopt 32-702] Processed net design_1_i/pid_controller_0/inst/design_1_i/initial_math_0/inst/velocity1__0_i_2061_n_0. Optimizations did not improve timing on the net.
INFO: [Physopt 32-702] Processed net design_1_i/pid_controller_0/inst/design_1_i/initial_math_0/inst/velocity1__0_i_2066_n_0. Optimizations did not improve timing on the net.
INFO: [Physopt 32-702] Processed net design_1_i/pid_controller_0/inst/design_1_i/initial_math_0/inst/velocity1__0_i_2071_n_0. Optimizations did not improve timing on the net.
INFO: [Physopt 32-702] Processed net design_1_i/pid_controller_0/inst/design_1_i/initial_math_0/inst/velocity1__0_i_2076_n_0. Optimizations did not improve timing on the net.
INFO: [Physopt 32-702] Processed net design_1_i/pid_controller_0/inst/design_1_i/initial_math_0/inst/velocity1__0_i_2081_n_0. Optimizations did not improve timing on the net.
INFO: [Physopt 32-702] Processed net design_1_i/pid_controller_0/inst/design_1_i/initial_math_0/inst/velocity1__0_i_2086_n_0. Optimizations did not improve timing on the net.
INFO: [Physopt 32-702] Processed net design_1_i/pid_controller_0/inst/design_1_i/initial_math_0/inst/velocity1__0_i_2091_n_0. Optimizations did not improve timing on the net.
INFO: [Physopt 32-702] Processed net design_1_i/pid_controller_0/inst/design_1_i/initial_math_0/inst/velocity1__0_i_2096_n_0. Optimizations did not improve timing on the net.
INFO: [Physopt 32-702] Processed net design_1_i/pid_controller_0/inst/design_1_i/initial_math_0/inst/velocity1__0_i_2101_n_0. Optimizations did not improve timing on the net.
INFO: [Physopt 32-702] Processed net design_1_i/pid_controller_0/inst/design_1_i/initial_math_0/inst/velocity1__0_i_2106_n_0. Optimizations did not improve timing on the net.
INFO: [Physopt 32-702] Processed net design_1_i/pid_controller_0/inst/design_1_i/initial_math_0/inst/velocity1__0_i_2197_n_0. Optimizations did not improve timing on the net.
INFO: [Physopt 32-702] Processed net design_1_i/pid_controller_0/inst/design_1_i/initial_math_0/inst/velocity1__0_i_2115_n_2. Optimizations did not improve timing on the net.
INFO: [Physopt 32-702] Processed net design_1_i/pid_controller_0/inst/design_1_i/initial_math_0/inst/velocity1__0_i_2116_n_0. Optimizations did not improve timing on the net.
INFO: [Physopt 32-702] Processed net design_1_i/pid_controller_0/inst/design_1_i/initial_math_0/inst/velocity1__0_i_2119_n_0. Optimizations did not improve timing on the net.
INFO: [Physopt 32-702] Processed net design_1_i/pid_controller_0/inst/design_1_i/initial_math_0/inst/velocity1__0_i_2124_n_0. Optimizations did not improve timing on the net.
INFO: [Physopt 32-702] Processed net design_1_i/pid_controller_0/inst/design_1_i/initial_math_0/inst/velocity1__0_i_2129_n_0. Optimizations did not improve timing on the net.
INFO: [Physopt 32-702] Processed net design_1_i/pid_controller_0/inst/design_1_i/initial_math_0/inst/velocity1__0_i_2134_n_0. Optimizations did not improve timing on the net.
INFO: [Physopt 32-702] Processed net design_1_i/pid_controller_0/inst/design_1_i/initial_math_0/inst/velocity1__0_i_2139_n_0. Optimizations did not improve timing on the net.
INFO: [Physopt 32-702] Processed net design_1_i/pid_controller_0/inst/design_1_i/initial_math_0/inst/velocity1__0_i_2144_n_0. Optimizations did not improve timing on the net.
INFO: [Physopt 32-702] Processed net design_1_i/pid_controller_0/inst/design_1_i/initial_math_0/inst/velocity1__0_i_2149_n_0. Optimizations did not improve timing on the net.
INFO: [Physopt 32-702] Processed net design_1_i/pid_controller_0/inst/design_1_i/initial_math_0/inst/velocity1__0_i_2154_n_0. Optimizations did not improve timing on the net.
INFO: [Physopt 32-702] Processed net design_1_i/pid_controller_0/inst/design_1_i/initial_math_0/inst/velocity1__0_i_2159_n_0. Optimizations did not improve timing on the net.
INFO: [Physopt 32-702] Processed net design_1_i/pid_controller_0/inst/design_1_i/initial_math_0/inst/velocity1__0_i_2164_n_0. Optimizations did not improve timing on the net.
INFO: [Physopt 32-702] Processed net design_1_i/pid_controller_0/inst/design_1_i/initial_math_0/inst/velocity1__0_i_2169_n_0. Optimizations did not improve timing on the net.
INFO: [Physopt 32-702] Processed net design_1_i/pid_controller_0/inst/design_1_i/initial_math_0/inst/velocity1__0_i_2174_n_0. Optimizations did not improve timing on the net.
INFO: [Physopt 32-702] Processed net design_1_i/pid_controller_0/inst/design_1_i/initial_math_0/inst/velocity1__0_i_2179_n_0. Optimizations did not improve timing on the net.
INFO: [Physopt 32-702] Processed net design_1_i/pid_controller_0/inst/design_1_i/initial_math_0/inst/velocity1__0_i_2184_n_0. Optimizations did not improve timing on the net.
INFO: [Physopt 32-702] Processed net design_1_i/pid_controller_0/inst/design_1_i/initial_math_0/inst/velocity1__0_i_2189_n_0. Optimizations did not improve timing on the net.
INFO: [Physopt 32-702] Processed net design_1_i/pid_controller_0/inst/design_1_i/initial_math_0/inst/velocity1__0_i_2281_n_0. Optimizations did not improve timing on the net.
INFO: [Physopt 32-702] Processed net design_1_i/pid_controller_0/inst/design_1_i/initial_math_0/inst/velocity1__0_i_2199_n_2. Optimizations did not improve timing on the net.
INFO: [Physopt 32-702] Processed net design_1_i/pid_controller_0/inst/design_1_i/initial_math_0/inst/velocity1__0_i_2200_n_0. Optimizations did not improve timing on the net.
INFO: [Physopt 32-702] Processed net design_1_i/pid_controller_0/inst/design_1_i/initial_math_0/inst/velocity1__0_i_2203_n_0. Optimizations did not improve timing on the net.
INFO: [Physopt 32-702] Processed net design_1_i/pid_controller_0/inst/design_1_i/initial_math_0/inst/velocity1__0_i_2208_n_0. Optimizations did not improve timing on the net.
INFO: [Physopt 32-702] Processed net design_1_i/pid_controller_0/inst/design_1_i/initial_math_0/inst/velocity1__0_i_2213_n_0. Optimizations did not improve timing on the net.
INFO: [Physopt 32-702] Processed net design_1_i/pid_controller_0/inst/design_1_i/initial_math_0/inst/velocity1__0_i_2218_n_0. Optimizations did not improve timing on the net.
INFO: [Physopt 32-702] Processed net design_1_i/pid_controller_0/inst/design_1_i/initial_math_0/inst/velocity1__0_i_2223_n_0. Optimizations did not improve timing on the net.
INFO: [Physopt 32-702] Processed net design_1_i/pid_controller_0/inst/design_1_i/initial_math_0/inst/velocity1__0_i_2228_n_0. Optimizations did not improve timing on the net.
INFO: [Physopt 32-702] Processed net design_1_i/pid_controller_0/inst/design_1_i/initial_math_0/inst/velocity1__0_i_2233_n_0. Optimizations did not improve timing on the net.
INFO: [Physopt 32-702] Processed net design_1_i/pid_controller_0/inst/design_1_i/initial_math_0/inst/velocity1__0_i_2238_n_0. Optimizations did not improve timing on the net.
INFO: [Physopt 32-702] Processed net design_1_i/pid_controller_0/inst/design_1_i/initial_math_0/inst/velocity1__0_i_2243_n_0. Optimizations did not improve timing on the net.
INFO: [Physopt 32-702] Processed net design_1_i/pid_controller_0/inst/design_1_i/initial_math_0/inst/velocity1__0_i_2248_n_0. Optimizations did not improve timing on the net.
INFO: [Physopt 32-702] Processed net design_1_i/pid_controller_0/inst/design_1_i/initial_math_0/inst/velocity1__0_i_2253_n_0. Optimizations did not improve timing on the net.
INFO: [Physopt 32-702] Processed net design_1_i/pid_controller_0/inst/design_1_i/initial_math_0/inst/velocity1__0_i_2258_n_0. Optimizations did not improve timing on the net.
INFO: [Physopt 32-702] Processed net design_1_i/pid_controller_0/inst/design_1_i/initial_math_0/inst/velocity1__0_i_2263_n_0. Optimizations did not improve timing on the net.
INFO: [Physopt 32-702] Processed net design_1_i/pid_controller_0/inst/design_1_i/initial_math_0/inst/velocity1__0_i_2268_n_0. Optimizations did not improve timing on the net.
INFO: [Physopt 32-702] Processed net design_1_i/pid_controller_0/inst/design_1_i/initial_math_0/inst/velocity1__0_i_2273_n_0. Optimizations did not improve timing on the net.
INFO: [Physopt 32-702] Processed net design_1_i/pid_controller_0/inst/design_1_i/initial_math_0/inst/velocity1__0_i_2364_n_0. Optimizations did not improve timing on the net.
INFO: [Physopt 32-702] Processed net design_1_i/pid_controller_0/inst/design_1_i/initial_math_0/inst/velocity1__0_i_2282_n_2. Optimizations did not improve timing on the net.
INFO: [Physopt 32-702] Processed net design_1_i/pid_controller_0/inst/design_1_i/initial_math_0/inst/velocity1__0_i_2283_n_0. Optimizations did not improve timing on the net.
INFO: [Physopt 32-702] Processed net design_1_i/pid_controller_0/inst/design_1_i/initial_math_0/inst/velocity1__0_i_2286_n_0. Optimizations did not improve timing on the net.
INFO: [Physopt 32-702] Processed net design_1_i/pid_controller_0/inst/design_1_i/initial_math_0/inst/velocity1__0_i_2291_n_0. Optimizations did not improve timing on the net.
INFO: [Physopt 32-702] Processed net design_1_i/pid_controller_0/inst/design_1_i/initial_math_0/inst/velocity1__0_i_2296_n_0. Optimizations did not improve timing on the net.
INFO: [Physopt 32-702] Processed net design_1_i/pid_controller_0/inst/design_1_i/initial_math_0/inst/velocity1__0_i_2301_n_0. Optimizations did not improve timing on the net.
INFO: [Physopt 32-702] Processed net design_1_i/pid_controller_0/inst/design_1_i/initial_math_0/inst/velocity1__0_i_2306_n_0. Optimizations did not improve timing on the net.
INFO: [Physopt 32-702] Processed net design_1_i/pid_controller_0/inst/design_1_i/initial_math_0/inst/velocity1__0_i_2311_n_0. Optimizations did not improve timing on the net.
INFO: [Physopt 32-702] Processed net design_1_i/pid_controller_0/inst/design_1_i/initial_math_0/inst/velocity1__0_i_2316_n_0. Optimizations did not improve timing on the net.
INFO: [Physopt 32-702] Processed net design_1_i/pid_controller_0/inst/design_1_i/initial_math_0/inst/velocity1__0_i_2321_n_0. Optimizations did not improve timing on the net.
INFO: [Physopt 32-702] Processed net design_1_i/pid_controller_0/inst/design_1_i/initial_math_0/inst/velocity1__0_i_2326_n_0. Optimizations did not improve timing on the net.
INFO: [Physopt 32-702] Processed net design_1_i/pid_controller_0/inst/design_1_i/initial_math_0/inst/velocity1__0_i_2331_n_0. Optimizations did not improve timing on the net.
INFO: [Physopt 32-702] Processed net design_1_i/pid_controller_0/inst/design_1_i/initial_math_0/inst/velocity1__0_i_2336_n_0. Optimizations did not improve timing on the net.
INFO: [Physopt 32-702] Processed net design_1_i/pid_controller_0/inst/design_1_i/initial_math_0/inst/velocity1__0_i_2341_n_0. Optimizations did not improve timing on the net.
INFO: [Physopt 32-702] Processed net design_1_i/pid_controller_0/inst/design_1_i/initial_math_0/inst/velocity1__0_i_2346_n_0. Optimizations did not improve timing on the net.
INFO: [Physopt 32-702] Processed net design_1_i/pid_controller_0/inst/design_1_i/initial_math_0/inst/velocity1__0_i_2351_n_0. Optimizations did not improve timing on the net.
INFO: [Physopt 32-702] Processed net design_1_i/pid_controller_0/inst/design_1_i/initial_math_0/inst/velocity1__0_i_2356_n_0. Optimizations did not improve timing on the net.
INFO: [Physopt 32-702] Processed net design_1_i/pid_controller_0/inst/design_1_i/initial_math_0/inst/velocity1__0_i_2447_n_0. Optimizations did not improve timing on the net.
INFO: [Physopt 32-702] Processed net design_1_i/pid_controller_0/inst/design_1_i/initial_math_0/inst/velocity1__0_i_2365_n_2. Optimizations did not improve timing on the net.
INFO: [Physopt 32-702] Processed net design_1_i/pid_controller_0/inst/design_1_i/initial_math_0/inst/velocity1__0_i_2366_n_0. Optimizations did not improve timing on the net.
INFO: [Physopt 32-702] Processed net design_1_i/pid_controller_0/inst/design_1_i/initial_math_0/inst/velocity1__0_i_2369_n_0. Optimizations did not improve timing on the net.
INFO: [Physopt 32-702] Processed net design_1_i/pid_controller_0/inst/design_1_i/initial_math_0/inst/velocity1__0_i_2374_n_0. Optimizations did not improve timing on the net.
INFO: [Physopt 32-702] Processed net design_1_i/pid_controller_0/inst/design_1_i/initial_math_0/inst/velocity1__0_i_2379_n_0. Optimizations did not improve timing on the net.
INFO: [Physopt 32-702] Processed net design_1_i/pid_controller_0/inst/design_1_i/initial_math_0/inst/velocity1__0_i_2384_n_0. Optimizations did not improve timing on the net.
INFO: [Physopt 32-702] Processed net design_1_i/pid_controller_0/inst/design_1_i/initial_math_0/inst/velocity1__0_i_2389_n_0. Optimizations did not improve timing on the net.
INFO: [Physopt 32-702] Processed net design_1_i/pid_controller_0/inst/design_1_i/initial_math_0/inst/velocity1__0_i_2394_n_0. Optimizations did not improve timing on the net.
INFO: [Physopt 32-702] Processed net design_1_i/pid_controller_0/inst/design_1_i/initial_math_0/inst/velocity1__0_i_2399_n_0. Optimizations did not improve timing on the net.
INFO: [Physopt 32-702] Processed net design_1_i/pid_controller_0/inst/design_1_i/initial_math_0/inst/velocity1__0_i_2404_n_0. Optimizations did not improve timing on the net.
INFO: [Physopt 32-702] Processed net design_1_i/pid_controller_0/inst/design_1_i/initial_math_0/inst/velocity1__0_i_2409_n_0. Optimizations did not improve timing on the net.
INFO: [Physopt 32-702] Processed net design_1_i/pid_controller_0/inst/design_1_i/initial_math_0/inst/velocity1__0_i_2414_n_0. Optimizations did not improve timing on the net.
INFO: [Physopt 32-702] Processed net design_1_i/pid_controller_0/inst/design_1_i/initial_math_0/inst/velocity1__0_i_2419_n_0. Optimizations did not improve timing on the net.
INFO: [Physopt 32-702] Processed net design_1_i/pid_controller_0/inst/design_1_i/initial_math_0/inst/velocity1__0_i_2424_n_0. Optimizations did not improve timing on the net.
INFO: [Physopt 32-702] Processed net design_1_i/pid_controller_0/inst/design_1_i/initial_math_0/inst/velocity1__0_i_2429_n_0. Optimizations did not improve timing on the net.
INFO: [Physopt 32-702] Processed net design_1_i/pid_controller_0/inst/design_1_i/initial_math_0/inst/velocity1__0_i_2434_n_0. Optimizations did not improve timing on the net.
INFO: [Physopt 32-702] Processed net design_1_i/pid_controller_0/inst/design_1_i/initial_math_0/inst/velocity1__0_i_2439_n_0. Optimizations did not improve timing on the net.
INFO: [Physopt 32-702] Processed net design_1_i/pid_controller_0/inst/design_1_i/initial_math_0/inst/velocity1__0_i_2530_n_0. Optimizations did not improve timing on the net.
INFO: [Physopt 32-702] Processed net design_1_i/pid_controller_0/inst/design_1_i/initial_math_0/inst/velocity1__0_i_2448_n_2. Optimizations did not improve timing on the net.
INFO: [Physopt 32-702] Processed net design_1_i/pid_controller_0/inst/design_1_i/initial_math_0/inst/velocity1__0_i_2449_n_0. Optimizations did not improve timing on the net.
INFO: [Physopt 32-702] Processed net design_1_i/pid_controller_0/inst/design_1_i/initial_math_0/inst/velocity1__0_i_2452_n_0. Optimizations did not improve timing on the net.
INFO: [Physopt 32-702] Processed net design_1_i/pid_controller_0/inst/design_1_i/initial_math_0/inst/velocity1__0_i_2457_n_0. Optimizations did not improve timing on the net.
INFO: [Physopt 32-702] Processed net design_1_i/pid_controller_0/inst/design_1_i/initial_math_0/inst/velocity1__0_i_2462_n_0. Optimizations did not improve timing on the net.
INFO: [Physopt 32-702] Processed net design_1_i/pid_controller_0/inst/design_1_i/initial_math_0/inst/velocity1__0_i_2467_n_0. Optimizations did not improve timing on the net.
INFO: [Physopt 32-702] Processed net design_1_i/pid_controller_0/inst/design_1_i/initial_math_0/inst/velocity1__0_i_2472_n_0. Optimizations did not improve timing on the net.
INFO: [Physopt 32-702] Processed net design_1_i/pid_controller_0/inst/design_1_i/initial_math_0/inst/velocity1__0_i_2477_n_0. Optimizations did not improve timing on the net.
INFO: [Physopt 32-702] Processed net design_1_i/pid_controller_0/inst/design_1_i/initial_math_0/inst/velocity1__0_i_2482_n_0. Optimizations did not improve timing on the net.
INFO: [Physopt 32-702] Processed net design_1_i/pid_controller_0/inst/design_1_i/initial_math_0/inst/velocity1__0_i_2487_n_0. Optimizations did not improve timing on the net.
INFO: [Physopt 32-702] Processed net design_1_i/pid_controller_0/inst/design_1_i/initial_math_0/inst/velocity1__0_i_2492_n_0. Optimizations did not improve timing on the net.
INFO: [Physopt 32-702] Processed net design_1_i/pid_controller_0/inst/design_1_i/initial_math_0/inst/velocity1__0_i_2497_n_0. Optimizations did not improve timing on the net.
INFO: [Physopt 32-702] Processed net design_1_i/pid_controller_0/inst/design_1_i/initial_math_0/inst/velocity1__0_i_2502_n_0. Optimizations did not improve timing on the net.
INFO: [Physopt 32-702] Processed net design_1_i/pid_controller_0/inst/design_1_i/initial_math_0/inst/velocity1__0_i_2507_n_0. Optimizations did not improve timing on the net.
INFO: [Physopt 32-702] Processed net design_1_i/pid_controller_0/inst/design_1_i/initial_math_0/inst/velocity1__0_i_2512_n_0. Optimizations did not improve timing on the net.
INFO: [Physopt 32-702] Processed net design_1_i/pid_controller_0/inst/design_1_i/initial_math_0/inst/velocity1__0_i_2517_n_0. Optimizations did not improve timing on the net.
INFO: [Physopt 32-702] Processed net design_1_i/pid_controller_0/inst/design_1_i/initial_math_0/inst/velocity1__0_i_2522_n_0. Optimizations did not improve timing on the net.
INFO: [Physopt 32-702] Processed net design_1_i/pid_controller_0/inst/design_1_i/initial_math_0/inst/velocity1__0_i_2614_n_0. Optimizations did not improve timing on the net.
INFO: [Physopt 32-702] Processed net design_1_i/pid_controller_0/inst/design_1_i/initial_math_0/inst/velocity1__0_i_2532_n_2. Optimizations did not improve timing on the net.
INFO: [Physopt 32-702] Processed net design_1_i/pid_controller_0/inst/design_1_i/initial_math_0/inst/velocity1__0_i_2533_n_0. Optimizations did not improve timing on the net.
INFO: [Physopt 32-702] Processed net design_1_i/pid_controller_0/inst/design_1_i/initial_math_0/inst/velocity1__0_i_2536_n_0. Optimizations did not improve timing on the net.
INFO: [Physopt 32-702] Processed net design_1_i/pid_controller_0/inst/design_1_i/initial_math_0/inst/velocity1__0_i_2541_n_0. Optimizations did not improve timing on the net.
INFO: [Physopt 32-702] Processed net design_1_i/pid_controller_0/inst/design_1_i/initial_math_0/inst/velocity1__0_i_2546_n_0. Optimizations did not improve timing on the net.
INFO: [Physopt 32-702] Processed net design_1_i/pid_controller_0/inst/design_1_i/initial_math_0/inst/velocity1__0_i_2551_n_0. Optimizations did not improve timing on the net.
INFO: [Physopt 32-702] Processed net design_1_i/pid_controller_0/inst/design_1_i/initial_math_0/inst/velocity1__0_i_2556_n_0. Optimizations did not improve timing on the net.
INFO: [Physopt 32-702] Processed net design_1_i/pid_controller_0/inst/design_1_i/initial_math_0/inst/velocity1__0_i_2561_n_0. Optimizations did not improve timing on the net.
INFO: [Physopt 32-702] Processed net design_1_i/pid_controller_0/inst/design_1_i/initial_math_0/inst/velocity1__0_i_2566_n_0. Optimizations did not improve timing on the net.
INFO: [Physopt 32-702] Processed net design_1_i/pid_controller_0/inst/design_1_i/initial_math_0/inst/velocity1__0_i_2571_n_0. Optimizations did not improve timing on the net.
INFO: [Physopt 32-702] Processed net design_1_i/pid_controller_0/inst/design_1_i/initial_math_0/inst/velocity1__0_i_2576_n_0. Optimizations did not improve timing on the net.
INFO: [Physopt 32-702] Processed net design_1_i/pid_controller_0/inst/design_1_i/initial_math_0/inst/velocity1__0_i_2581_n_0. Optimizations did not improve timing on the net.
INFO: [Physopt 32-702] Processed net design_1_i/pid_controller_0/inst/design_1_i/initial_math_0/inst/velocity1__0_i_2586_n_0. Optimizations did not improve timing on the net.
INFO: [Physopt 32-702] Processed net design_1_i/pid_controller_0/inst/design_1_i/initial_math_0/inst/velocity1__0_i_2591_n_0. Optimizations did not improve timing on the net.
INFO: [Physopt 32-702] Processed net design_1_i/pid_controller_0/inst/design_1_i/initial_math_0/inst/velocity1__0_i_2596_n_0. Optimizations did not improve timing on the net.
INFO: [Physopt 32-702] Processed net design_1_i/pid_controller_0/inst/design_1_i/initial_math_0/inst/velocity1__0_i_2601_n_0. Optimizations did not improve timing on the net.
INFO: [Physopt 32-702] Processed net design_1_i/pid_controller_0/inst/design_1_i/initial_math_0/inst/velocity1__0_i_2606_n_0. Optimizations did not improve timing on the net.
INFO: [Physopt 32-702] Processed net design_1_i/pid_controller_0/inst/design_1_i/initial_math_0/inst/velocity1__0_i_2697_n_0. Optimizations did not improve timing on the net.
INFO: [Physopt 32-702] Processed net design_1_i/pid_controller_0/inst/design_1_i/initial_math_0/inst/velocity1__0_i_2615_n_2. Optimizations did not improve timing on the net.
INFO: [Physopt 32-702] Processed net design_1_i/pid_controller_0/inst/design_1_i/initial_math_0/inst/velocity1__0_i_2616_n_0. Optimizations did not improve timing on the net.
INFO: [Physopt 32-702] Processed net design_1_i/pid_controller_0/inst/design_1_i/initial_math_0/inst/velocity1__0_i_2619_n_0. Optimizations did not improve timing on the net.
INFO: [Physopt 32-702] Processed net design_1_i/pid_controller_0/inst/design_1_i/initial_math_0/inst/velocity1__0_i_2624_n_0. Optimizations did not improve timing on the net.
INFO: [Physopt 32-702] Processed net design_1_i/pid_controller_0/inst/design_1_i/initial_math_0/inst/velocity1__0_i_2629_n_0. Optimizations did not improve timing on the net.
INFO: [Physopt 32-702] Processed net design_1_i/pid_controller_0/inst/design_1_i/initial_math_0/inst/velocity1__0_i_2634_n_0. Optimizations did not improve timing on the net.
INFO: [Physopt 32-702] Processed net design_1_i/pid_controller_0/inst/design_1_i/initial_math_0/inst/velocity1__0_i_2639_n_0. Optimizations did not improve timing on the net.
INFO: [Physopt 32-702] Processed net design_1_i/pid_controller_0/inst/design_1_i/initial_math_0/inst/velocity1__0_i_2644_n_0. Optimizations did not improve timing on the net.
INFO: [Physopt 32-702] Processed net design_1_i/pid_controller_0/inst/design_1_i/initial_math_0/inst/velocity1__0_i_2649_n_0. Optimizations did not improve timing on the net.
INFO: [Physopt 32-702] Processed net design_1_i/pid_controller_0/inst/design_1_i/initial_math_0/inst/velocity1__0_i_2654_n_0. Optimizations did not improve timing on the net.
INFO: [Physopt 32-702] Processed net design_1_i/pid_controller_0/inst/design_1_i/initial_math_0/inst/velocity1__0_i_2659_n_0. Optimizations did not improve timing on the net.
INFO: [Physopt 32-702] Processed net design_1_i/pid_controller_0/inst/design_1_i/initial_math_0/inst/velocity1__0_i_2664_n_0. Optimizations did not improve timing on the net.
INFO: [Physopt 32-702] Processed net design_1_i/pid_controller_0/inst/design_1_i/initial_math_0/inst/velocity1__0_i_2669_n_0. Optimizations did not improve timing on the net.
INFO: [Physopt 32-702] Processed net design_1_i/pid_controller_0/inst/design_1_i/initial_math_0/inst/velocity1__0_i_2674_n_0. Optimizations did not improve timing on the net.
INFO: [Physopt 32-702] Processed net design_1_i/pid_controller_0/inst/design_1_i/initial_math_0/inst/velocity1__0_i_2679_n_0. Optimizations did not improve timing on the net.
INFO: [Physopt 32-702] Processed net design_1_i/pid_controller_0/inst/design_1_i/initial_math_0/inst/velocity1__0_i_2684_n_0. Optimizations did not improve timing on the net.
INFO: [Physopt 32-702] Processed net design_1_i/pid_controller_0/inst/design_1_i/initial_math_0/inst/velocity1__0_i_2689_n_0. Optimizations did not improve timing on the net.
INFO: [Physopt 32-702] Processed net design_1_i/pid_controller_0/inst/design_1_i/initial_math_0/inst/velocity1__0_i_2780_n_0. Optimizations did not improve timing on the net.
INFO: [Physopt 32-702] Processed net design_1_i/pid_controller_0/inst/design_1_i/initial_math_0/inst/velocity1__0_i_2698_n_2. Optimizations did not improve timing on the net.
INFO: [Physopt 32-702] Processed net design_1_i/pid_controller_0/inst/design_1_i/initial_math_0/inst/velocity1__0_i_2699_n_0. Optimizations did not improve timing on the net.
INFO: [Physopt 32-702] Processed net design_1_i/pid_controller_0/inst/design_1_i/initial_math_0/inst/velocity1__0_i_2702_n_0. Optimizations did not improve timing on the net.
INFO: [Physopt 32-702] Processed net design_1_i/pid_controller_0/inst/design_1_i/initial_math_0/inst/velocity1__0_i_2707_n_0. Optimizations did not improve timing on the net.
INFO: [Physopt 32-702] Processed net design_1_i/pid_controller_0/inst/design_1_i/initial_math_0/inst/velocity1__0_i_2712_n_0. Optimizations did not improve timing on the net.
INFO: [Physopt 32-702] Processed net design_1_i/pid_controller_0/inst/design_1_i/initial_math_0/inst/velocity1__0_i_2717_n_0. Optimizations did not improve timing on the net.
INFO: [Physopt 32-702] Processed net design_1_i/pid_controller_0/inst/design_1_i/initial_math_0/inst/velocity1__0_i_2722_n_0. Optimizations did not improve timing on the net.
INFO: [Physopt 32-702] Processed net design_1_i/pid_controller_0/inst/design_1_i/initial_math_0/inst/velocity1__0_i_2727_n_0. Optimizations did not improve timing on the net.
INFO: [Physopt 32-702] Processed net design_1_i/pid_controller_0/inst/design_1_i/initial_math_0/inst/velocity1__0_i_2732_n_0. Optimizations did not improve timing on the net.
INFO: [Physopt 32-702] Processed net design_1_i/pid_controller_0/inst/design_1_i/initial_math_0/inst/velocity1__0_i_2737_n_0. Optimizations did not improve timing on the net.
INFO: [Physopt 32-702] Processed net design_1_i/pid_controller_0/inst/design_1_i/initial_math_0/inst/velocity1__0_i_2742_n_0. Optimizations did not improve timing on the net.
INFO: [Physopt 32-702] Processed net design_1_i/pid_controller_0/inst/design_1_i/initial_math_0/inst/velocity1__0_i_2747_n_0. Optimizations did not improve timing on the net.
INFO: [Physopt 32-702] Processed net design_1_i/pid_controller_0/inst/design_1_i/initial_math_0/inst/velocity1__0_i_2752_n_0. Optimizations did not improve timing on the net.
INFO: [Physopt 32-702] Processed net design_1_i/pid_controller_0/inst/design_1_i/initial_math_0/inst/velocity1__0_i_2757_n_0. Optimizations did not improve timing on the net.
INFO: [Physopt 32-702] Processed net design_1_i/pid_controller_0/inst/design_1_i/initial_math_0/inst/velocity1__0_i_2762_n_0. Optimizations did not improve timing on the net.
INFO: [Physopt 32-702] Processed net design_1_i/pid_controller_0/inst/design_1_i/initial_math_0/inst/velocity1__0_i_2767_n_0. Optimizations did not improve timing on the net.
INFO: [Physopt 32-702] Processed net design_1_i/pid_controller_0/inst/design_1_i/initial_math_0/inst/velocity1__0_i_2772_n_0. Optimizations did not improve timing on the net.
INFO: [Physopt 32-702] Processed net design_1_i/pid_controller_0/inst/design_1_i/initial_math_0/inst/velocity1__0_i_2863_n_0. Optimizations did not improve timing on the net.
INFO: [Physopt 32-702] Processed net design_1_i/pid_controller_0/inst/design_1_i/initial_math_0/inst/velocity1__0_i_2781_n_2. Optimizations did not improve timing on the net.
INFO: [Physopt 32-702] Processed net design_1_i/pid_controller_0/inst/design_1_i/initial_math_0/inst/velocity1__0_i_2782_n_0. Optimizations did not improve timing on the net.
INFO: [Physopt 32-702] Processed net design_1_i/pid_controller_0/inst/design_1_i/initial_math_0/inst/velocity1__0_i_2785_n_0. Optimizations did not improve timing on the net.
INFO: [Physopt 32-702] Processed net design_1_i/pid_controller_0/inst/design_1_i/initial_math_0/inst/velocity1__0_i_2790_n_0. Optimizations did not improve timing on the net.
INFO: [Physopt 32-702] Processed net design_1_i/pid_controller_0/inst/design_1_i/initial_math_0/inst/velocity1__0_i_2795_n_0. Optimizations did not improve timing on the net.
INFO: [Physopt 32-702] Processed net design_1_i/pid_controller_0/inst/design_1_i/initial_math_0/inst/velocity1__0_i_2800_n_0. Optimizations did not improve timing on the net.
INFO: [Physopt 32-702] Processed net design_1_i/pid_controller_0/inst/design_1_i/initial_math_0/inst/velocity1__0_i_2805_n_0. Optimizations did not improve timing on the net.
INFO: [Physopt 32-702] Processed net design_1_i/pid_controller_0/inst/design_1_i/initial_math_0/inst/velocity1__0_i_2810_n_0. Optimizations did not improve timing on the net.
INFO: [Physopt 32-702] Processed net design_1_i/pid_controller_0/inst/design_1_i/initial_math_0/inst/velocity1__0_i_2815_n_0. Optimizations did not improve timing on the net.
INFO: [Physopt 32-702] Processed net design_1_i/pid_controller_0/inst/design_1_i/initial_math_0/inst/velocity1__0_i_2820_n_0. Optimizations did not improve timing on the net.
INFO: [Physopt 32-702] Processed net design_1_i/pid_controller_0/inst/design_1_i/initial_math_0/inst/velocity1__0_i_2825_n_0. Optimizations did not improve timing on the net.
INFO: [Physopt 32-702] Processed net design_1_i/pid_controller_0/inst/design_1_i/initial_math_0/inst/velocity1__0_i_2830_n_0. Optimizations did not improve timing on the net.
INFO: [Physopt 32-702] Processed net design_1_i/pid_controller_0/inst/design_1_i/initial_math_0/inst/velocity1__0_i_2835_n_0. Optimizations did not improve timing on the net.
INFO: [Physopt 32-702] Processed net design_1_i/pid_controller_0/inst/design_1_i/initial_math_0/inst/velocity1__0_i_2840_n_0. Optimizations did not improve timing on the net.
INFO: [Physopt 32-702] Processed net design_1_i/pid_controller_0/inst/design_1_i/initial_math_0/inst/velocity1__0_i_2845_n_0. Optimizations did not improve timing on the net.
INFO: [Physopt 32-702] Processed net design_1_i/pid_controller_0/inst/design_1_i/initial_math_0/inst/velocity1__0_i_2850_n_0. Optimizations did not improve timing on the net.
INFO: [Physopt 32-702] Processed net design_1_i/pid_controller_0/inst/design_1_i/initial_math_0/inst/velocity1__0_i_2855_n_0. Optimizations did not improve timing on the net.
INFO: [Physopt 32-702] Processed net design_1_i/pid_controller_0/inst/design_1_i/initial_math_0/inst/velocity1__0_i_2947_n_0. Optimizations did not improve timing on the net.
INFO: [Physopt 32-702] Processed net design_1_i/pid_controller_0/inst/design_1_i/initial_math_0/inst/velocity1__0_i_2865_n_2. Optimizations did not improve timing on the net.
INFO: [Physopt 32-702] Processed net design_1_i/pid_controller_0/inst/design_1_i/initial_math_0/inst/velocity1__0_i_2866_n_0. Optimizations did not improve timing on the net.
INFO: [Physopt 32-702] Processed net design_1_i/pid_controller_0/inst/design_1_i/initial_math_0/inst/velocity1__0_i_2869_n_0. Optimizations did not improve timing on the net.
INFO: [Physopt 32-702] Processed net design_1_i/pid_controller_0/inst/design_1_i/initial_math_0/inst/velocity1__0_i_2874_n_0. Optimizations did not improve timing on the net.
INFO: [Physopt 32-702] Processed net design_1_i/pid_controller_0/inst/design_1_i/initial_math_0/inst/velocity1__0_i_2879_n_0. Optimizations did not improve timing on the net.
INFO: [Physopt 32-702] Processed net design_1_i/pid_controller_0/inst/design_1_i/initial_math_0/inst/velocity1__0_i_2884_n_0. Optimizations did not improve timing on the net.
INFO: [Physopt 32-702] Processed net design_1_i/pid_controller_0/inst/design_1_i/initial_math_0/inst/velocity1__0_i_2889_n_0. Optimizations did not improve timing on the net.
INFO: [Physopt 32-702] Processed net design_1_i/pid_controller_0/inst/design_1_i/initial_math_0/inst/velocity1__0_i_2894_n_0. Optimizations did not improve timing on the net.
INFO: [Physopt 32-702] Processed net design_1_i/pid_controller_0/inst/design_1_i/initial_math_0/inst/velocity1__0_i_2899_n_0. Optimizations did not improve timing on the net.
INFO: [Physopt 32-702] Processed net design_1_i/pid_controller_0/inst/design_1_i/initial_math_0/inst/velocity1__0_i_2904_n_0. Optimizations did not improve timing on the net.
INFO: [Physopt 32-702] Processed net design_1_i/pid_controller_0/inst/design_1_i/initial_math_0/inst/velocity1__0_i_2909_n_0. Optimizations did not improve timing on the net.
INFO: [Physopt 32-702] Processed net design_1_i/pid_controller_0/inst/design_1_i/initial_math_0/inst/velocity1__0_i_2914_n_0. Optimizations did not improve timing on the net.
INFO: [Physopt 32-702] Processed net design_1_i/pid_controller_0/inst/design_1_i/initial_math_0/inst/velocity1__0_i_2919_n_0. Optimizations did not improve timing on the net.
INFO: [Physopt 32-702] Processed net design_1_i/pid_controller_0/inst/design_1_i/initial_math_0/inst/velocity1__0_i_2924_n_0. Optimizations did not improve timing on the net.
INFO: [Physopt 32-702] Processed net design_1_i/pid_controller_0/inst/design_1_i/initial_math_0/inst/velocity1__0_i_2929_n_0. Optimizations did not improve timing on the net.
INFO: [Physopt 32-702] Processed net design_1_i/pid_controller_0/inst/design_1_i/initial_math_0/inst/velocity1__0_i_2934_n_0. Optimizations did not improve timing on the net.
INFO: [Physopt 32-702] Processed net design_1_i/pid_controller_0/inst/design_1_i/initial_math_0/inst/velocity1__0_i_2939_n_0. Optimizations did not improve timing on the net.
INFO: [Physopt 32-702] Processed net design_1_i/pid_controller_0/inst/design_1_i/initial_math_0/inst/velocity1__0_i_3030_n_0. Optimizations did not improve timing on the net.
INFO: [Physopt 32-702] Processed net design_1_i/pid_controller_0/inst/design_1_i/initial_math_0/inst/velocity1__0_i_2948_n_2. Optimizations did not improve timing on the net.
INFO: [Physopt 32-702] Processed net design_1_i/pid_controller_0/inst/design_1_i/initial_math_0/inst/velocity1__0_i_2949_n_0. Optimizations did not improve timing on the net.
INFO: [Physopt 32-702] Processed net design_1_i/pid_controller_0/inst/design_1_i/initial_math_0/inst/velocity1__0_i_2952_n_0. Optimizations did not improve timing on the net.
INFO: [Physopt 32-702] Processed net design_1_i/pid_controller_0/inst/design_1_i/initial_math_0/inst/velocity1__0_i_2957_n_0. Optimizations did not improve timing on the net.
INFO: [Physopt 32-702] Processed net design_1_i/pid_controller_0/inst/design_1_i/initial_math_0/inst/velocity1__0_i_2962_n_0. Optimizations did not improve timing on the net.
INFO: [Physopt 32-702] Processed net design_1_i/pid_controller_0/inst/design_1_i/initial_math_0/inst/velocity1__0_i_2967_n_0. Optimizations did not improve timing on the net.
INFO: [Physopt 32-702] Processed net design_1_i/pid_controller_0/inst/design_1_i/initial_math_0/inst/velocity1__0_i_2972_n_0. Optimizations did not improve timing on the net.
INFO: [Physopt 32-702] Processed net design_1_i/pid_controller_0/inst/design_1_i/initial_math_0/inst/velocity1__0_i_2977_n_0. Optimizations did not improve timing on the net.
INFO: [Physopt 32-702] Processed net design_1_i/pid_controller_0/inst/design_1_i/initial_math_0/inst/velocity1__0_i_2982_n_0. Optimizations did not improve timing on the net.
INFO: [Physopt 32-702] Processed net design_1_i/pid_controller_0/inst/design_1_i/initial_math_0/inst/velocity1__0_i_2987_n_0. Optimizations did not improve timing on the net.
INFO: [Physopt 32-702] Processed net design_1_i/pid_controller_0/inst/design_1_i/initial_math_0/inst/velocity1__0_i_2992_n_0. Optimizations did not improve timing on the net.
INFO: [Physopt 32-702] Processed net design_1_i/pid_controller_0/inst/design_1_i/initial_math_0/inst/velocity1__0_i_2997_n_0. Optimizations did not improve timing on the net.
INFO: [Physopt 32-702] Processed net design_1_i/pid_controller_0/inst/design_1_i/initial_math_0/inst/velocity1__0_i_3002_n_0. Optimizations did not improve timing on the net.
INFO: [Physopt 32-702] Processed net design_1_i/pid_controller_0/inst/design_1_i/initial_math_0/inst/velocity1__0_i_3007_n_0. Optimizations did not improve timing on the net.
INFO: [Physopt 32-702] Processed net design_1_i/pid_controller_0/inst/design_1_i/initial_math_0/inst/velocity1__0_i_3012_n_0. Optimizations did not improve timing on the net.
INFO: [Physopt 32-702] Processed net design_1_i/pid_controller_0/inst/design_1_i/initial_math_0/inst/velocity1__0_i_3017_n_0. Optimizations did not improve timing on the net.
INFO: [Physopt 32-702] Processed net design_1_i/pid_controller_0/inst/design_1_i/initial_math_0/inst/velocity1__0_i_3022_n_0. Optimizations did not improve timing on the net.
INFO: [Physopt 32-702] Processed net design_1_i/pid_controller_0/inst/design_1_i/initial_math_0/inst/velocity1__0_i_3113_n_0. Optimizations did not improve timing on the net.
INFO: [Physopt 32-702] Processed net design_1_i/pid_controller_0/inst/design_1_i/initial_math_0/inst/velocity1__0_i_3031_n_2. Optimizations did not improve timing on the net.
INFO: [Physopt 32-702] Processed net design_1_i/pid_controller_0/inst/design_1_i/initial_math_0/inst/velocity1__0_i_3032_n_0. Optimizations did not improve timing on the net.
INFO: [Physopt 32-702] Processed net design_1_i/pid_controller_0/inst/design_1_i/initial_math_0/inst/velocity1__0_i_3035_n_0. Optimizations did not improve timing on the net.
INFO: [Physopt 32-702] Processed net design_1_i/pid_controller_0/inst/design_1_i/initial_math_0/inst/velocity1__0_i_3040_n_0. Optimizations did not improve timing on the net.
INFO: [Physopt 32-702] Processed net design_1_i/pid_controller_0/inst/design_1_i/initial_math_0/inst/velocity1__0_i_3045_n_0. Optimizations did not improve timing on the net.
INFO: [Physopt 32-702] Processed net design_1_i/pid_controller_0/inst/design_1_i/initial_math_0/inst/velocity1__0_i_3050_n_0. Optimizations did not improve timing on the net.
INFO: [Physopt 32-702] Processed net design_1_i/pid_controller_0/inst/design_1_i/initial_math_0/inst/velocity1__0_i_3055_n_0. Optimizations did not improve timing on the net.
INFO: [Physopt 32-702] Processed net design_1_i/pid_controller_0/inst/design_1_i/initial_math_0/inst/velocity1__0_i_3060_n_0. Optimizations did not improve timing on the net.
INFO: [Physopt 32-702] Processed net design_1_i/pid_controller_0/inst/design_1_i/initial_math_0/inst/velocity1__0_i_3065_n_0. Optimizations did not improve timing on the net.
INFO: [Physopt 32-702] Processed net design_1_i/pid_controller_0/inst/design_1_i/initial_math_0/inst/velocity1__0_i_3070_n_0. Optimizations did not improve timing on the net.
INFO: [Physopt 32-702] Processed net design_1_i/pid_controller_0/inst/design_1_i/initial_math_0/inst/velocity1__0_i_3075_n_0. Optimizations did not improve timing on the net.
INFO: [Physopt 32-702] Processed net design_1_i/pid_controller_0/inst/design_1_i/initial_math_0/inst/velocity1__0_i_3080_n_0. Optimizations did not improve timing on the net.
INFO: [Physopt 32-702] Processed net design_1_i/pid_controller_0/inst/design_1_i/initial_math_0/inst/velocity1__0_i_3085_n_0. Optimizations did not improve timing on the net.
INFO: [Physopt 32-702] Processed net design_1_i/pid_controller_0/inst/design_1_i/initial_math_0/inst/velocity1__0_i_3090_n_0. Optimizations did not improve timing on the net.
INFO: [Physopt 32-702] Processed net design_1_i/pid_controller_0/inst/design_1_i/initial_math_0/inst/velocity1__0_i_3095_n_0. Optimizations did not improve timing on the net.
INFO: [Physopt 32-702] Processed net design_1_i/pid_controller_0/inst/design_1_i/initial_math_0/inst/velocity1__0_i_3100_n_0. Optimizations did not improve timing on the net.
INFO: [Physopt 32-702] Processed net design_1_i/pid_controller_0/inst/design_1_i/initial_math_0/inst/velocity1__0_i_3105_n_0. Optimizations did not improve timing on the net.
INFO: [Physopt 32-702] Processed net design_1_i/pid_controller_0/inst/design_1_i/initial_math_0/inst/velocity1__0_i_3196_n_0. Optimizations did not improve timing on the net.
INFO: [Physopt 32-702] Processed net design_1_i/pid_controller_0/inst/design_1_i/initial_math_0/inst/velocity1__0_i_3114_n_3. Optimizations did not improve timing on the net.
INFO: [Physopt 32-702] Processed net design_1_i/pid_controller_0/inst/design_1_i/initial_math_0/inst/velocity1__0_i_3115_n_0. Optimizations did not improve timing on the net.
INFO: [Physopt 32-702] Processed net design_1_i/pid_controller_0/inst/design_1_i/initial_math_0/inst/velocity1__0_i_3118_n_0. Optimizations did not improve timing on the net.
INFO: [Physopt 32-702] Processed net design_1_i/pid_controller_0/inst/design_1_i/initial_math_0/inst/velocity1__0_i_3123_n_0. Optimizations did not improve timing on the net.
INFO: [Physopt 32-702] Processed net design_1_i/pid_controller_0/inst/design_1_i/initial_math_0/inst/velocity1__0_i_3128_n_0. Optimizations did not improve timing on the net.
INFO: [Physopt 32-702] Processed net design_1_i/pid_controller_0/inst/design_1_i/initial_math_0/inst/velocity1__0_i_3133_n_0. Optimizations did not improve timing on the net.
INFO: [Physopt 32-702] Processed net design_1_i/pid_controller_0/inst/design_1_i/initial_math_0/inst/velocity1__0_i_3138_n_0. Optimizations did not improve timing on the net.
INFO: [Physopt 32-702] Processed net design_1_i/pid_controller_0/inst/design_1_i/initial_math_0/inst/velocity1__0_i_3143_n_0. Optimizations did not improve timing on the net.
INFO: [Physopt 32-702] Processed net design_1_i/pid_controller_0/inst/design_1_i/initial_math_0/inst/velocity1__0_i_3148_n_0. Optimizations did not improve timing on the net.
INFO: [Physopt 32-702] Processed net design_1_i/pid_controller_0/inst/design_1_i/initial_math_0/inst/velocity1__0_i_3153_n_0. Optimizations did not improve timing on the net.
INFO: [Physopt 32-702] Processed net design_1_i/pid_controller_0/inst/design_1_i/initial_math_0/inst/velocity1__0_i_3158_n_0. Optimizations did not improve timing on the net.
INFO: [Physopt 32-702] Processed net design_1_i/pid_controller_0/inst/design_1_i/initial_math_0/inst/velocity1__0_i_3163_n_0. Optimizations did not improve timing on the net.
INFO: [Physopt 32-702] Processed net design_1_i/pid_controller_0/inst/design_1_i/initial_math_0/inst/velocity1__0_i_3168_n_0. Optimizations did not improve timing on the net.
INFO: [Physopt 32-702] Processed net design_1_i/pid_controller_0/inst/design_1_i/initial_math_0/inst/velocity1__0_i_3173_n_0. Optimizations did not improve timing on the net.
INFO: [Physopt 32-702] Processed net design_1_i/pid_controller_0/inst/design_1_i/initial_math_0/inst/velocity1__0_i_3178_n_0. Optimizations did not improve timing on the net.
INFO: [Physopt 32-702] Processed net design_1_i/pid_controller_0/inst/design_1_i/initial_math_0/inst/velocity1__0_i_3183_n_0. Optimizations did not improve timing on the net.
INFO: [Physopt 32-702] Processed net design_1_i/pid_controller_0/inst/design_1_i/initial_math_0/inst/velocity1__0_i_3188_n_0. Optimizations did not improve timing on the net.
INFO: [Physopt 32-702] Processed net design_1_i/pid_controller_0/inst/design_1_i/time_calc_0/inst/S[0]. Optimizations did not improve timing on the net.
INFO: [Physopt 32-702] Processed net design_1_i/pid_controller_0/inst/design_1_i/initial_math_0/inst/velocity1_i_24[0]. Optimizations did not improve timing on the net.
INFO: [Physopt 32-702] Processed net design_1_i/pid_controller_0/inst/design_1_i/initial_math_0/inst/velocity1__0_i_2864_n_0. Optimizations did not improve timing on the net.
INFO: [Physopt 32-702] Processed net design_1_i/pid_controller_0/inst/design_1_i/initial_math_0/inst/velocity1__0_i_2531_n_0. Optimizations did not improve timing on the net.
INFO: [Physopt 32-702] Processed net design_1_i/pid_controller_0/inst/design_1_i/initial_math_0/inst/velocity1__0_i_2198_n_0. Optimizations did not improve timing on the net.
INFO: [Physopt 32-702] Processed net design_1_i/pid_controller_0/inst/design_1_i/initial_math_0/inst/velocity1__0_i_1948_n_0. Optimizations did not improve timing on the net.
INFO: [Physopt 32-702] Processed net design_1_i/pid_controller_0/inst/design_1_i/initial_math_0/inst/velocity1__0_i_1947_n_0. Optimizations did not improve timing on the net.
INFO: [Physopt 32-702] Processed net design_1_i/pid_controller_0/inst/design_1_i/initial_math_0/inst/velocity1__0_i_1946_n_0. Optimizations did not improve timing on the net.
INFO: [Physopt 32-702] Processed net design_1_i/pid_controller_0/inst/design_1_i/initial_math_0/inst/velocity1__0_i_1945_n_0. Optimizations did not improve timing on the net.
INFO: [Physopt 32-702] Processed net design_1_i/pid_controller_0/inst/design_1_i/prev_value_flip_flop_0/inst/error_reg[31]_0[0]. Optimizations did not improve timing on the net.
INFO: [Physopt 32-702] Processed net design_1_i/pid_controller_0/inst/design_1_i/prev_value_flip_flop_0/inst/velocity1_i_60_n_0. Optimizations did not improve timing on the net.
INFO: [Physopt 32-702] Processed net design_1_i/pid_controller_0/inst/design_1_i/prev_value_flip_flop_0/inst/velocity1_i_134_n_0. Optimizations did not improve timing on the net.
INFO: [Physopt 32-702] Processed net design_1_i/pid_controller_0/inst/design_1_i/prev_value_flip_flop_0/inst/velocity1_i_239_n_0. Optimizations did not improve timing on the net.
INFO: [Physopt 32-702] Processed net design_1_i/pid_controller_0/inst/design_1_i/prev_value_flip_flop_0/inst/velocity1_i_350_n_0. Optimizations did not improve timing on the net.
INFO: [Physopt 32-702] Processed net design_1_i/pid_controller_0/inst/design_1_i/prev_value_flip_flop_0/inst/velocity1_i_466_n_0. Optimizations did not improve timing on the net.
INFO: [Physopt 32-702] Processed net design_1_i/pid_controller_0/inst/design_1_i/prev_value_flip_flop_0/inst/velocity1_i_587_n_0. Optimizations did not improve timing on the net.
INFO: [Physopt 32-702] Processed net design_1_i/pid_controller_0/inst/design_1_i/prev_value_flip_flop_0/inst/velocity1_i_713_n_0. Optimizations did not improve timing on the net.
INFO: [Physopt 32-735] Processed net design_1_i/pid_controller_0/inst/design_1_i/prev_value_flip_flop_0/inst/velocity1_i_845_n_0. Optimization improves timing on the net.
INFO: [Physopt 32-619] Estimated Timing Summary | WNS=-245.076 | TNS=-7825.944 |
INFO: [Physopt 32-735] Processed net design_1_i/pid_controller_0/inst/design_1_i/prev_value_flip_flop_0/inst/velocity1_i_588_n_0. Optimization improves timing on the net.
INFO: [Physopt 32-619] Estimated Timing Summary | WNS=-245.071 | TNS=-7825.784 |
INFO: [Physopt 32-702] Processed net design_1_i/pid_controller_0/inst/design_1_i/prev_value_flip_flop_0/inst/velocity1_i_847_n_0. Optimizations did not improve timing on the net.
INFO: [Physopt 32-702] Processed net design_1_i/pid_controller_0/inst/design_1_i/initial_math_0/inst/error0[5]. Optimizations did not improve timing on the net.
INFO: [Physopt 32-702] Processed net design_1_i/pid_controller_0/inst/design_1_i/initial_math_0/inst/error_reg[3]_i_1_n_0. Optimizations did not improve timing on the net.
INFO: [Physopt 32-702] Processed net design_1_i/pid_controller_0/inst/design_1_i/initial_math_0/inst/error[3]_i_4_n_0. Optimizations did not improve timing on the net.
INFO: [Physopt 32-702] Processed net design_1_i/pid_controller_0/inst/design_1_i/time_calc_0/inst/dt_reg[63]_rep__29_0[13]. Optimizations did not improve timing on the net.
INFO: [Physopt 32-662] Processed net design_1_i/AXI_PID_Controller_P_0/inst/AXI_PID_Controller_Peripheral_v1_0_S00_AXI_inst/pid_target_angle[1].  Did not re-place instance design_1_i/AXI_PID_Controller_P_0/inst/AXI_PID_Controller_Peripheral_v1_0_S00_AXI_inst/slv_reg5_reg[1]
INFO: [Physopt 32-81] Processed net design_1_i/AXI_PID_Controller_P_0/inst/AXI_PID_Controller_Peripheral_v1_0_S00_AXI_inst/pid_target_angle[1]. Replicated 1 times.
INFO: [Physopt 32-735] Processed net design_1_i/AXI_PID_Controller_P_0/inst/AXI_PID_Controller_Peripheral_v1_0_S00_AXI_inst/pid_target_angle[1]. Optimization improves timing on the net.
INFO: [Physopt 32-619] Estimated Timing Summary | WNS=-245.057 | TNS=-7825.336 |
INFO: [Physopt 32-662] Processed net design_1_i/AXI_PID_Controller_P_0/inst/AXI_PID_Controller_Peripheral_v1_0_S00_AXI_inst/pid_target_angle[1]_repN.  Did not re-place instance design_1_i/AXI_PID_Controller_P_0/inst/AXI_PID_Controller_Peripheral_v1_0_S00_AXI_inst/slv_reg5_reg[1]_replica
INFO: [Physopt 32-572] Net design_1_i/AXI_PID_Controller_P_0/inst/AXI_PID_Controller_Peripheral_v1_0_S00_AXI_inst/pid_target_angle[1]_repN was not replicated.
Resolution: phys_opt_design can be forced to replicate a net driver using the option -force_replication_on_nets <list of net objects>.
INFO: [Physopt 32-702] Processed net design_1_i/AXI_PID_Controller_P_0/inst/AXI_PID_Controller_Peripheral_v1_0_S00_AXI_inst/pid_target_angle[1]_repN. Optimizations did not improve timing on the net.
INFO: [Physopt 32-702] Processed net design_1_i/pid_controller_0/inst/design_1_i/time_calc_0/inst/velocity1__0_i_2_psdsp_n. Optimizations did not improve timing on the net.
INFO: [Physopt 32-702] Processed net design_1_i/processing_system7_0/inst/FCLK_CLK_unbuffered[0]. Optimizations did not improve timing on the net.
INFO: [Physopt 32-702] Processed net design_1_i/pid_controller_0/inst/design_1_i/initial_math_0/inst/derivative1[29]. Optimizations did not improve timing on the net.
INFO: [Physopt 32-662] Processed net design_1_i/pid_controller_0/inst/design_1_i/initial_math_0/inst/velocity1_i_106_n_0.  Did not re-place instance design_1_i/pid_controller_0/inst/design_1_i/initial_math_0/inst/velocity1_i_106
INFO: [Physopt 32-702] Processed net design_1_i/pid_controller_0/inst/design_1_i/initial_math_0/inst/velocity1_i_106_n_0. Optimizations did not improve timing on the net.
INFO: [Physopt 32-702] Processed net design_1_i/pid_controller_0/inst/design_1_i/initial_math_0/inst/derivative10_in[0]. Optimizations did not improve timing on the net.
INFO: [Physopt 32-702] Processed net design_1_i/pid_controller_0/inst/design_1_i/initial_math_0/inst/derivative10_in[1]. Optimizations did not improve timing on the net.
INFO: [Physopt 32-702] Processed net design_1_i/pid_controller_0/inst/design_1_i/initial_math_0/inst/velocity1_i_2127_n_0. Optimizations did not improve timing on the net.
INFO: [Physopt 32-702] Processed net design_1_i/pid_controller_0/inst/design_1_i/initial_math_0/inst/derivative10_in[2]. Optimizations did not improve timing on the net.
INFO: [Physopt 32-702] Processed net design_1_i/pid_controller_0/inst/design_1_i/initial_math_0/inst/velocity1_i_2132_n_0. Optimizations did not improve timing on the net.
INFO: [Physopt 32-702] Processed net design_1_i/pid_controller_0/inst/design_1_i/initial_math_0/inst/derivative10_in[3]. Optimizations did not improve timing on the net.
INFO: [Physopt 32-702] Processed net design_1_i/pid_controller_0/inst/design_1_i/initial_math_0/inst/velocity1_i_2140_n_0. Optimizations did not improve timing on the net.
INFO: [Physopt 32-702] Processed net design_1_i/pid_controller_0/inst/design_1_i/initial_math_0/inst/derivative10_in[4]. Optimizations did not improve timing on the net.
INFO: [Physopt 32-702] Processed net design_1_i/pid_controller_0/inst/design_1_i/initial_math_0/inst/velocity1_i_2144_n_0. Optimizations did not improve timing on the net.
INFO: [Physopt 32-702] Processed net design_1_i/pid_controller_0/inst/design_1_i/initial_math_0/inst/derivative10_in[5]. Optimizations did not improve timing on the net.
INFO: [Physopt 32-702] Processed net design_1_i/pid_controller_0/inst/design_1_i/initial_math_0/inst/velocity1_i_2148_n_0. Optimizations did not improve timing on the net.
INFO: [Physopt 32-702] Processed net design_1_i/pid_controller_0/inst/design_1_i/initial_math_0/inst/derivative10_in[6]. Optimizations did not improve timing on the net.
INFO: [Physopt 32-702] Processed net design_1_i/pid_controller_0/inst/design_1_i/initial_math_0/inst/velocity1_i_2152_n_0. Optimizations did not improve timing on the net.
INFO: [Physopt 32-702] Processed net design_1_i/pid_controller_0/inst/design_1_i/initial_math_0/inst/derivative10_in[7]. Optimizations did not improve timing on the net.
INFO: [Physopt 32-702] Processed net design_1_i/pid_controller_0/inst/design_1_i/initial_math_0/inst/velocity1_i_2156_n_0. Optimizations did not improve timing on the net.
INFO: [Physopt 32-702] Processed net design_1_i/pid_controller_0/inst/design_1_i/initial_math_0/inst/derivative10_in[8]. Optimizations did not improve timing on the net.
INFO: [Physopt 32-702] Processed net design_1_i/pid_controller_0/inst/design_1_i/initial_math_0/inst/velocity1_i_2160_n_0. Optimizations did not improve timing on the net.
INFO: [Physopt 32-702] Processed net design_1_i/pid_controller_0/inst/design_1_i/initial_math_0/inst/derivative10_in[9]. Optimizations did not improve timing on the net.
INFO: [Physopt 32-702] Processed net design_1_i/pid_controller_0/inst/design_1_i/initial_math_0/inst/velocity1_i_2164_n_0. Optimizations did not improve timing on the net.
INFO: [Physopt 32-702] Processed net design_1_i/pid_controller_0/inst/design_1_i/initial_math_0/inst/derivative10_in[10]. Optimizations did not improve timing on the net.
INFO: [Physopt 32-702] Processed net design_1_i/pid_controller_0/inst/design_1_i/initial_math_0/inst/velocity1_i_2168_n_0. Optimizations did not improve timing on the net.
INFO: [Physopt 32-702] Processed net design_1_i/pid_controller_0/inst/design_1_i/initial_math_0/inst/derivative10_in[11]. Optimizations did not improve timing on the net.
INFO: [Physopt 32-702] Processed net design_1_i/pid_controller_0/inst/design_1_i/initial_math_0/inst/velocity1_i_2172_n_0. Optimizations did not improve timing on the net.
INFO: [Physopt 32-702] Processed net design_1_i/pid_controller_0/inst/design_1_i/initial_math_0/inst/derivative10_in[12]. Optimizations did not improve timing on the net.
INFO: [Physopt 32-702] Processed net design_1_i/pid_controller_0/inst/design_1_i/initial_math_0/inst/velocity1_i_2176_n_0. Optimizations did not improve timing on the net.
INFO: [Physopt 32-702] Processed net design_1_i/pid_controller_0/inst/design_1_i/initial_math_0/inst/derivative10_in[13]. Optimizations did not improve timing on the net.
INFO: [Physopt 32-702] Processed net design_1_i/pid_controller_0/inst/design_1_i/initial_math_0/inst/velocity1_i_2180_n_0. Optimizations did not improve timing on the net.
INFO: [Physopt 32-702] Processed net design_1_i/pid_controller_0/inst/design_1_i/initial_math_0/inst/derivative10_in[14]. Optimizations did not improve timing on the net.
INFO: [Physopt 32-702] Processed net design_1_i/pid_controller_0/inst/design_1_i/initial_math_0/inst/velocity1_i_2184_n_0. Optimizations did not improve timing on the net.
INFO: [Physopt 32-702] Processed net design_1_i/pid_controller_0/inst/design_1_i/initial_math_0/inst/derivative10_in[15]. Optimizations did not improve timing on the net.
INFO: [Physopt 32-702] Processed net design_1_i/pid_controller_0/inst/design_1_i/initial_math_0/inst/velocity1_i_2188_n_0. Optimizations did not improve timing on the net.
INFO: [Physopt 32-702] Processed net design_1_i/pid_controller_0/inst/design_1_i/initial_math_0/inst/derivative10_in[16]. Optimizations did not improve timing on the net.
INFO: [Physopt 32-702] Processed net design_1_i/pid_controller_0/inst/design_1_i/initial_math_0/inst/velocity1_i_2192_n_0. Optimizations did not improve timing on the net.
INFO: [Physopt 32-702] Processed net design_1_i/pid_controller_0/inst/design_1_i/initial_math_0/inst/derivative10_in[17]. Optimizations did not improve timing on the net.
INFO: [Physopt 32-702] Processed net design_1_i/pid_controller_0/inst/design_1_i/initial_math_0/inst/velocity1_i_2196_n_0. Optimizations did not improve timing on the net.
INFO: [Physopt 32-702] Processed net design_1_i/pid_controller_0/inst/design_1_i/initial_math_0/inst/derivative10_in[18]. Optimizations did not improve timing on the net.
INFO: [Physopt 32-702] Processed net design_1_i/pid_controller_0/inst/design_1_i/initial_math_0/inst/velocity1_i_2200_n_0. Optimizations did not improve timing on the net.
INFO: [Physopt 32-702] Processed net design_1_i/pid_controller_0/inst/design_1_i/initial_math_0/inst/derivative10_in[19]. Optimizations did not improve timing on the net.
INFO: [Physopt 32-702] Processed net design_1_i/pid_controller_0/inst/design_1_i/initial_math_0/inst/velocity1_i_2204_n_0. Optimizations did not improve timing on the net.
INFO: [Physopt 32-702] Processed net design_1_i/pid_controller_0/inst/design_1_i/initial_math_0/inst/derivative10_in[20]. Optimizations did not improve timing on the net.
INFO: [Physopt 32-702] Processed net design_1_i/pid_controller_0/inst/design_1_i/initial_math_0/inst/velocity1_i_2208_n_0. Optimizations did not improve timing on the net.
INFO: [Physopt 32-702] Processed net design_1_i/pid_controller_0/inst/design_1_i/initial_math_0/inst/derivative10_in[21]. Optimizations did not improve timing on the net.
INFO: [Physopt 32-702] Processed net design_1_i/pid_controller_0/inst/design_1_i/initial_math_0/inst/velocity1_i_2212_n_0. Optimizations did not improve timing on the net.
INFO: [Physopt 32-702] Processed net design_1_i/pid_controller_0/inst/design_1_i/initial_math_0/inst/derivative10_in[22]. Optimizations did not improve timing on the net.
INFO: [Physopt 32-702] Processed net design_1_i/pid_controller_0/inst/design_1_i/initial_math_0/inst/velocity1_i_2216_n_0. Optimizations did not improve timing on the net.
INFO: [Physopt 32-702] Processed net design_1_i/pid_controller_0/inst/design_1_i/initial_math_0/inst/derivative10_in[23]. Optimizations did not improve timing on the net.
INFO: [Physopt 32-702] Processed net design_1_i/pid_controller_0/inst/design_1_i/initial_math_0/inst/velocity1_i_2220_n_0. Optimizations did not improve timing on the net.
INFO: [Physopt 32-702] Processed net design_1_i/pid_controller_0/inst/design_1_i/initial_math_0/inst/derivative10_in[24]. Optimizations did not improve timing on the net.
INFO: [Physopt 32-702] Processed net design_1_i/pid_controller_0/inst/design_1_i/initial_math_0/inst/velocity1_i_2224_n_0. Optimizations did not improve timing on the net.
INFO: [Physopt 32-702] Processed net design_1_i/pid_controller_0/inst/design_1_i/initial_math_0/inst/derivative10_in[25]. Optimizations did not improve timing on the net.
INFO: [Physopt 32-702] Processed net design_1_i/pid_controller_0/inst/design_1_i/initial_math_0/inst/velocity1_i_2228_n_0. Optimizations did not improve timing on the net.
INFO: [Physopt 32-702] Processed net design_1_i/pid_controller_0/inst/design_1_i/initial_math_0/inst/derivative10_in[26]. Optimizations did not improve timing on the net.
INFO: [Physopt 32-702] Processed net design_1_i/pid_controller_0/inst/design_1_i/initial_math_0/inst/velocity1_i_2232_n_0. Optimizations did not improve timing on the net.
INFO: [Physopt 32-702] Processed net design_1_i/pid_controller_0/inst/design_1_i/initial_math_0/inst/derivative10_in[27]. Optimizations did not improve timing on the net.
INFO: [Physopt 32-702] Processed net design_1_i/pid_controller_0/inst/design_1_i/initial_math_0/inst/velocity1_i_2236_n_0. Optimizations did not improve timing on the net.
INFO: [Physopt 32-702] Processed net design_1_i/pid_controller_0/inst/design_1_i/initial_math_0/inst/derivative10_in[28]. Optimizations did not improve timing on the net.
INFO: [Physopt 32-702] Processed net design_1_i/pid_controller_0/inst/design_1_i/initial_math_0/inst/velocity1_i_2240_n_0. Optimizations did not improve timing on the net.
INFO: [Physopt 32-702] Processed net design_1_i/pid_controller_0/inst/design_1_i/initial_math_0/inst/derivative10_in[29]. Optimizations did not improve timing on the net.
INFO: [Physopt 32-702] Processed net design_1_i/pid_controller_0/inst/design_1_i/initial_math_0/inst/velocity1_i_2244_n_0. Optimizations did not improve timing on the net.
INFO: [Physopt 32-702] Processed net design_1_i/pid_controller_0/inst/design_1_i/initial_math_0/inst/derivative10_in[30]. Optimizations did not improve timing on the net.
INFO: [Physopt 32-702] Processed net design_1_i/pid_controller_0/inst/design_1_i/initial_math_0/inst/velocity1_i_2248_n_0. Optimizations did not improve timing on the net.
INFO: [Physopt 32-702] Processed net design_1_i/pid_controller_0/inst/design_1_i/initial_math_0/inst/derivative10_in[31]. Optimizations did not improve timing on the net.
INFO: [Physopt 32-702] Processed net design_1_i/pid_controller_0/inst/design_1_i/initial_math_0/inst/velocity1_i_2252_n_0. Optimizations did not improve timing on the net.
INFO: [Physopt 32-702] Processed net design_1_i/pid_controller_0/inst/design_1_i/initial_math_0/inst/velocity1__0_i_39_n_2. Optimizations did not improve timing on the net.
INFO: [Physopt 32-702] Processed net design_1_i/pid_controller_0/inst/design_1_i/initial_math_0/inst/velocity1_i_2256_n_0. Optimizations did not improve timing on the net.
INFO: [Physopt 32-702] Processed net design_1_i/pid_controller_0/inst/design_1_i/initial_math_0/inst/velocity1__0_i_102_n_2. Optimizations did not improve timing on the net.
INFO: [Physopt 32-702] Processed net design_1_i/pid_controller_0/inst/design_1_i/initial_math_0/inst/velocity1__0_i_1809_n_0. Optimizations did not improve timing on the net.
INFO: [Physopt 32-702] Processed net design_1_i/pid_controller_0/inst/design_1_i/initial_math_0/inst/velocity1__0_i_186_n_2. Optimizations did not improve timing on the net.
INFO: [Physopt 32-702] Processed net design_1_i/pid_controller_0/inst/design_1_i/initial_math_0/inst/velocity1__0_i_1813_n_0. Optimizations did not improve timing on the net.
INFO: [Physopt 32-702] Processed net design_1_i/pid_controller_0/inst/design_1_i/initial_math_0/inst/velocity1__0_i_275_n_2. Optimizations did not improve timing on the net.
INFO: [Physopt 32-702] Processed net design_1_i/pid_controller_0/inst/design_1_i/initial_math_0/inst/velocity1__0_i_1817_n_0. Optimizations did not improve timing on the net.
INFO: [Physopt 32-702] Processed net design_1_i/pid_controller_0/inst/design_1_i/initial_math_0/inst/velocity1__0_i_369_n_2. Optimizations did not improve timing on the net.
INFO: [Physopt 32-702] Processed net design_1_i/pid_controller_0/inst/design_1_i/initial_math_0/inst/velocity1__0_i_1821_n_0. Optimizations did not improve timing on the net.
INFO: [Physopt 32-702] Processed net design_1_i/pid_controller_0/inst/design_1_i/initial_math_0/inst/velocity1__0_i_468_n_2. Optimizations did not improve timing on the net.
INFO: [Physopt 32-702] Processed net design_1_i/pid_controller_0/inst/design_1_i/initial_math_0/inst/velocity1__0_i_1825_n_0. Optimizations did not improve timing on the net.
INFO: [Physopt 32-702] Processed net design_1_i/pid_controller_0/inst/design_1_i/initial_math_0/inst/velocity1__0_i_572_n_2. Optimizations did not improve timing on the net.
INFO: [Physopt 32-702] Processed net design_1_i/pid_controller_0/inst/design_1_i/initial_math_0/inst/velocity1__0_i_1829_n_0. Optimizations did not improve timing on the net.
INFO: [Physopt 32-702] Processed net design_1_i/pid_controller_0/inst/design_1_i/initial_math_0/inst/velocity1__0_i_681_n_2. Optimizations did not improve timing on the net.
INFO: [Physopt 32-702] Processed net design_1_i/pid_controller_0/inst/design_1_i/initial_math_0/inst/velocity1__0_i_1833_n_0. Optimizations did not improve timing on the net.
INFO: [Physopt 32-702] Processed net design_1_i/pid_controller_0/inst/design_1_i/initial_math_0/inst/velocity1__0_i_795_n_2. Optimizations did not improve timing on the net.
INFO: [Physopt 32-702] Processed net design_1_i/pid_controller_0/inst/design_1_i/initial_math_0/inst/velocity1__0_i_1837_n_0. Optimizations did not improve timing on the net.
INFO: [Physopt 32-702] Processed net design_1_i/pid_controller_0/inst/design_1_i/initial_math_0/inst/velocity1__0_i_914_n_2. Optimizations did not improve timing on the net.
INFO: [Physopt 32-702] Processed net design_1_i/pid_controller_0/inst/design_1_i/initial_math_0/inst/velocity1__0_i_1841_n_0. Optimizations did not improve timing on the net.
INFO: [Physopt 32-702] Processed net design_1_i/pid_controller_0/inst/design_1_i/initial_math_0/inst/velocity1__0_i_1038_n_2. Optimizations did not improve timing on the net.
INFO: [Physopt 32-702] Processed net design_1_i/pid_controller_0/inst/design_1_i/initial_math_0/inst/velocity1__0_i_1845_n_0. Optimizations did not improve timing on the net.
INFO: [Physopt 32-702] Processed net design_1_i/pid_controller_0/inst/design_1_i/initial_math_0/inst/velocity1__0_i_1167_n_2. Optimizations did not improve timing on the net.
INFO: [Physopt 32-702] Processed net design_1_i/pid_controller_0/inst/design_1_i/initial_math_0/inst/velocity1__0_i_1849_n_0. Optimizations did not improve timing on the net.
INFO: [Physopt 32-702] Processed net design_1_i/pid_controller_0/inst/design_1_i/initial_math_0/inst/velocity1__0_i_1301_n_2. Optimizations did not improve timing on the net.
INFO: [Physopt 32-702] Processed net design_1_i/pid_controller_0/inst/design_1_i/initial_math_0/inst/velocity1__0_i_1853_n_0. Optimizations did not improve timing on the net.
INFO: [Physopt 32-702] Processed net design_1_i/pid_controller_0/inst/design_1_i/initial_math_0/inst/velocity1__0_i_1440_n_2. Optimizations did not improve timing on the net.
INFO: [Physopt 32-702] Processed net design_1_i/pid_controller_0/inst/design_1_i/initial_math_0/inst/velocity1__0_i_1857_n_0. Optimizations did not improve timing on the net.
INFO: [Physopt 32-702] Processed net design_1_i/pid_controller_0/inst/design_1_i/initial_math_0/inst/velocity1__0_i_1583_n_2. Optimizations did not improve timing on the net.
INFO: [Physopt 32-702] Processed net design_1_i/pid_controller_0/inst/design_1_i/initial_math_0/inst/velocity1__0_i_1861_n_0. Optimizations did not improve timing on the net.
INFO: [Physopt 32-702] Processed net design_1_i/pid_controller_0/inst/design_1_i/initial_math_0/inst/velocity1__0_i_1727_n_2. Optimizations did not improve timing on the net.
INFO: [Physopt 32-702] Processed net design_1_i/pid_controller_0/inst/design_1_i/initial_math_0/inst/velocity1__0_i_1944_n_0. Optimizations did not improve timing on the net.
INFO: [Physopt 32-702] Processed net design_1_i/pid_controller_0/inst/design_1_i/initial_math_0/inst/velocity1__0_i_1862_n_2. Optimizations did not improve timing on the net.
INFO: [Physopt 32-702] Processed net design_1_i/pid_controller_0/inst/design_1_i/initial_math_0/inst/velocity1__0_i_2031_n_0. Optimizations did not improve timing on the net.
INFO: [Physopt 32-702] Processed net design_1_i/pid_controller_0/inst/design_1_i/initial_math_0/inst/velocity1__0_i_1949_n_2. Optimizations did not improve timing on the net.
INFO: [Physopt 32-702] Processed net design_1_i/pid_controller_0/inst/design_1_i/initial_math_0/inst/velocity1__0_i_2114_n_0. Optimizations did not improve timing on the net.
INFO: [Physopt 32-702] Processed net design_1_i/pid_controller_0/inst/design_1_i/initial_math_0/inst/velocity1__0_i_2032_n_2. Optimizations did not improve timing on the net.
INFO: [Physopt 32-702] Processed net design_1_i/pid_controller_0/inst/design_1_i/initial_math_0/inst/velocity1__0_i_2197_n_0. Optimizations did not improve timing on the net.
INFO: [Physopt 32-702] Processed net design_1_i/pid_controller_0/inst/design_1_i/initial_math_0/inst/velocity1__0_i_2115_n_2. Optimizations did not improve timing on the net.
INFO: [Physopt 32-702] Processed net design_1_i/pid_controller_0/inst/design_1_i/initial_math_0/inst/velocity1__0_i_2281_n_0. Optimizations did not improve timing on the net.
INFO: [Physopt 32-702] Processed net design_1_i/pid_controller_0/inst/design_1_i/initial_math_0/inst/velocity1__0_i_2199_n_2. Optimizations did not improve timing on the net.
INFO: [Physopt 32-702] Processed net design_1_i/pid_controller_0/inst/design_1_i/initial_math_0/inst/velocity1__0_i_2364_n_0. Optimizations did not improve timing on the net.
INFO: [Physopt 32-702] Processed net design_1_i/pid_controller_0/inst/design_1_i/initial_math_0/inst/velocity1__0_i_2282_n_2. Optimizations did not improve timing on the net.
INFO: [Physopt 32-702] Processed net design_1_i/pid_controller_0/inst/design_1_i/initial_math_0/inst/velocity1__0_i_2447_n_0. Optimizations did not improve timing on the net.
INFO: [Physopt 32-702] Processed net design_1_i/pid_controller_0/inst/design_1_i/initial_math_0/inst/velocity1__0_i_2365_n_2. Optimizations did not improve timing on the net.
INFO: [Physopt 32-702] Processed net design_1_i/pid_controller_0/inst/design_1_i/initial_math_0/inst/velocity1__0_i_2530_n_0. Optimizations did not improve timing on the net.
INFO: [Physopt 32-702] Processed net design_1_i/pid_controller_0/inst/design_1_i/initial_math_0/inst/velocity1__0_i_2448_n_2. Optimizations did not improve timing on the net.
INFO: [Physopt 32-702] Processed net design_1_i/pid_controller_0/inst/design_1_i/initial_math_0/inst/velocity1__0_i_2614_n_0. Optimizations did not improve timing on the net.
INFO: [Physopt 32-702] Processed net design_1_i/pid_controller_0/inst/design_1_i/initial_math_0/inst/velocity1__0_i_2532_n_2. Optimizations did not improve timing on the net.
INFO: [Physopt 32-702] Processed net design_1_i/pid_controller_0/inst/design_1_i/initial_math_0/inst/velocity1__0_i_2697_n_0. Optimizations did not improve timing on the net.
INFO: [Physopt 32-702] Processed net design_1_i/pid_controller_0/inst/design_1_i/initial_math_0/inst/velocity1__0_i_2615_n_2. Optimizations did not improve timing on the net.
INFO: [Physopt 32-702] Processed net design_1_i/pid_controller_0/inst/design_1_i/initial_math_0/inst/velocity1__0_i_2780_n_0. Optimizations did not improve timing on the net.
INFO: [Physopt 32-702] Processed net design_1_i/pid_controller_0/inst/design_1_i/initial_math_0/inst/velocity1__0_i_2698_n_2. Optimizations did not improve timing on the net.
INFO: [Physopt 32-702] Processed net design_1_i/pid_controller_0/inst/design_1_i/initial_math_0/inst/velocity1__0_i_2863_n_0. Optimizations did not improve timing on the net.
INFO: [Physopt 32-702] Processed net design_1_i/pid_controller_0/inst/design_1_i/initial_math_0/inst/velocity1__0_i_2781_n_2. Optimizations did not improve timing on the net.
INFO: [Physopt 32-702] Processed net design_1_i/pid_controller_0/inst/design_1_i/initial_math_0/inst/velocity1__0_i_2947_n_0. Optimizations did not improve timing on the net.
INFO: [Physopt 32-702] Processed net design_1_i/pid_controller_0/inst/design_1_i/initial_math_0/inst/velocity1__0_i_2865_n_2. Optimizations did not improve timing on the net.
INFO: [Physopt 32-702] Processed net design_1_i/pid_controller_0/inst/design_1_i/initial_math_0/inst/velocity1__0_i_3030_n_0. Optimizations did not improve timing on the net.
INFO: [Physopt 32-702] Processed net design_1_i/pid_controller_0/inst/design_1_i/initial_math_0/inst/velocity1__0_i_2948_n_2. Optimizations did not improve timing on the net.
INFO: [Physopt 32-702] Processed net design_1_i/pid_controller_0/inst/design_1_i/initial_math_0/inst/velocity1__0_i_3113_n_0. Optimizations did not improve timing on the net.
INFO: [Physopt 32-702] Processed net design_1_i/pid_controller_0/inst/design_1_i/initial_math_0/inst/velocity1__0_i_3031_n_2. Optimizations did not improve timing on the net.
INFO: [Physopt 32-702] Processed net design_1_i/pid_controller_0/inst/design_1_i/initial_math_0/inst/velocity1__0_i_3196_n_0. Optimizations did not improve timing on the net.
INFO: [Physopt 32-702] Processed net design_1_i/pid_controller_0/inst/design_1_i/initial_math_0/inst/velocity1__0_i_3114_n_3. Optimizations did not improve timing on the net.
INFO: [Physopt 32-702] Processed net design_1_i/pid_controller_0/inst/design_1_i/time_calc_0/inst/S[0]. Optimizations did not improve timing on the net.
INFO: [Physopt 32-702] Processed net design_1_i/pid_controller_0/inst/design_1_i/initial_math_0/inst/velocity1_i_24[0]. Optimizations did not improve timing on the net.
INFO: [Physopt 32-702] Processed net design_1_i/pid_controller_0/inst/design_1_i/prev_value_flip_flop_0/inst/error_reg[31]_0[0]. Optimizations did not improve timing on the net.
INFO: [Physopt 32-702] Processed net design_1_i/pid_controller_0/inst/design_1_i/prev_value_flip_flop_0/inst/velocity1_i_847_n_0. Optimizations did not improve timing on the net.
INFO: [Physopt 32-702] Processed net design_1_i/pid_controller_0/inst/design_1_i/initial_math_0/inst/error0[5]. Optimizations did not improve timing on the net.
INFO: [Physopt 32-702] Processed net design_1_i/pid_controller_0/inst/design_1_i/initial_math_0/inst/error[3]_i_4_n_0. Optimizations did not improve timing on the net.
INFO: [Physopt 32-702] Processed net design_1_i/pid_controller_0/inst/design_1_i/time_calc_0/inst/dt_reg[63]_rep__29_0[13]. Optimizations did not improve timing on the net.
INFO: [Physopt 32-662] Processed net design_1_i/AXI_PID_Controller_P_0/inst/AXI_PID_Controller_Peripheral_v1_0_S00_AXI_inst/pid_target_angle[1]_repN.  Did not re-place instance design_1_i/AXI_PID_Controller_P_0/inst/AXI_PID_Controller_Peripheral_v1_0_S00_AXI_inst/slv_reg5_reg[1]_replica
INFO: [Physopt 32-702] Processed net design_1_i/AXI_PID_Controller_P_0/inst/AXI_PID_Controller_Peripheral_v1_0_S00_AXI_inst/pid_target_angle[1]_repN. Optimizations did not improve timing on the net.
INFO: [Physopt 32-619] Estimated Timing Summary | WNS=-245.057 | TNS=-7825.336 |
Phase 3 Critical Path Optimization | Checksum: 20bdd5a1f

Time (s): cpu = 00:00:50 ; elapsed = 00:00:36 . Memory (MB): peak = 3718.598 ; gain = 0.000 ; free physical = 1048 ; free virtual = 5264

Phase 4 Critical Path Optimization
INFO: [Physopt 32-619] Estimated Timing Summary | WNS=-245.057 | TNS=-7825.336 |
INFO: [Physopt 32-702] Processed net design_1_i/pid_controller_0/inst/design_1_i/time_calc_0/inst/velocity1__0_i_2_psdsp_n. Optimizations did not improve timing on the net.
INFO: [Physopt 32-702] Processed net design_1_i/processing_system7_0/inst/FCLK_CLK_unbuffered[0]. Optimizations did not improve timing on the net.
INFO: [Physopt 32-702] Processed net design_1_i/pid_controller_0/inst/design_1_i/initial_math_0/inst/derivative1[29]. Optimizations did not improve timing on the net.
INFO: [Physopt 32-702] Processed net design_1_i/pid_controller_0/inst/design_1_i/initial_math_0/inst/velocity1__0_i_20_n_0. Optimizations did not improve timing on the net.
INFO: [Physopt 32-702] Processed net design_1_i/pid_controller_0/inst/design_1_i/initial_math_0/inst/velocity1__0_i_25_n_0. Optimizations did not improve timing on the net.
INFO: [Physopt 32-702] Processed net design_1_i/pid_controller_0/inst/design_1_i/initial_math_0/inst/velocity1__0_i_30_n_0. Optimizations did not improve timing on the net.
INFO: [Physopt 32-702] Processed net design_1_i/pid_controller_0/inst/design_1_i/initial_math_0/inst/velocity1_i_23_n_0. Optimizations did not improve timing on the net.
INFO: [Physopt 32-702] Processed net design_1_i/pid_controller_0/inst/design_1_i/initial_math_0/inst/velocity1_i_29_n_0. Optimizations did not improve timing on the net.
INFO: [Physopt 32-702] Processed net design_1_i/pid_controller_0/inst/design_1_i/initial_math_0/inst/velocity1_i_34_n_0. Optimizations did not improve timing on the net.
INFO: [Physopt 32-702] Processed net design_1_i/pid_controller_0/inst/design_1_i/initial_math_0/inst/velocity1_i_39_n_0. Optimizations did not improve timing on the net.
INFO: [Physopt 32-662] Processed net design_1_i/pid_controller_0/inst/design_1_i/initial_math_0/inst/velocity1_i_106_n_0.  Did not re-place instance design_1_i/pid_controller_0/inst/design_1_i/initial_math_0/inst/velocity1_i_106
INFO: [Physopt 32-702] Processed net design_1_i/pid_controller_0/inst/design_1_i/initial_math_0/inst/velocity1_i_106_n_0. Optimizations did not improve timing on the net.
INFO: [Physopt 32-702] Processed net design_1_i/pid_controller_0/inst/design_1_i/initial_math_0/inst/derivative10_in[0]. Optimizations did not improve timing on the net.
INFO: [Physopt 32-702] Processed net design_1_i/pid_controller_0/inst/design_1_i/initial_math_0/inst/velocity1_i_44_n_0. Optimizations did not improve timing on the net.
INFO: [Physopt 32-702] Processed net design_1_i/pid_controller_0/inst/design_1_i/initial_math_0/inst/velocity1_i_122_n_0. Optimizations did not improve timing on the net.
INFO: [Physopt 32-702] Processed net design_1_i/pid_controller_0/inst/design_1_i/initial_math_0/inst/velocity1_i_219_n_0. Optimizations did not improve timing on the net.
INFO: [Physopt 32-702] Processed net design_1_i/pid_controller_0/inst/design_1_i/initial_math_0/inst/velocity1_i_324_n_0. Optimizations did not improve timing on the net.
INFO: [Physopt 32-702] Processed net design_1_i/pid_controller_0/inst/design_1_i/initial_math_0/inst/velocity1_i_435_n_0. Optimizations did not improve timing on the net.
INFO: [Physopt 32-702] Processed net design_1_i/pid_controller_0/inst/design_1_i/initial_math_0/inst/velocity1_i_551_n_0. Optimizations did not improve timing on the net.
INFO: [Physopt 32-702] Processed net design_1_i/pid_controller_0/inst/design_1_i/initial_math_0/inst/velocity1_i_672_n_0. Optimizations did not improve timing on the net.
INFO: [Physopt 32-702] Processed net design_1_i/pid_controller_0/inst/design_1_i/initial_math_0/inst/velocity1_i_798_n_0. Optimizations did not improve timing on the net.
INFO: [Physopt 32-702] Processed net design_1_i/pid_controller_0/inst/design_1_i/initial_math_0/inst/velocity1_i_929_n_0. Optimizations did not improve timing on the net.
INFO: [Physopt 32-702] Processed net design_1_i/pid_controller_0/inst/design_1_i/initial_math_0/inst/velocity1_i_1064_n_0. Optimizations did not improve timing on the net.
INFO: [Physopt 32-702] Processed net design_1_i/pid_controller_0/inst/design_1_i/initial_math_0/inst/velocity1_i_1200_n_0. Optimizations did not improve timing on the net.
INFO: [Physopt 32-702] Processed net design_1_i/pid_controller_0/inst/design_1_i/initial_math_0/inst/velocity1_i_1341_n_0. Optimizations did not improve timing on the net.
INFO: [Physopt 32-702] Processed net design_1_i/pid_controller_0/inst/design_1_i/initial_math_0/inst/velocity1_i_1487_n_0. Optimizations did not improve timing on the net.
INFO: [Physopt 32-702] Processed net design_1_i/pid_controller_0/inst/design_1_i/initial_math_0/inst/velocity1_i_1638_n_0. Optimizations did not improve timing on the net.
INFO: [Physopt 32-702] Processed net design_1_i/pid_controller_0/inst/design_1_i/initial_math_0/inst/velocity1_i_1794_n_0. Optimizations did not improve timing on the net.
INFO: [Physopt 32-702] Processed net design_1_i/pid_controller_0/inst/design_1_i/initial_math_0/inst/velocity1_i_1955_n_0. Optimizations did not improve timing on the net.
INFO: [Physopt 32-702] Processed net design_1_i/pid_controller_0/inst/design_1_i/initial_math_0/inst/derivative10_in[1]. Optimizations did not improve timing on the net.
INFO: [Physopt 32-702] Processed net design_1_i/pid_controller_0/inst/design_1_i/initial_math_0/inst/velocity1_i_45_n_0. Optimizations did not improve timing on the net.
INFO: [Physopt 32-702] Processed net design_1_i/pid_controller_0/inst/design_1_i/initial_math_0/inst/velocity1_i_123_n_0. Optimizations did not improve timing on the net.
INFO: [Physopt 32-702] Processed net design_1_i/pid_controller_0/inst/design_1_i/initial_math_0/inst/velocity1_i_220_n_0. Optimizations did not improve timing on the net.
INFO: [Physopt 32-702] Processed net design_1_i/pid_controller_0/inst/design_1_i/initial_math_0/inst/velocity1_i_325_n_0. Optimizations did not improve timing on the net.
INFO: [Physopt 32-702] Processed net design_1_i/pid_controller_0/inst/design_1_i/initial_math_0/inst/velocity1_i_436_n_0. Optimizations did not improve timing on the net.
INFO: [Physopt 32-702] Processed net design_1_i/pid_controller_0/inst/design_1_i/initial_math_0/inst/velocity1_i_552_n_0. Optimizations did not improve timing on the net.
INFO: [Physopt 32-702] Processed net design_1_i/pid_controller_0/inst/design_1_i/initial_math_0/inst/velocity1_i_673_n_0. Optimizations did not improve timing on the net.
INFO: [Physopt 32-702] Processed net design_1_i/pid_controller_0/inst/design_1_i/initial_math_0/inst/velocity1_i_799_n_0. Optimizations did not improve timing on the net.
INFO: [Physopt 32-702] Processed net design_1_i/pid_controller_0/inst/design_1_i/initial_math_0/inst/velocity1_i_930_n_0. Optimizations did not improve timing on the net.
INFO: [Physopt 32-702] Processed net design_1_i/pid_controller_0/inst/design_1_i/initial_math_0/inst/velocity1_i_1065_n_0. Optimizations did not improve timing on the net.
INFO: [Physopt 32-702] Processed net design_1_i/pid_controller_0/inst/design_1_i/initial_math_0/inst/velocity1_i_1201_n_0. Optimizations did not improve timing on the net.
INFO: [Physopt 32-702] Processed net design_1_i/pid_controller_0/inst/design_1_i/initial_math_0/inst/velocity1_i_1342_n_0. Optimizations did not improve timing on the net.
INFO: [Physopt 32-702] Processed net design_1_i/pid_controller_0/inst/design_1_i/initial_math_0/inst/velocity1_i_1488_n_0. Optimizations did not improve timing on the net.
INFO: [Physopt 32-702] Processed net design_1_i/pid_controller_0/inst/design_1_i/initial_math_0/inst/velocity1_i_1639_n_0. Optimizations did not improve timing on the net.
INFO: [Physopt 32-702] Processed net design_1_i/pid_controller_0/inst/design_1_i/initial_math_0/inst/velocity1_i_1795_n_0. Optimizations did not improve timing on the net.
INFO: [Physopt 32-702] Processed net design_1_i/pid_controller_0/inst/design_1_i/initial_math_0/inst/velocity1_i_1956_n_0. Optimizations did not improve timing on the net.
INFO: [Physopt 32-702] Processed net design_1_i/pid_controller_0/inst/design_1_i/initial_math_0/inst/velocity1_i_2127_n_0. Optimizations did not improve timing on the net.
INFO: [Physopt 32-702] Processed net design_1_i/pid_controller_0/inst/design_1_i/initial_math_0/inst/derivative10_in[2]. Optimizations did not improve timing on the net.
INFO: [Physopt 32-702] Processed net design_1_i/pid_controller_0/inst/design_1_i/initial_math_0/inst/velocity1_i_117_n_0. Optimizations did not improve timing on the net.
INFO: [Physopt 32-702] Processed net design_1_i/pid_controller_0/inst/design_1_i/initial_math_0/inst/velocity1_i_128_n_0. Optimizations did not improve timing on the net.
INFO: [Physopt 32-702] Processed net design_1_i/pid_controller_0/inst/design_1_i/initial_math_0/inst/velocity1_i_225_n_0. Optimizations did not improve timing on the net.
INFO: [Physopt 32-702] Processed net design_1_i/pid_controller_0/inst/design_1_i/initial_math_0/inst/velocity1_i_330_n_0. Optimizations did not improve timing on the net.
INFO: [Physopt 32-702] Processed net design_1_i/pid_controller_0/inst/design_1_i/initial_math_0/inst/velocity1_i_441_n_0. Optimizations did not improve timing on the net.
INFO: [Physopt 32-702] Processed net design_1_i/pid_controller_0/inst/design_1_i/initial_math_0/inst/velocity1_i_557_n_0. Optimizations did not improve timing on the net.
INFO: [Physopt 32-702] Processed net design_1_i/pid_controller_0/inst/design_1_i/initial_math_0/inst/velocity1_i_678_n_0. Optimizations did not improve timing on the net.
INFO: [Physopt 32-702] Processed net design_1_i/pid_controller_0/inst/design_1_i/initial_math_0/inst/velocity1_i_804_n_0. Optimizations did not improve timing on the net.
INFO: [Physopt 32-702] Processed net design_1_i/pid_controller_0/inst/design_1_i/initial_math_0/inst/velocity1_i_935_n_0. Optimizations did not improve timing on the net.
INFO: [Physopt 32-702] Processed net design_1_i/pid_controller_0/inst/design_1_i/initial_math_0/inst/velocity1_i_1070_n_0. Optimizations did not improve timing on the net.
INFO: [Physopt 32-702] Processed net design_1_i/pid_controller_0/inst/design_1_i/initial_math_0/inst/velocity1_i_1206_n_0. Optimizations did not improve timing on the net.
INFO: [Physopt 32-702] Processed net design_1_i/pid_controller_0/inst/design_1_i/initial_math_0/inst/velocity1_i_1347_n_0. Optimizations did not improve timing on the net.
INFO: [Physopt 32-702] Processed net design_1_i/pid_controller_0/inst/design_1_i/initial_math_0/inst/velocity1_i_1493_n_0. Optimizations did not improve timing on the net.
INFO: [Physopt 32-702] Processed net design_1_i/pid_controller_0/inst/design_1_i/initial_math_0/inst/velocity1_i_1644_n_0. Optimizations did not improve timing on the net.
INFO: [Physopt 32-702] Processed net design_1_i/pid_controller_0/inst/design_1_i/initial_math_0/inst/velocity1_i_1800_n_0. Optimizations did not improve timing on the net.
INFO: [Physopt 32-702] Processed net design_1_i/pid_controller_0/inst/design_1_i/initial_math_0/inst/velocity1_i_1961_n_0. Optimizations did not improve timing on the net.
INFO: [Physopt 32-702] Processed net design_1_i/pid_controller_0/inst/design_1_i/initial_math_0/inst/velocity1_i_2132_n_0. Optimizations did not improve timing on the net.
INFO: [Physopt 32-702] Processed net design_1_i/pid_controller_0/inst/design_1_i/initial_math_0/inst/derivative10_in[3]. Optimizations did not improve timing on the net.
INFO: [Physopt 32-702] Processed net design_1_i/pid_controller_0/inst/design_1_i/initial_math_0/inst/velocity1_i_114_n_0. Optimizations did not improve timing on the net.
INFO: [Physopt 32-702] Processed net design_1_i/pid_controller_0/inst/design_1_i/initial_math_0/inst/velocity1_i_210_n_0. Optimizations did not improve timing on the net.
INFO: [Physopt 32-702] Processed net design_1_i/pid_controller_0/inst/design_1_i/initial_math_0/inst/velocity1_i_231_n_0. Optimizations did not improve timing on the net.
INFO: [Physopt 32-702] Processed net design_1_i/pid_controller_0/inst/design_1_i/initial_math_0/inst/velocity1_i_336_n_0. Optimizations did not improve timing on the net.
INFO: [Physopt 32-702] Processed net design_1_i/pid_controller_0/inst/design_1_i/initial_math_0/inst/velocity1_i_447_n_0. Optimizations did not improve timing on the net.
INFO: [Physopt 32-702] Processed net design_1_i/pid_controller_0/inst/design_1_i/initial_math_0/inst/velocity1_i_563_n_0. Optimizations did not improve timing on the net.
INFO: [Physopt 32-702] Processed net design_1_i/pid_controller_0/inst/design_1_i/initial_math_0/inst/velocity1_i_684_n_0. Optimizations did not improve timing on the net.
INFO: [Physopt 32-702] Processed net design_1_i/pid_controller_0/inst/design_1_i/initial_math_0/inst/velocity1_i_810_n_0. Optimizations did not improve timing on the net.
INFO: [Physopt 32-702] Processed net design_1_i/pid_controller_0/inst/design_1_i/initial_math_0/inst/velocity1_i_941_n_0. Optimizations did not improve timing on the net.
INFO: [Physopt 32-702] Processed net design_1_i/pid_controller_0/inst/design_1_i/initial_math_0/inst/velocity1_i_1076_n_0. Optimizations did not improve timing on the net.
INFO: [Physopt 32-702] Processed net design_1_i/pid_controller_0/inst/design_1_i/initial_math_0/inst/velocity1_i_1212_n_0. Optimizations did not improve timing on the net.
INFO: [Physopt 32-702] Processed net design_1_i/pid_controller_0/inst/design_1_i/initial_math_0/inst/velocity1_i_1353_n_0. Optimizations did not improve timing on the net.
INFO: [Physopt 32-702] Processed net design_1_i/pid_controller_0/inst/design_1_i/initial_math_0/inst/velocity1_i_1499_n_0. Optimizations did not improve timing on the net.
INFO: [Physopt 32-702] Processed net design_1_i/pid_controller_0/inst/design_1_i/initial_math_0/inst/velocity1_i_1650_n_0. Optimizations did not improve timing on the net.
INFO: [Physopt 32-702] Processed net design_1_i/pid_controller_0/inst/design_1_i/initial_math_0/inst/velocity1_i_1806_n_0. Optimizations did not improve timing on the net.
INFO: [Physopt 32-702] Processed net design_1_i/pid_controller_0/inst/design_1_i/initial_math_0/inst/velocity1_i_1967_n_0. Optimizations did not improve timing on the net.
INFO: [Physopt 32-702] Processed net design_1_i/pid_controller_0/inst/design_1_i/initial_math_0/inst/velocity1_i_2140_n_0. Optimizations did not improve timing on the net.
INFO: [Physopt 32-702] Processed net design_1_i/pid_controller_0/inst/design_1_i/initial_math_0/inst/derivative10_in[4]. Optimizations did not improve timing on the net.
INFO: [Physopt 32-702] Processed net design_1_i/pid_controller_0/inst/design_1_i/initial_math_0/inst/velocity1_i_111_n_0. Optimizations did not improve timing on the net.
INFO: [Physopt 32-702] Processed net design_1_i/pid_controller_0/inst/design_1_i/initial_math_0/inst/velocity1_i_205_n_0. Optimizations did not improve timing on the net.
INFO: [Physopt 32-702] Processed net design_1_i/pid_controller_0/inst/design_1_i/initial_math_0/inst/velocity1_i_315_n_0. Optimizations did not improve timing on the net.
INFO: [Physopt 32-702] Processed net design_1_i/pid_controller_0/inst/design_1_i/initial_math_0/inst/velocity1_i_345_n_0. Optimizations did not improve timing on the net.
INFO: [Physopt 32-702] Processed net design_1_i/pid_controller_0/inst/design_1_i/initial_math_0/inst/velocity1_i_456_n_0. Optimizations did not improve timing on the net.
INFO: [Physopt 32-702] Processed net design_1_i/pid_controller_0/inst/design_1_i/initial_math_0/inst/velocity1_i_572_n_0. Optimizations did not improve timing on the net.
INFO: [Physopt 32-702] Processed net design_1_i/pid_controller_0/inst/design_1_i/initial_math_0/inst/velocity1_i_693_n_0. Optimizations did not improve timing on the net.
INFO: [Physopt 32-702] Processed net design_1_i/pid_controller_0/inst/design_1_i/initial_math_0/inst/velocity1_i_819_n_0. Optimizations did not improve timing on the net.
INFO: [Physopt 32-702] Processed net design_1_i/pid_controller_0/inst/design_1_i/initial_math_0/inst/velocity1_i_950_n_0. Optimizations did not improve timing on the net.
INFO: [Physopt 32-702] Processed net design_1_i/pid_controller_0/inst/design_1_i/initial_math_0/inst/velocity1_i_1085_n_0. Optimizations did not improve timing on the net.
INFO: [Physopt 32-702] Processed net design_1_i/pid_controller_0/inst/design_1_i/initial_math_0/inst/velocity1_i_1221_n_0. Optimizations did not improve timing on the net.
INFO: [Physopt 32-702] Processed net design_1_i/pid_controller_0/inst/design_1_i/initial_math_0/inst/velocity1_i_1362_n_0. Optimizations did not improve timing on the net.
INFO: [Physopt 32-702] Processed net design_1_i/pid_controller_0/inst/design_1_i/initial_math_0/inst/velocity1_i_1508_n_0. Optimizations did not improve timing on the net.
INFO: [Physopt 32-702] Processed net design_1_i/pid_controller_0/inst/design_1_i/initial_math_0/inst/velocity1_i_1659_n_0. Optimizations did not improve timing on the net.
INFO: [Physopt 32-702] Processed net design_1_i/pid_controller_0/inst/design_1_i/initial_math_0/inst/velocity1_i_1815_n_0. Optimizations did not improve timing on the net.
INFO: [Physopt 32-702] Processed net design_1_i/pid_controller_0/inst/design_1_i/initial_math_0/inst/velocity1_i_1976_n_0. Optimizations did not improve timing on the net.
INFO: [Physopt 32-702] Processed net design_1_i/pid_controller_0/inst/design_1_i/initial_math_0/inst/velocity1_i_2144_n_0. Optimizations did not improve timing on the net.
INFO: [Physopt 32-702] Processed net design_1_i/pid_controller_0/inst/design_1_i/initial_math_0/inst/derivative10_in[5]. Optimizations did not improve timing on the net.
INFO: [Physopt 32-702] Processed net design_1_i/pid_controller_0/inst/design_1_i/initial_math_0/inst/velocity1_i_103_n_0. Optimizations did not improve timing on the net.
INFO: [Physopt 32-702] Processed net design_1_i/pid_controller_0/inst/design_1_i/initial_math_0/inst/velocity1_i_200_n_0. Optimizations did not improve timing on the net.
INFO: [Physopt 32-702] Processed net design_1_i/pid_controller_0/inst/design_1_i/initial_math_0/inst/velocity1_i_310_n_0. Optimizations did not improve timing on the net.
INFO: [Physopt 32-702] Processed net design_1_i/pid_controller_0/inst/design_1_i/initial_math_0/inst/velocity1_i_426_n_0. Optimizations did not improve timing on the net.
INFO: [Physopt 32-702] Processed net design_1_i/pid_controller_0/inst/design_1_i/initial_math_0/inst/velocity1_i_461_n_0. Optimizations did not improve timing on the net.
INFO: [Physopt 32-702] Processed net design_1_i/pid_controller_0/inst/design_1_i/initial_math_0/inst/velocity1_i_577_n_0. Optimizations did not improve timing on the net.
INFO: [Physopt 32-702] Processed net design_1_i/pid_controller_0/inst/design_1_i/initial_math_0/inst/velocity1_i_698_n_0. Optimizations did not improve timing on the net.
INFO: [Physopt 32-702] Processed net design_1_i/pid_controller_0/inst/design_1_i/initial_math_0/inst/velocity1_i_824_n_0. Optimizations did not improve timing on the net.
INFO: [Physopt 32-702] Processed net design_1_i/pid_controller_0/inst/design_1_i/initial_math_0/inst/velocity1_i_955_n_0. Optimizations did not improve timing on the net.
INFO: [Physopt 32-702] Processed net design_1_i/pid_controller_0/inst/design_1_i/initial_math_0/inst/velocity1_i_1090_n_0. Optimizations did not improve timing on the net.
INFO: [Physopt 32-702] Processed net design_1_i/pid_controller_0/inst/design_1_i/initial_math_0/inst/velocity1_i_1226_n_0. Optimizations did not improve timing on the net.
INFO: [Physopt 32-702] Processed net design_1_i/pid_controller_0/inst/design_1_i/initial_math_0/inst/velocity1_i_1367_n_0. Optimizations did not improve timing on the net.
INFO: [Physopt 32-702] Processed net design_1_i/pid_controller_0/inst/design_1_i/initial_math_0/inst/velocity1_i_1513_n_0. Optimizations did not improve timing on the net.
INFO: [Physopt 32-702] Processed net design_1_i/pid_controller_0/inst/design_1_i/initial_math_0/inst/velocity1_i_1664_n_0. Optimizations did not improve timing on the net.
INFO: [Physopt 32-702] Processed net design_1_i/pid_controller_0/inst/design_1_i/initial_math_0/inst/velocity1_i_1820_n_0. Optimizations did not improve timing on the net.
INFO: [Physopt 32-702] Processed net design_1_i/pid_controller_0/inst/design_1_i/initial_math_0/inst/velocity1_i_1981_n_0. Optimizations did not improve timing on the net.
INFO: [Physopt 32-702] Processed net design_1_i/pid_controller_0/inst/design_1_i/initial_math_0/inst/velocity1_i_2148_n_0. Optimizations did not improve timing on the net.
INFO: [Physopt 32-702] Processed net design_1_i/pid_controller_0/inst/design_1_i/initial_math_0/inst/derivative10_in[6]. Optimizations did not improve timing on the net.
INFO: [Physopt 32-702] Processed net design_1_i/pid_controller_0/inst/design_1_i/initial_math_0/inst/velocity1_i_100_n_0. Optimizations did not improve timing on the net.
INFO: [Physopt 32-702] Processed net design_1_i/pid_controller_0/inst/design_1_i/initial_math_0/inst/velocity1_i_195_n_0. Optimizations did not improve timing on the net.
INFO: [Physopt 32-702] Processed net design_1_i/pid_controller_0/inst/design_1_i/initial_math_0/inst/velocity1_i_305_n_0. Optimizations did not improve timing on the net.
INFO: [Physopt 32-702] Processed net design_1_i/pid_controller_0/inst/design_1_i/initial_math_0/inst/velocity1_i_421_n_0. Optimizations did not improve timing on the net.
INFO: [Physopt 32-702] Processed net design_1_i/pid_controller_0/inst/design_1_i/initial_math_0/inst/velocity1_i_542_n_0. Optimizations did not improve timing on the net.
INFO: [Physopt 32-702] Processed net design_1_i/pid_controller_0/inst/design_1_i/initial_math_0/inst/velocity1_i_582_n_0. Optimizations did not improve timing on the net.
INFO: [Physopt 32-702] Processed net design_1_i/pid_controller_0/inst/design_1_i/initial_math_0/inst/velocity1_i_703_n_0. Optimizations did not improve timing on the net.
INFO: [Physopt 32-702] Processed net design_1_i/pid_controller_0/inst/design_1_i/initial_math_0/inst/velocity1_i_829_n_0. Optimizations did not improve timing on the net.
INFO: [Physopt 32-702] Processed net design_1_i/pid_controller_0/inst/design_1_i/initial_math_0/inst/velocity1_i_960_n_0. Optimizations did not improve timing on the net.
INFO: [Physopt 32-702] Processed net design_1_i/pid_controller_0/inst/design_1_i/initial_math_0/inst/velocity1_i_1095_n_0. Optimizations did not improve timing on the net.
INFO: [Physopt 32-702] Processed net design_1_i/pid_controller_0/inst/design_1_i/initial_math_0/inst/velocity1_i_1231_n_0. Optimizations did not improve timing on the net.
INFO: [Physopt 32-702] Processed net design_1_i/pid_controller_0/inst/design_1_i/initial_math_0/inst/velocity1_i_1372_n_0. Optimizations did not improve timing on the net.
INFO: [Physopt 32-702] Processed net design_1_i/pid_controller_0/inst/design_1_i/initial_math_0/inst/velocity1_i_1518_n_0. Optimizations did not improve timing on the net.
INFO: [Physopt 32-702] Processed net design_1_i/pid_controller_0/inst/design_1_i/initial_math_0/inst/velocity1_i_1669_n_0. Optimizations did not improve timing on the net.
INFO: [Physopt 32-702] Processed net design_1_i/pid_controller_0/inst/design_1_i/initial_math_0/inst/velocity1_i_1825_n_0. Optimizations did not improve timing on the net.
INFO: [Physopt 32-702] Processed net design_1_i/pid_controller_0/inst/design_1_i/initial_math_0/inst/velocity1_i_1986_n_0. Optimizations did not improve timing on the net.
INFO: [Physopt 32-702] Processed net design_1_i/pid_controller_0/inst/design_1_i/initial_math_0/inst/velocity1_i_2152_n_0. Optimizations did not improve timing on the net.
INFO: [Physopt 32-702] Processed net design_1_i/pid_controller_0/inst/design_1_i/initial_math_0/inst/derivative10_in[7]. Optimizations did not improve timing on the net.
INFO: [Physopt 32-702] Processed net design_1_i/pid_controller_0/inst/design_1_i/initial_math_0/inst/velocity1_i_97_n_0. Optimizations did not improve timing on the net.
INFO: [Physopt 32-702] Processed net design_1_i/pid_controller_0/inst/design_1_i/initial_math_0/inst/velocity1_i_190_n_0. Optimizations did not improve timing on the net.
INFO: [Physopt 32-702] Processed net design_1_i/pid_controller_0/inst/design_1_i/initial_math_0/inst/velocity1_i_300_n_0. Optimizations did not improve timing on the net.
INFO: [Physopt 32-702] Processed net design_1_i/pid_controller_0/inst/design_1_i/initial_math_0/inst/velocity1_i_416_n_0. Optimizations did not improve timing on the net.
INFO: [Physopt 32-702] Processed net design_1_i/pid_controller_0/inst/design_1_i/initial_math_0/inst/velocity1_i_537_n_0. Optimizations did not improve timing on the net.
INFO: [Physopt 32-702] Processed net design_1_i/pid_controller_0/inst/design_1_i/initial_math_0/inst/velocity1_i_663_n_0. Optimizations did not improve timing on the net.
INFO: [Physopt 32-702] Processed net design_1_i/pid_controller_0/inst/design_1_i/initial_math_0/inst/velocity1_i_708_n_0. Optimizations did not improve timing on the net.
INFO: [Physopt 32-702] Processed net design_1_i/pid_controller_0/inst/design_1_i/initial_math_0/inst/velocity1_i_834_n_0. Optimizations did not improve timing on the net.
INFO: [Physopt 32-702] Processed net design_1_i/pid_controller_0/inst/design_1_i/initial_math_0/inst/velocity1_i_965_n_0. Optimizations did not improve timing on the net.
INFO: [Physopt 32-702] Processed net design_1_i/pid_controller_0/inst/design_1_i/initial_math_0/inst/velocity1_i_1100_n_0. Optimizations did not improve timing on the net.
INFO: [Physopt 32-702] Processed net design_1_i/pid_controller_0/inst/design_1_i/initial_math_0/inst/velocity1_i_1236_n_0. Optimizations did not improve timing on the net.
INFO: [Physopt 32-702] Processed net design_1_i/pid_controller_0/inst/design_1_i/initial_math_0/inst/velocity1_i_1377_n_0. Optimizations did not improve timing on the net.
INFO: [Physopt 32-702] Processed net design_1_i/pid_controller_0/inst/design_1_i/initial_math_0/inst/velocity1_i_1523_n_0. Optimizations did not improve timing on the net.
INFO: [Physopt 32-702] Processed net design_1_i/pid_controller_0/inst/design_1_i/initial_math_0/inst/velocity1_i_1674_n_0. Optimizations did not improve timing on the net.
INFO: [Physopt 32-702] Processed net design_1_i/pid_controller_0/inst/design_1_i/initial_math_0/inst/velocity1_i_1830_n_0. Optimizations did not improve timing on the net.
INFO: [Physopt 32-702] Processed net design_1_i/pid_controller_0/inst/design_1_i/initial_math_0/inst/velocity1_i_1991_n_0. Optimizations did not improve timing on the net.
INFO: [Physopt 32-702] Processed net design_1_i/pid_controller_0/inst/design_1_i/initial_math_0/inst/velocity1_i_2156_n_0. Optimizations did not improve timing on the net.
INFO: [Physopt 32-702] Processed net design_1_i/pid_controller_0/inst/design_1_i/initial_math_0/inst/derivative10_in[8]. Optimizations did not improve timing on the net.
INFO: [Physopt 32-702] Processed net design_1_i/pid_controller_0/inst/design_1_i/initial_math_0/inst/velocity1_i_94_n_0. Optimizations did not improve timing on the net.
INFO: [Physopt 32-702] Processed net design_1_i/pid_controller_0/inst/design_1_i/initial_math_0/inst/velocity1_i_185_n_0. Optimizations did not improve timing on the net.
INFO: [Physopt 32-702] Processed net design_1_i/pid_controller_0/inst/design_1_i/initial_math_0/inst/velocity1_i_295_n_0. Optimizations did not improve timing on the net.
INFO: [Physopt 32-702] Processed net design_1_i/pid_controller_0/inst/design_1_i/initial_math_0/inst/velocity1_i_411_n_0. Optimizations did not improve timing on the net.
INFO: [Physopt 32-702] Processed net design_1_i/pid_controller_0/inst/design_1_i/initial_math_0/inst/velocity1_i_532_n_0. Optimizations did not improve timing on the net.
INFO: [Physopt 32-702] Processed net design_1_i/pid_controller_0/inst/design_1_i/initial_math_0/inst/velocity1_i_658_n_0. Optimizations did not improve timing on the net.
INFO: [Physopt 32-702] Processed net design_1_i/pid_controller_0/inst/design_1_i/initial_math_0/inst/velocity1_i_789_n_0. Optimizations did not improve timing on the net.
INFO: [Physopt 32-702] Processed net design_1_i/pid_controller_0/inst/design_1_i/initial_math_0/inst/velocity1_i_839_n_0. Optimizations did not improve timing on the net.
INFO: [Physopt 32-702] Processed net design_1_i/pid_controller_0/inst/design_1_i/initial_math_0/inst/velocity1_i_970_n_0. Optimizations did not improve timing on the net.
INFO: [Physopt 32-702] Processed net design_1_i/pid_controller_0/inst/design_1_i/initial_math_0/inst/velocity1_i_1105_n_0. Optimizations did not improve timing on the net.
INFO: [Physopt 32-702] Processed net design_1_i/pid_controller_0/inst/design_1_i/initial_math_0/inst/velocity1_i_1241_n_0. Optimizations did not improve timing on the net.
INFO: [Physopt 32-702] Processed net design_1_i/pid_controller_0/inst/design_1_i/initial_math_0/inst/velocity1_i_1382_n_0. Optimizations did not improve timing on the net.
INFO: [Physopt 32-702] Processed net design_1_i/pid_controller_0/inst/design_1_i/initial_math_0/inst/velocity1_i_1528_n_0. Optimizations did not improve timing on the net.
INFO: [Physopt 32-702] Processed net design_1_i/pid_controller_0/inst/design_1_i/initial_math_0/inst/velocity1_i_1679_n_0. Optimizations did not improve timing on the net.
INFO: [Physopt 32-702] Processed net design_1_i/pid_controller_0/inst/design_1_i/initial_math_0/inst/velocity1_i_1835_n_0. Optimizations did not improve timing on the net.
INFO: [Physopt 32-702] Processed net design_1_i/pid_controller_0/inst/design_1_i/initial_math_0/inst/velocity1_i_1996_n_0. Optimizations did not improve timing on the net.
INFO: [Physopt 32-702] Processed net design_1_i/pid_controller_0/inst/design_1_i/initial_math_0/inst/velocity1_i_2160_n_0. Optimizations did not improve timing on the net.
INFO: [Physopt 32-702] Processed net design_1_i/pid_controller_0/inst/design_1_i/initial_math_0/inst/derivative10_in[9]. Optimizations did not improve timing on the net.
INFO: [Physopt 32-702] Processed net design_1_i/pid_controller_0/inst/design_1_i/initial_math_0/inst/velocity1_i_87_n_0. Optimizations did not improve timing on the net.
INFO: [Physopt 32-702] Processed net design_1_i/pid_controller_0/inst/design_1_i/initial_math_0/inst/velocity1_i_180_n_0. Optimizations did not improve timing on the net.
INFO: [Physopt 32-702] Processed net design_1_i/pid_controller_0/inst/design_1_i/initial_math_0/inst/velocity1_i_290_n_0. Optimizations did not improve timing on the net.
INFO: [Physopt 32-702] Processed net design_1_i/pid_controller_0/inst/design_1_i/initial_math_0/inst/velocity1_i_406_n_0. Optimizations did not improve timing on the net.
INFO: [Physopt 32-702] Processed net design_1_i/pid_controller_0/inst/design_1_i/initial_math_0/inst/velocity1_i_527_n_0. Optimizations did not improve timing on the net.
INFO: [Physopt 32-702] Processed net design_1_i/pid_controller_0/inst/design_1_i/initial_math_0/inst/velocity1_i_653_n_0. Optimizations did not improve timing on the net.
INFO: [Physopt 32-702] Processed net design_1_i/pid_controller_0/inst/design_1_i/initial_math_0/inst/velocity1_i_784_n_0. Optimizations did not improve timing on the net.
INFO: [Physopt 32-702] Processed net design_1_i/pid_controller_0/inst/design_1_i/initial_math_0/inst/velocity1_i_920_n_0. Optimizations did not improve timing on the net.
INFO: [Physopt 32-702] Processed net design_1_i/pid_controller_0/inst/design_1_i/initial_math_0/inst/velocity1_i_975_n_0. Optimizations did not improve timing on the net.
INFO: [Physopt 32-702] Processed net design_1_i/pid_controller_0/inst/design_1_i/initial_math_0/inst/velocity1_i_1110_n_0. Optimizations did not improve timing on the net.
INFO: [Physopt 32-702] Processed net design_1_i/pid_controller_0/inst/design_1_i/initial_math_0/inst/velocity1_i_1246_n_0. Optimizations did not improve timing on the net.
INFO: [Physopt 32-702] Processed net design_1_i/pid_controller_0/inst/design_1_i/initial_math_0/inst/velocity1_i_1387_n_0. Optimizations did not improve timing on the net.
INFO: [Physopt 32-702] Processed net design_1_i/pid_controller_0/inst/design_1_i/initial_math_0/inst/velocity1_i_1533_n_0. Optimizations did not improve timing on the net.
INFO: [Physopt 32-702] Processed net design_1_i/pid_controller_0/inst/design_1_i/initial_math_0/inst/velocity1_i_1684_n_0. Optimizations did not improve timing on the net.
INFO: [Physopt 32-702] Processed net design_1_i/pid_controller_0/inst/design_1_i/initial_math_0/inst/velocity1_i_1840_n_0. Optimizations did not improve timing on the net.
INFO: [Physopt 32-702] Processed net design_1_i/pid_controller_0/inst/design_1_i/initial_math_0/inst/velocity1_i_2001_n_0. Optimizations did not improve timing on the net.
INFO: [Physopt 32-702] Processed net design_1_i/pid_controller_0/inst/design_1_i/initial_math_0/inst/velocity1_i_2164_n_0. Optimizations did not improve timing on the net.
INFO: [Physopt 32-702] Processed net design_1_i/pid_controller_0/inst/design_1_i/initial_math_0/inst/derivative10_in[10]. Optimizations did not improve timing on the net.
INFO: [Physopt 32-702] Processed net design_1_i/pid_controller_0/inst/design_1_i/initial_math_0/inst/velocity1_i_84_n_0. Optimizations did not improve timing on the net.
INFO: [Physopt 32-702] Processed net design_1_i/pid_controller_0/inst/design_1_i/initial_math_0/inst/velocity1_i_175_n_0. Optimizations did not improve timing on the net.
INFO: [Physopt 32-702] Processed net design_1_i/pid_controller_0/inst/design_1_i/initial_math_0/inst/velocity1_i_285_n_0. Optimizations did not improve timing on the net.
INFO: [Physopt 32-702] Processed net design_1_i/pid_controller_0/inst/design_1_i/initial_math_0/inst/velocity1_i_401_n_0. Optimizations did not improve timing on the net.
INFO: [Physopt 32-702] Processed net design_1_i/pid_controller_0/inst/design_1_i/initial_math_0/inst/velocity1_i_522_n_0. Optimizations did not improve timing on the net.
INFO: [Physopt 32-702] Processed net design_1_i/pid_controller_0/inst/design_1_i/initial_math_0/inst/velocity1_i_648_n_0. Optimizations did not improve timing on the net.
INFO: [Physopt 32-702] Processed net design_1_i/pid_controller_0/inst/design_1_i/initial_math_0/inst/velocity1_i_779_n_0. Optimizations did not improve timing on the net.
INFO: [Physopt 32-702] Processed net design_1_i/pid_controller_0/inst/design_1_i/initial_math_0/inst/velocity1_i_915_n_0. Optimizations did not improve timing on the net.
INFO: [Physopt 32-702] Processed net design_1_i/pid_controller_0/inst/design_1_i/initial_math_0/inst/velocity1_i_1055_n_0. Optimizations did not improve timing on the net.
INFO: [Physopt 32-702] Processed net design_1_i/pid_controller_0/inst/design_1_i/initial_math_0/inst/velocity1_i_1115_n_0. Optimizations did not improve timing on the net.
INFO: [Physopt 32-702] Processed net design_1_i/pid_controller_0/inst/design_1_i/initial_math_0/inst/velocity1_i_1251_n_0. Optimizations did not improve timing on the net.
INFO: [Physopt 32-702] Processed net design_1_i/pid_controller_0/inst/design_1_i/initial_math_0/inst/velocity1_i_1392_n_0. Optimizations did not improve timing on the net.
INFO: [Physopt 32-702] Processed net design_1_i/pid_controller_0/inst/design_1_i/initial_math_0/inst/velocity1_i_1538_n_0. Optimizations did not improve timing on the net.
INFO: [Physopt 32-702] Processed net design_1_i/pid_controller_0/inst/design_1_i/initial_math_0/inst/velocity1_i_1689_n_0. Optimizations did not improve timing on the net.
INFO: [Physopt 32-702] Processed net design_1_i/pid_controller_0/inst/design_1_i/initial_math_0/inst/velocity1_i_1845_n_0. Optimizations did not improve timing on the net.
INFO: [Physopt 32-702] Processed net design_1_i/pid_controller_0/inst/design_1_i/initial_math_0/inst/velocity1_i_2006_n_0. Optimizations did not improve timing on the net.
INFO: [Physopt 32-702] Processed net design_1_i/pid_controller_0/inst/design_1_i/initial_math_0/inst/velocity1_i_2168_n_0. Optimizations did not improve timing on the net.
INFO: [Physopt 32-702] Processed net design_1_i/pid_controller_0/inst/design_1_i/initial_math_0/inst/derivative10_in[11]. Optimizations did not improve timing on the net.
INFO: [Physopt 32-702] Processed net design_1_i/pid_controller_0/inst/design_1_i/initial_math_0/inst/velocity1_i_81_n_0. Optimizations did not improve timing on the net.
INFO: [Physopt 32-702] Processed net design_1_i/pid_controller_0/inst/design_1_i/initial_math_0/inst/velocity1_i_170_n_0. Optimizations did not improve timing on the net.
INFO: [Physopt 32-702] Processed net design_1_i/pid_controller_0/inst/design_1_i/initial_math_0/inst/velocity1_i_280_n_0. Optimizations did not improve timing on the net.
INFO: [Physopt 32-702] Processed net design_1_i/pid_controller_0/inst/design_1_i/initial_math_0/inst/velocity1_i_396_n_0. Optimizations did not improve timing on the net.
INFO: [Physopt 32-702] Processed net design_1_i/pid_controller_0/inst/design_1_i/initial_math_0/inst/velocity1_i_517_n_0. Optimizations did not improve timing on the net.
INFO: [Physopt 32-702] Processed net design_1_i/pid_controller_0/inst/design_1_i/initial_math_0/inst/velocity1_i_643_n_0. Optimizations did not improve timing on the net.
INFO: [Physopt 32-702] Processed net design_1_i/pid_controller_0/inst/design_1_i/initial_math_0/inst/velocity1_i_774_n_0. Optimizations did not improve timing on the net.
INFO: [Physopt 32-702] Processed net design_1_i/pid_controller_0/inst/design_1_i/initial_math_0/inst/velocity1_i_910_n_0. Optimizations did not improve timing on the net.
INFO: [Physopt 32-702] Processed net design_1_i/pid_controller_0/inst/design_1_i/initial_math_0/inst/velocity1_i_1050_n_0. Optimizations did not improve timing on the net.
INFO: [Physopt 32-702] Processed net design_1_i/pid_controller_0/inst/design_1_i/initial_math_0/inst/velocity1_i_1191_n_0. Optimizations did not improve timing on the net.
INFO: [Physopt 32-702] Processed net design_1_i/pid_controller_0/inst/design_1_i/initial_math_0/inst/velocity1_i_1256_n_0. Optimizations did not improve timing on the net.
INFO: [Physopt 32-702] Processed net design_1_i/pid_controller_0/inst/design_1_i/initial_math_0/inst/velocity1_i_1397_n_0. Optimizations did not improve timing on the net.
INFO: [Physopt 32-702] Processed net design_1_i/pid_controller_0/inst/design_1_i/initial_math_0/inst/velocity1_i_1543_n_0. Optimizations did not improve timing on the net.
INFO: [Physopt 32-702] Processed net design_1_i/pid_controller_0/inst/design_1_i/initial_math_0/inst/velocity1_i_1694_n_0. Optimizations did not improve timing on the net.
INFO: [Physopt 32-702] Processed net design_1_i/pid_controller_0/inst/design_1_i/initial_math_0/inst/velocity1_i_1850_n_0. Optimizations did not improve timing on the net.
INFO: [Physopt 32-702] Processed net design_1_i/pid_controller_0/inst/design_1_i/initial_math_0/inst/velocity1_i_2011_n_0. Optimizations did not improve timing on the net.
INFO: [Physopt 32-702] Processed net design_1_i/pid_controller_0/inst/design_1_i/initial_math_0/inst/velocity1_i_2172_n_0. Optimizations did not improve timing on the net.
INFO: [Physopt 32-702] Processed net design_1_i/pid_controller_0/inst/design_1_i/initial_math_0/inst/derivative10_in[12]. Optimizations did not improve timing on the net.
INFO: [Physopt 32-702] Processed net design_1_i/pid_controller_0/inst/design_1_i/initial_math_0/inst/velocity1_i_78_n_0. Optimizations did not improve timing on the net.
INFO: [Physopt 32-702] Processed net design_1_i/pid_controller_0/inst/design_1_i/initial_math_0/inst/velocity1_i_165_n_0. Optimizations did not improve timing on the net.
INFO: [Physopt 32-702] Processed net design_1_i/pid_controller_0/inst/design_1_i/initial_math_0/inst/velocity1_i_275_n_0. Optimizations did not improve timing on the net.
INFO: [Physopt 32-702] Processed net design_1_i/pid_controller_0/inst/design_1_i/initial_math_0/inst/velocity1_i_391_n_0. Optimizations did not improve timing on the net.
INFO: [Physopt 32-702] Processed net design_1_i/pid_controller_0/inst/design_1_i/initial_math_0/inst/velocity1_i_512_n_0. Optimizations did not improve timing on the net.
INFO: [Physopt 32-702] Processed net design_1_i/pid_controller_0/inst/design_1_i/initial_math_0/inst/velocity1_i_638_n_0. Optimizations did not improve timing on the net.
INFO: [Physopt 32-702] Processed net design_1_i/pid_controller_0/inst/design_1_i/initial_math_0/inst/velocity1_i_769_n_0. Optimizations did not improve timing on the net.
INFO: [Physopt 32-702] Processed net design_1_i/pid_controller_0/inst/design_1_i/initial_math_0/inst/velocity1_i_905_n_0. Optimizations did not improve timing on the net.
INFO: [Physopt 32-702] Processed net design_1_i/pid_controller_0/inst/design_1_i/initial_math_0/inst/velocity1_i_1045_n_0. Optimizations did not improve timing on the net.
INFO: [Physopt 32-702] Processed net design_1_i/pid_controller_0/inst/design_1_i/initial_math_0/inst/velocity1_i_1186_n_0. Optimizations did not improve timing on the net.
INFO: [Physopt 32-702] Processed net design_1_i/pid_controller_0/inst/design_1_i/initial_math_0/inst/velocity1_i_1332_n_0. Optimizations did not improve timing on the net.
INFO: [Physopt 32-702] Processed net design_1_i/pid_controller_0/inst/design_1_i/initial_math_0/inst/velocity1_i_1402_n_0. Optimizations did not improve timing on the net.
INFO: [Physopt 32-702] Processed net design_1_i/pid_controller_0/inst/design_1_i/initial_math_0/inst/velocity1_i_1548_n_0. Optimizations did not improve timing on the net.
INFO: [Physopt 32-702] Processed net design_1_i/pid_controller_0/inst/design_1_i/initial_math_0/inst/velocity1_i_1699_n_0. Optimizations did not improve timing on the net.
INFO: [Physopt 32-702] Processed net design_1_i/pid_controller_0/inst/design_1_i/initial_math_0/inst/velocity1_i_1855_n_0. Optimizations did not improve timing on the net.
INFO: [Physopt 32-702] Processed net design_1_i/pid_controller_0/inst/design_1_i/initial_math_0/inst/velocity1_i_2016_n_0. Optimizations did not improve timing on the net.
INFO: [Physopt 32-702] Processed net design_1_i/pid_controller_0/inst/design_1_i/initial_math_0/inst/velocity1_i_2176_n_0. Optimizations did not improve timing on the net.
INFO: [Physopt 32-702] Processed net design_1_i/pid_controller_0/inst/design_1_i/initial_math_0/inst/derivative10_in[13]. Optimizations did not improve timing on the net.
INFO: [Physopt 32-702] Processed net design_1_i/pid_controller_0/inst/design_1_i/initial_math_0/inst/velocity1_i_71_n_0. Optimizations did not improve timing on the net.
INFO: [Physopt 32-702] Processed net design_1_i/pid_controller_0/inst/design_1_i/initial_math_0/inst/velocity1_i_160_n_0. Optimizations did not improve timing on the net.
INFO: [Physopt 32-702] Processed net design_1_i/pid_controller_0/inst/design_1_i/initial_math_0/inst/velocity1_i_270_n_0. Optimizations did not improve timing on the net.
INFO: [Physopt 32-702] Processed net design_1_i/pid_controller_0/inst/design_1_i/initial_math_0/inst/velocity1_i_386_n_0. Optimizations did not improve timing on the net.
INFO: [Physopt 32-702] Processed net design_1_i/pid_controller_0/inst/design_1_i/initial_math_0/inst/velocity1_i_507_n_0. Optimizations did not improve timing on the net.
INFO: [Physopt 32-702] Processed net design_1_i/pid_controller_0/inst/design_1_i/initial_math_0/inst/velocity1_i_633_n_0. Optimizations did not improve timing on the net.
INFO: [Physopt 32-702] Processed net design_1_i/pid_controller_0/inst/design_1_i/initial_math_0/inst/velocity1_i_764_n_0. Optimizations did not improve timing on the net.
INFO: [Physopt 32-702] Processed net design_1_i/pid_controller_0/inst/design_1_i/initial_math_0/inst/velocity1_i_900_n_0. Optimizations did not improve timing on the net.
INFO: [Physopt 32-702] Processed net design_1_i/pid_controller_0/inst/design_1_i/initial_math_0/inst/velocity1_i_1040_n_0. Optimizations did not improve timing on the net.
INFO: [Physopt 32-702] Processed net design_1_i/pid_controller_0/inst/design_1_i/initial_math_0/inst/velocity1_i_1181_n_0. Optimizations did not improve timing on the net.
INFO: [Physopt 32-702] Processed net design_1_i/pid_controller_0/inst/design_1_i/initial_math_0/inst/velocity1_i_1327_n_0. Optimizations did not improve timing on the net.
INFO: [Physopt 32-702] Processed net design_1_i/pid_controller_0/inst/design_1_i/initial_math_0/inst/velocity1_i_1478_n_0. Optimizations did not improve timing on the net.
INFO: [Physopt 32-702] Processed net design_1_i/pid_controller_0/inst/design_1_i/initial_math_0/inst/velocity1_i_1553_n_0. Optimizations did not improve timing on the net.
INFO: [Physopt 32-702] Processed net design_1_i/pid_controller_0/inst/design_1_i/initial_math_0/inst/velocity1_i_1704_n_0. Optimizations did not improve timing on the net.
INFO: [Physopt 32-702] Processed net design_1_i/pid_controller_0/inst/design_1_i/initial_math_0/inst/velocity1_i_1860_n_0. Optimizations did not improve timing on the net.
INFO: [Physopt 32-702] Processed net design_1_i/pid_controller_0/inst/design_1_i/initial_math_0/inst/velocity1_i_2021_n_0. Optimizations did not improve timing on the net.
INFO: [Physopt 32-702] Processed net design_1_i/pid_controller_0/inst/design_1_i/initial_math_0/inst/velocity1_i_2180_n_0. Optimizations did not improve timing on the net.
INFO: [Physopt 32-702] Processed net design_1_i/pid_controller_0/inst/design_1_i/initial_math_0/inst/derivative10_in[14]. Optimizations did not improve timing on the net.
INFO: [Physopt 32-702] Processed net design_1_i/pid_controller_0/inst/design_1_i/initial_math_0/inst/velocity1_i_68_n_0. Optimizations did not improve timing on the net.
INFO: [Physopt 32-702] Processed net design_1_i/pid_controller_0/inst/design_1_i/initial_math_0/inst/velocity1_i_155_n_0. Optimizations did not improve timing on the net.
INFO: [Physopt 32-702] Processed net design_1_i/pid_controller_0/inst/design_1_i/initial_math_0/inst/velocity1_i_265_n_0. Optimizations did not improve timing on the net.
INFO: [Physopt 32-702] Processed net design_1_i/pid_controller_0/inst/design_1_i/initial_math_0/inst/velocity1_i_381_n_0. Optimizations did not improve timing on the net.
INFO: [Physopt 32-702] Processed net design_1_i/pid_controller_0/inst/design_1_i/initial_math_0/inst/velocity1_i_502_n_0. Optimizations did not improve timing on the net.
INFO: [Physopt 32-702] Processed net design_1_i/pid_controller_0/inst/design_1_i/initial_math_0/inst/velocity1_i_628_n_0. Optimizations did not improve timing on the net.
INFO: [Physopt 32-702] Processed net design_1_i/pid_controller_0/inst/design_1_i/initial_math_0/inst/velocity1_i_759_n_0. Optimizations did not improve timing on the net.
INFO: [Physopt 32-702] Processed net design_1_i/pid_controller_0/inst/design_1_i/initial_math_0/inst/velocity1_i_895_n_0. Optimizations did not improve timing on the net.
INFO: [Physopt 32-702] Processed net design_1_i/pid_controller_0/inst/design_1_i/initial_math_0/inst/velocity1_i_1035_n_0. Optimizations did not improve timing on the net.
INFO: [Physopt 32-702] Processed net design_1_i/pid_controller_0/inst/design_1_i/initial_math_0/inst/velocity1_i_1176_n_0. Optimizations did not improve timing on the net.
INFO: [Physopt 32-702] Processed net design_1_i/pid_controller_0/inst/design_1_i/initial_math_0/inst/velocity1_i_1322_n_0. Optimizations did not improve timing on the net.
INFO: [Physopt 32-702] Processed net design_1_i/pid_controller_0/inst/design_1_i/initial_math_0/inst/velocity1_i_1473_n_0. Optimizations did not improve timing on the net.
INFO: [Physopt 32-702] Processed net design_1_i/pid_controller_0/inst/design_1_i/initial_math_0/inst/velocity1_i_1629_n_0. Optimizations did not improve timing on the net.
INFO: [Physopt 32-702] Processed net design_1_i/pid_controller_0/inst/design_1_i/initial_math_0/inst/velocity1_i_1709_n_0. Optimizations did not improve timing on the net.
INFO: [Physopt 32-702] Processed net design_1_i/pid_controller_0/inst/design_1_i/initial_math_0/inst/velocity1_i_1865_n_0. Optimizations did not improve timing on the net.
INFO: [Physopt 32-702] Processed net design_1_i/pid_controller_0/inst/design_1_i/initial_math_0/inst/velocity1_i_2026_n_0. Optimizations did not improve timing on the net.
INFO: [Physopt 32-702] Processed net design_1_i/pid_controller_0/inst/design_1_i/initial_math_0/inst/velocity1_i_2184_n_0. Optimizations did not improve timing on the net.
INFO: [Physopt 32-702] Processed net design_1_i/pid_controller_0/inst/design_1_i/initial_math_0/inst/derivative10_in[15]. Optimizations did not improve timing on the net.
INFO: [Physopt 32-702] Processed net design_1_i/pid_controller_0/inst/design_1_i/initial_math_0/inst/velocity1_i_65_n_0. Optimizations did not improve timing on the net.
INFO: [Physopt 32-702] Processed net design_1_i/pid_controller_0/inst/design_1_i/initial_math_0/inst/velocity1_i_150_n_0. Optimizations did not improve timing on the net.
INFO: [Physopt 32-702] Processed net design_1_i/pid_controller_0/inst/design_1_i/initial_math_0/inst/velocity1_i_260_n_0. Optimizations did not improve timing on the net.
INFO: [Physopt 32-702] Processed net design_1_i/pid_controller_0/inst/design_1_i/initial_math_0/inst/velocity1_i_376_n_0. Optimizations did not improve timing on the net.
INFO: [Physopt 32-702] Processed net design_1_i/pid_controller_0/inst/design_1_i/initial_math_0/inst/velocity1_i_497_n_0. Optimizations did not improve timing on the net.
INFO: [Physopt 32-702] Processed net design_1_i/pid_controller_0/inst/design_1_i/initial_math_0/inst/velocity1_i_623_n_0. Optimizations did not improve timing on the net.
INFO: [Physopt 32-702] Processed net design_1_i/pid_controller_0/inst/design_1_i/initial_math_0/inst/velocity1_i_754_n_0. Optimizations did not improve timing on the net.
INFO: [Physopt 32-702] Processed net design_1_i/pid_controller_0/inst/design_1_i/initial_math_0/inst/velocity1_i_890_n_0. Optimizations did not improve timing on the net.
INFO: [Physopt 32-702] Processed net design_1_i/pid_controller_0/inst/design_1_i/initial_math_0/inst/velocity1_i_1030_n_0. Optimizations did not improve timing on the net.
INFO: [Physopt 32-702] Processed net design_1_i/pid_controller_0/inst/design_1_i/initial_math_0/inst/velocity1_i_1171_n_0. Optimizations did not improve timing on the net.
INFO: [Physopt 32-702] Processed net design_1_i/pid_controller_0/inst/design_1_i/initial_math_0/inst/velocity1_i_1317_n_0. Optimizations did not improve timing on the net.
INFO: [Physopt 32-702] Processed net design_1_i/pid_controller_0/inst/design_1_i/initial_math_0/inst/velocity1_i_1468_n_0. Optimizations did not improve timing on the net.
INFO: [Physopt 32-702] Processed net design_1_i/pid_controller_0/inst/design_1_i/initial_math_0/inst/velocity1_i_1624_n_0. Optimizations did not improve timing on the net.
INFO: [Physopt 32-702] Processed net design_1_i/pid_controller_0/inst/design_1_i/initial_math_0/inst/velocity1_i_1785_n_0. Optimizations did not improve timing on the net.
INFO: [Physopt 32-702] Processed net design_1_i/pid_controller_0/inst/design_1_i/initial_math_0/inst/velocity1_i_1870_n_0. Optimizations did not improve timing on the net.
INFO: [Physopt 32-702] Processed net design_1_i/pid_controller_0/inst/design_1_i/initial_math_0/inst/velocity1_i_2031_n_0. Optimizations did not improve timing on the net.
INFO: [Physopt 32-702] Processed net design_1_i/pid_controller_0/inst/design_1_i/initial_math_0/inst/velocity1_i_2188_n_0. Optimizations did not improve timing on the net.
INFO: [Physopt 32-702] Processed net design_1_i/pid_controller_0/inst/design_1_i/initial_math_0/inst/derivative10_in[16]. Optimizations did not improve timing on the net.
INFO: [Physopt 32-702] Processed net design_1_i/pid_controller_0/inst/design_1_i/initial_math_0/inst/velocity1_i_61_n_0. Optimizations did not improve timing on the net.
INFO: [Physopt 32-702] Processed net design_1_i/pid_controller_0/inst/design_1_i/initial_math_0/inst/velocity1_i_139_n_0. Optimizations did not improve timing on the net.
INFO: [Physopt 32-702] Processed net design_1_i/pid_controller_0/inst/design_1_i/initial_math_0/inst/velocity1_i_244_n_0. Optimizations did not improve timing on the net.
INFO: [Physopt 32-702] Processed net design_1_i/pid_controller_0/inst/design_1_i/initial_math_0/inst/velocity1_i_355_n_0. Optimizations did not improve timing on the net.
INFO: [Physopt 32-702] Processed net design_1_i/pid_controller_0/inst/design_1_i/initial_math_0/inst/velocity1_i_471_n_0. Optimizations did not improve timing on the net.
INFO: [Physopt 32-702] Processed net design_1_i/pid_controller_0/inst/design_1_i/initial_math_0/inst/velocity1_i_592_n_0. Optimizations did not improve timing on the net.
INFO: [Physopt 32-702] Processed net design_1_i/pid_controller_0/inst/design_1_i/initial_math_0/inst/velocity1_i_718_n_0. Optimizations did not improve timing on the net.
INFO: [Physopt 32-702] Processed net design_1_i/pid_controller_0/inst/design_1_i/initial_math_0/inst/velocity1_i_849_n_0. Optimizations did not improve timing on the net.
INFO: [Physopt 32-702] Processed net design_1_i/pid_controller_0/inst/design_1_i/initial_math_0/inst/velocity1_i_984_n_0. Optimizations did not improve timing on the net.
INFO: [Physopt 32-702] Processed net design_1_i/pid_controller_0/inst/design_1_i/initial_math_0/inst/velocity1_i_1120_n_0. Optimizations did not improve timing on the net.
INFO: [Physopt 32-702] Processed net design_1_i/pid_controller_0/inst/design_1_i/initial_math_0/inst/velocity1_i_1261_n_0. Optimizations did not improve timing on the net.
INFO: [Physopt 32-702] Processed net design_1_i/pid_controller_0/inst/design_1_i/initial_math_0/inst/velocity1_i_1407_n_0. Optimizations did not improve timing on the net.
INFO: [Physopt 32-702] Processed net design_1_i/pid_controller_0/inst/design_1_i/initial_math_0/inst/velocity1_i_1558_n_0. Optimizations did not improve timing on the net.
INFO: [Physopt 32-702] Processed net design_1_i/pid_controller_0/inst/design_1_i/initial_math_0/inst/velocity1_i_1714_n_0. Optimizations did not improve timing on the net.
INFO: [Physopt 32-702] Processed net design_1_i/pid_controller_0/inst/design_1_i/initial_math_0/inst/velocity1_i_1875_n_0. Optimizations did not improve timing on the net.
INFO: [Physopt 32-702] Processed net design_1_i/pid_controller_0/inst/design_1_i/initial_math_0/inst/velocity1_i_2036_n_0. Optimizations did not improve timing on the net.
INFO: [Physopt 32-702] Processed net design_1_i/pid_controller_0/inst/design_1_i/initial_math_0/inst/velocity1_i_2192_n_0. Optimizations did not improve timing on the net.
INFO: [Physopt 32-702] Processed net design_1_i/pid_controller_0/inst/design_1_i/initial_math_0/inst/derivative10_in[17]. Optimizations did not improve timing on the net.
INFO: [Physopt 32-702] Processed net design_1_i/pid_controller_0/inst/design_1_i/initial_math_0/inst/velocity1_i_62_n_0. Optimizations did not improve timing on the net.
INFO: [Physopt 32-702] Processed net design_1_i/pid_controller_0/inst/design_1_i/initial_math_0/inst/velocity1_i_140_n_0. Optimizations did not improve timing on the net.
INFO: [Physopt 32-702] Processed net design_1_i/pid_controller_0/inst/design_1_i/initial_math_0/inst/velocity1_i_245_n_0. Optimizations did not improve timing on the net.
INFO: [Physopt 32-702] Processed net design_1_i/pid_controller_0/inst/design_1_i/initial_math_0/inst/velocity1_i_356_n_0. Optimizations did not improve timing on the net.
INFO: [Physopt 32-702] Processed net design_1_i/pid_controller_0/inst/design_1_i/initial_math_0/inst/velocity1_i_472_n_0. Optimizations did not improve timing on the net.
INFO: [Physopt 32-702] Processed net design_1_i/pid_controller_0/inst/design_1_i/initial_math_0/inst/velocity1_i_593_n_0. Optimizations did not improve timing on the net.
INFO: [Physopt 32-702] Processed net design_1_i/pid_controller_0/inst/design_1_i/initial_math_0/inst/velocity1_i_719_n_0. Optimizations did not improve timing on the net.
INFO: [Physopt 32-702] Processed net design_1_i/pid_controller_0/inst/design_1_i/initial_math_0/inst/velocity1_i_850_n_0. Optimizations did not improve timing on the net.
INFO: [Physopt 32-702] Processed net design_1_i/pid_controller_0/inst/design_1_i/initial_math_0/inst/velocity1_i_985_n_0. Optimizations did not improve timing on the net.
INFO: [Physopt 32-702] Processed net design_1_i/pid_controller_0/inst/design_1_i/initial_math_0/inst/velocity1_i_1121_n_0. Optimizations did not improve timing on the net.
INFO: [Physopt 32-702] Processed net design_1_i/pid_controller_0/inst/design_1_i/initial_math_0/inst/velocity1_i_1262_n_0. Optimizations did not improve timing on the net.
INFO: [Physopt 32-702] Processed net design_1_i/pid_controller_0/inst/design_1_i/initial_math_0/inst/velocity1_i_1408_n_0. Optimizations did not improve timing on the net.
INFO: [Physopt 32-702] Processed net design_1_i/pid_controller_0/inst/design_1_i/initial_math_0/inst/velocity1_i_1559_n_0. Optimizations did not improve timing on the net.
INFO: [Physopt 32-702] Processed net design_1_i/pid_controller_0/inst/design_1_i/initial_math_0/inst/velocity1_i_1715_n_0. Optimizations did not improve timing on the net.
INFO: [Physopt 32-702] Processed net design_1_i/pid_controller_0/inst/design_1_i/initial_math_0/inst/velocity1_i_1876_n_0. Optimizations did not improve timing on the net.
INFO: [Physopt 32-702] Processed net design_1_i/pid_controller_0/inst/design_1_i/initial_math_0/inst/velocity1_i_2041_n_0. Optimizations did not improve timing on the net.
INFO: [Physopt 32-702] Processed net design_1_i/pid_controller_0/inst/design_1_i/initial_math_0/inst/velocity1_i_2196_n_0. Optimizations did not improve timing on the net.
INFO: [Physopt 32-702] Processed net design_1_i/pid_controller_0/inst/design_1_i/initial_math_0/inst/derivative10_in[18]. Optimizations did not improve timing on the net.
INFO: [Physopt 32-702] Processed net design_1_i/pid_controller_0/inst/design_1_i/initial_math_0/inst/velocity1__0_i_91_n_0. Optimizations did not improve timing on the net.
INFO: [Physopt 32-702] Processed net design_1_i/pid_controller_0/inst/design_1_i/initial_math_0/inst/velocity1_i_145_n_0. Optimizations did not improve timing on the net.
INFO: [Physopt 32-702] Processed net design_1_i/pid_controller_0/inst/design_1_i/initial_math_0/inst/velocity1_i_250_n_0. Optimizations did not improve timing on the net.
INFO: [Physopt 32-702] Processed net design_1_i/pid_controller_0/inst/design_1_i/initial_math_0/inst/velocity1_i_361_n_0. Optimizations did not improve timing on the net.
INFO: [Physopt 32-702] Processed net design_1_i/pid_controller_0/inst/design_1_i/initial_math_0/inst/velocity1_i_477_n_0. Optimizations did not improve timing on the net.
INFO: [Physopt 32-702] Processed net design_1_i/pid_controller_0/inst/design_1_i/initial_math_0/inst/velocity1_i_598_n_0. Optimizations did not improve timing on the net.
INFO: [Physopt 32-702] Processed net design_1_i/pid_controller_0/inst/design_1_i/initial_math_0/inst/velocity1_i_724_n_0. Optimizations did not improve timing on the net.
INFO: [Physopt 32-702] Processed net design_1_i/pid_controller_0/inst/design_1_i/initial_math_0/inst/velocity1_i_855_n_0. Optimizations did not improve timing on the net.
INFO: [Physopt 32-702] Processed net design_1_i/pid_controller_0/inst/design_1_i/initial_math_0/inst/velocity1_i_990_n_0. Optimizations did not improve timing on the net.
INFO: [Physopt 32-702] Processed net design_1_i/pid_controller_0/inst/design_1_i/initial_math_0/inst/velocity1_i_1126_n_0. Optimizations did not improve timing on the net.
INFO: [Physopt 32-702] Processed net design_1_i/pid_controller_0/inst/design_1_i/initial_math_0/inst/velocity1_i_1267_n_0. Optimizations did not improve timing on the net.
INFO: [Physopt 32-702] Processed net design_1_i/pid_controller_0/inst/design_1_i/initial_math_0/inst/velocity1_i_1413_n_0. Optimizations did not improve timing on the net.
INFO: [Physopt 32-702] Processed net design_1_i/pid_controller_0/inst/design_1_i/initial_math_0/inst/velocity1_i_1564_n_0. Optimizations did not improve timing on the net.
INFO: [Physopt 32-702] Processed net design_1_i/pid_controller_0/inst/design_1_i/initial_math_0/inst/velocity1_i_1720_n_0. Optimizations did not improve timing on the net.
INFO: [Physopt 32-702] Processed net design_1_i/pid_controller_0/inst/design_1_i/initial_math_0/inst/velocity1_i_1881_n_0. Optimizations did not improve timing on the net.
INFO: [Physopt 32-702] Processed net design_1_i/pid_controller_0/inst/design_1_i/initial_math_0/inst/velocity1_i_2046_n_0. Optimizations did not improve timing on the net.
INFO: [Physopt 32-702] Processed net design_1_i/pid_controller_0/inst/design_1_i/initial_math_0/inst/velocity1_i_2200_n_0. Optimizations did not improve timing on the net.
INFO: [Physopt 32-702] Processed net design_1_i/pid_controller_0/inst/design_1_i/initial_math_0/inst/derivative10_in[19]. Optimizations did not improve timing on the net.
INFO: [Physopt 32-702] Processed net design_1_i/pid_controller_0/inst/design_1_i/initial_math_0/inst/velocity1__0_i_88_n_0. Optimizations did not improve timing on the net.
INFO: [Physopt 32-702] Processed net design_1_i/pid_controller_0/inst/design_1_i/initial_math_0/inst/velocity1__0_i_166_n_0. Optimizations did not improve timing on the net.
INFO: [Physopt 32-702] Processed net design_1_i/pid_controller_0/inst/design_1_i/initial_math_0/inst/velocity1_i_255_n_0. Optimizations did not improve timing on the net.
INFO: [Physopt 32-702] Processed net design_1_i/pid_controller_0/inst/design_1_i/initial_math_0/inst/velocity1_i_366_n_0. Optimizations did not improve timing on the net.
INFO: [Physopt 32-702] Processed net design_1_i/pid_controller_0/inst/design_1_i/initial_math_0/inst/velocity1_i_482_n_0. Optimizations did not improve timing on the net.
INFO: [Physopt 32-702] Processed net design_1_i/pid_controller_0/inst/design_1_i/initial_math_0/inst/velocity1_i_603_n_0. Optimizations did not improve timing on the net.
INFO: [Physopt 32-702] Processed net design_1_i/pid_controller_0/inst/design_1_i/initial_math_0/inst/velocity1_i_729_n_0. Optimizations did not improve timing on the net.
INFO: [Physopt 32-702] Processed net design_1_i/pid_controller_0/inst/design_1_i/initial_math_0/inst/velocity1_i_860_n_0. Optimizations did not improve timing on the net.
INFO: [Physopt 32-702] Processed net design_1_i/pid_controller_0/inst/design_1_i/initial_math_0/inst/velocity1_i_995_n_0. Optimizations did not improve timing on the net.
INFO: [Physopt 32-702] Processed net design_1_i/pid_controller_0/inst/design_1_i/initial_math_0/inst/velocity1_i_1131_n_0. Optimizations did not improve timing on the net.
INFO: [Physopt 32-702] Processed net design_1_i/pid_controller_0/inst/design_1_i/initial_math_0/inst/velocity1_i_1272_n_0. Optimizations did not improve timing on the net.
INFO: [Physopt 32-702] Processed net design_1_i/pid_controller_0/inst/design_1_i/initial_math_0/inst/velocity1_i_1418_n_0. Optimizations did not improve timing on the net.
INFO: [Physopt 32-702] Processed net design_1_i/pid_controller_0/inst/design_1_i/initial_math_0/inst/velocity1_i_1569_n_0. Optimizations did not improve timing on the net.
INFO: [Physopt 32-702] Processed net design_1_i/pid_controller_0/inst/design_1_i/initial_math_0/inst/velocity1_i_1725_n_0. Optimizations did not improve timing on the net.
INFO: [Physopt 32-702] Processed net design_1_i/pid_controller_0/inst/design_1_i/initial_math_0/inst/velocity1_i_1886_n_0. Optimizations did not improve timing on the net.
INFO: [Physopt 32-702] Processed net design_1_i/pid_controller_0/inst/design_1_i/initial_math_0/inst/velocity1_i_2051_n_0. Optimizations did not improve timing on the net.
INFO: [Physopt 32-702] Processed net design_1_i/pid_controller_0/inst/design_1_i/initial_math_0/inst/velocity1_i_2204_n_0. Optimizations did not improve timing on the net.
INFO: [Physopt 32-702] Processed net design_1_i/pid_controller_0/inst/design_1_i/initial_math_0/inst/derivative10_in[20]. Optimizations did not improve timing on the net.
INFO: [Physopt 32-702] Processed net design_1_i/pid_controller_0/inst/design_1_i/initial_math_0/inst/velocity1__0_i_85_n_0. Optimizations did not improve timing on the net.
INFO: [Physopt 32-702] Processed net design_1_i/pid_controller_0/inst/design_1_i/initial_math_0/inst/velocity1__0_i_161_n_0. Optimizations did not improve timing on the net.
INFO: [Physopt 32-702] Processed net design_1_i/pid_controller_0/inst/design_1_i/initial_math_0/inst/velocity1__0_i_250_n_0. Optimizations did not improve timing on the net.
INFO: [Physopt 32-702] Processed net design_1_i/pid_controller_0/inst/design_1_i/initial_math_0/inst/velocity1_i_371_n_0. Optimizations did not improve timing on the net.
INFO: [Physopt 32-702] Processed net design_1_i/pid_controller_0/inst/design_1_i/initial_math_0/inst/velocity1_i_487_n_0. Optimizations did not improve timing on the net.
INFO: [Physopt 32-702] Processed net design_1_i/pid_controller_0/inst/design_1_i/initial_math_0/inst/velocity1_i_608_n_0. Optimizations did not improve timing on the net.
INFO: [Physopt 32-702] Processed net design_1_i/pid_controller_0/inst/design_1_i/initial_math_0/inst/velocity1_i_734_n_0. Optimizations did not improve timing on the net.
INFO: [Physopt 32-702] Processed net design_1_i/pid_controller_0/inst/design_1_i/initial_math_0/inst/velocity1_i_865_n_0. Optimizations did not improve timing on the net.
INFO: [Physopt 32-702] Processed net design_1_i/pid_controller_0/inst/design_1_i/initial_math_0/inst/velocity1_i_1000_n_0. Optimizations did not improve timing on the net.
INFO: [Physopt 32-702] Processed net design_1_i/pid_controller_0/inst/design_1_i/initial_math_0/inst/velocity1_i_1136_n_0. Optimizations did not improve timing on the net.
INFO: [Physopt 32-702] Processed net design_1_i/pid_controller_0/inst/design_1_i/initial_math_0/inst/velocity1_i_1277_n_0. Optimizations did not improve timing on the net.
INFO: [Physopt 32-702] Processed net design_1_i/pid_controller_0/inst/design_1_i/initial_math_0/inst/velocity1_i_1423_n_0. Optimizations did not improve timing on the net.
INFO: [Physopt 32-702] Processed net design_1_i/pid_controller_0/inst/design_1_i/initial_math_0/inst/velocity1_i_1574_n_0. Optimizations did not improve timing on the net.
INFO: [Physopt 32-702] Processed net design_1_i/pid_controller_0/inst/design_1_i/initial_math_0/inst/velocity1_i_1730_n_0. Optimizations did not improve timing on the net.
INFO: [Physopt 32-702] Processed net design_1_i/pid_controller_0/inst/design_1_i/initial_math_0/inst/velocity1_i_1891_n_0. Optimizations did not improve timing on the net.
INFO: [Physopt 32-702] Processed net design_1_i/pid_controller_0/inst/design_1_i/initial_math_0/inst/velocity1_i_2056_n_0. Optimizations did not improve timing on the net.
INFO: [Physopt 32-702] Processed net design_1_i/pid_controller_0/inst/design_1_i/initial_math_0/inst/velocity1_i_2208_n_0. Optimizations did not improve timing on the net.
INFO: [Physopt 32-702] Processed net design_1_i/pid_controller_0/inst/design_1_i/initial_math_0/inst/derivative10_in[21]. Optimizations did not improve timing on the net.
INFO: [Physopt 32-702] Processed net design_1_i/pid_controller_0/inst/design_1_i/initial_math_0/inst/velocity1__0_i_78_n_0. Optimizations did not improve timing on the net.
INFO: [Physopt 32-702] Processed net design_1_i/pid_controller_0/inst/design_1_i/initial_math_0/inst/velocity1__0_i_156_n_0. Optimizations did not improve timing on the net.
INFO: [Physopt 32-702] Processed net design_1_i/pid_controller_0/inst/design_1_i/initial_math_0/inst/velocity1__0_i_245_n_0. Optimizations did not improve timing on the net.
INFO: [Physopt 32-702] Processed net design_1_i/pid_controller_0/inst/design_1_i/initial_math_0/inst/velocity1__0_i_339_n_0. Optimizations did not improve timing on the net.
INFO: [Physopt 32-702] Processed net design_1_i/pid_controller_0/inst/design_1_i/initial_math_0/inst/velocity1_i_492_n_0. Optimizations did not improve timing on the net.
INFO: [Physopt 32-702] Processed net design_1_i/pid_controller_0/inst/design_1_i/initial_math_0/inst/velocity1_i_613_n_0. Optimizations did not improve timing on the net.
INFO: [Physopt 32-702] Processed net design_1_i/pid_controller_0/inst/design_1_i/initial_math_0/inst/velocity1_i_739_n_0. Optimizations did not improve timing on the net.
INFO: [Physopt 32-702] Processed net design_1_i/pid_controller_0/inst/design_1_i/initial_math_0/inst/velocity1_i_870_n_0. Optimizations did not improve timing on the net.
INFO: [Physopt 32-702] Processed net design_1_i/pid_controller_0/inst/design_1_i/initial_math_0/inst/velocity1_i_1005_n_0. Optimizations did not improve timing on the net.
INFO: [Physopt 32-702] Processed net design_1_i/pid_controller_0/inst/design_1_i/initial_math_0/inst/velocity1_i_1141_n_0. Optimizations did not improve timing on the net.
INFO: [Physopt 32-702] Processed net design_1_i/pid_controller_0/inst/design_1_i/initial_math_0/inst/velocity1_i_1282_n_0. Optimizations did not improve timing on the net.
INFO: [Physopt 32-702] Processed net design_1_i/pid_controller_0/inst/design_1_i/initial_math_0/inst/velocity1_i_1428_n_0. Optimizations did not improve timing on the net.
INFO: [Physopt 32-702] Processed net design_1_i/pid_controller_0/inst/design_1_i/initial_math_0/inst/velocity1_i_1579_n_0. Optimizations did not improve timing on the net.
INFO: [Physopt 32-702] Processed net design_1_i/pid_controller_0/inst/design_1_i/initial_math_0/inst/velocity1_i_1735_n_0. Optimizations did not improve timing on the net.
INFO: [Physopt 32-702] Processed net design_1_i/pid_controller_0/inst/design_1_i/initial_math_0/inst/velocity1_i_1896_n_0. Optimizations did not improve timing on the net.
INFO: [Physopt 32-702] Processed net design_1_i/pid_controller_0/inst/design_1_i/initial_math_0/inst/velocity1_i_2061_n_0. Optimizations did not improve timing on the net.
INFO: [Physopt 32-702] Processed net design_1_i/pid_controller_0/inst/design_1_i/initial_math_0/inst/velocity1_i_2212_n_0. Optimizations did not improve timing on the net.
INFO: [Physopt 32-702] Processed net design_1_i/pid_controller_0/inst/design_1_i/initial_math_0/inst/derivative10_in[22]. Optimizations did not improve timing on the net.
INFO: [Physopt 32-702] Processed net design_1_i/pid_controller_0/inst/design_1_i/initial_math_0/inst/velocity1__0_i_75_n_0. Optimizations did not improve timing on the net.
INFO: [Physopt 32-702] Processed net design_1_i/pid_controller_0/inst/design_1_i/initial_math_0/inst/velocity1__0_i_151_n_0. Optimizations did not improve timing on the net.
INFO: [Physopt 32-702] Processed net design_1_i/pid_controller_0/inst/design_1_i/initial_math_0/inst/velocity1__0_i_240_n_0. Optimizations did not improve timing on the net.
INFO: [Physopt 32-702] Processed net design_1_i/pid_controller_0/inst/design_1_i/initial_math_0/inst/velocity1__0_i_334_n_0. Optimizations did not improve timing on the net.
INFO: [Physopt 32-702] Processed net design_1_i/pid_controller_0/inst/design_1_i/initial_math_0/inst/velocity1__0_i_433_n_0. Optimizations did not improve timing on the net.
INFO: [Physopt 32-702] Processed net design_1_i/pid_controller_0/inst/design_1_i/initial_math_0/inst/velocity1_i_618_n_0. Optimizations did not improve timing on the net.
INFO: [Physopt 32-702] Processed net design_1_i/pid_controller_0/inst/design_1_i/initial_math_0/inst/velocity1_i_744_n_0. Optimizations did not improve timing on the net.
INFO: [Physopt 32-702] Processed net design_1_i/pid_controller_0/inst/design_1_i/initial_math_0/inst/velocity1_i_875_n_0. Optimizations did not improve timing on the net.
INFO: [Physopt 32-702] Processed net design_1_i/pid_controller_0/inst/design_1_i/initial_math_0/inst/velocity1_i_1010_n_0. Optimizations did not improve timing on the net.
INFO: [Physopt 32-702] Processed net design_1_i/pid_controller_0/inst/design_1_i/initial_math_0/inst/velocity1_i_1146_n_0. Optimizations did not improve timing on the net.
INFO: [Physopt 32-702] Processed net design_1_i/pid_controller_0/inst/design_1_i/initial_math_0/inst/velocity1_i_1287_n_0. Optimizations did not improve timing on the net.
INFO: [Physopt 32-702] Processed net design_1_i/pid_controller_0/inst/design_1_i/initial_math_0/inst/velocity1_i_1433_n_0. Optimizations did not improve timing on the net.
INFO: [Physopt 32-702] Processed net design_1_i/pid_controller_0/inst/design_1_i/initial_math_0/inst/velocity1_i_1584_n_0. Optimizations did not improve timing on the net.
INFO: [Physopt 32-702] Processed net design_1_i/pid_controller_0/inst/design_1_i/initial_math_0/inst/velocity1_i_1740_n_0. Optimizations did not improve timing on the net.
INFO: [Physopt 32-702] Processed net design_1_i/pid_controller_0/inst/design_1_i/initial_math_0/inst/velocity1_i_1901_n_0. Optimizations did not improve timing on the net.
INFO: [Physopt 32-702] Processed net design_1_i/pid_controller_0/inst/design_1_i/initial_math_0/inst/velocity1_i_2066_n_0. Optimizations did not improve timing on the net.
INFO: [Physopt 32-702] Processed net design_1_i/pid_controller_0/inst/design_1_i/initial_math_0/inst/velocity1_i_2216_n_0. Optimizations did not improve timing on the net.
INFO: [Physopt 32-702] Processed net design_1_i/pid_controller_0/inst/design_1_i/initial_math_0/inst/derivative10_in[23]. Optimizations did not improve timing on the net.
INFO: [Physopt 32-702] Processed net design_1_i/pid_controller_0/inst/design_1_i/initial_math_0/inst/velocity1__0_i_72_n_0. Optimizations did not improve timing on the net.
INFO: [Physopt 32-702] Processed net design_1_i/pid_controller_0/inst/design_1_i/initial_math_0/inst/velocity1__0_i_146_n_0. Optimizations did not improve timing on the net.
INFO: [Physopt 32-702] Processed net design_1_i/pid_controller_0/inst/design_1_i/initial_math_0/inst/velocity1__0_i_235_n_0. Optimizations did not improve timing on the net.
INFO: [Physopt 32-702] Processed net design_1_i/pid_controller_0/inst/design_1_i/initial_math_0/inst/velocity1__0_i_329_n_0. Optimizations did not improve timing on the net.
INFO: [Physopt 32-702] Processed net design_1_i/pid_controller_0/inst/design_1_i/initial_math_0/inst/velocity1__0_i_428_n_0. Optimizations did not improve timing on the net.
INFO: [Physopt 32-702] Processed net design_1_i/pid_controller_0/inst/design_1_i/initial_math_0/inst/velocity1__0_i_532_n_0. Optimizations did not improve timing on the net.
INFO: [Physopt 32-702] Processed net design_1_i/pid_controller_0/inst/design_1_i/initial_math_0/inst/velocity1_i_749_n_0. Optimizations did not improve timing on the net.
INFO: [Physopt 32-702] Processed net design_1_i/pid_controller_0/inst/design_1_i/initial_math_0/inst/velocity1_i_880_n_0. Optimizations did not improve timing on the net.
INFO: [Physopt 32-702] Processed net design_1_i/pid_controller_0/inst/design_1_i/initial_math_0/inst/velocity1_i_1015_n_0. Optimizations did not improve timing on the net.
INFO: [Physopt 32-702] Processed net design_1_i/pid_controller_0/inst/design_1_i/initial_math_0/inst/velocity1_i_1151_n_0. Optimizations did not improve timing on the net.
INFO: [Physopt 32-702] Processed net design_1_i/pid_controller_0/inst/design_1_i/initial_math_0/inst/velocity1_i_1292_n_0. Optimizations did not improve timing on the net.
INFO: [Physopt 32-702] Processed net design_1_i/pid_controller_0/inst/design_1_i/initial_math_0/inst/velocity1_i_1438_n_0. Optimizations did not improve timing on the net.
INFO: [Physopt 32-702] Processed net design_1_i/pid_controller_0/inst/design_1_i/initial_math_0/inst/velocity1_i_1589_n_0. Optimizations did not improve timing on the net.
INFO: [Physopt 32-702] Processed net design_1_i/pid_controller_0/inst/design_1_i/initial_math_0/inst/velocity1_i_1745_n_0. Optimizations did not improve timing on the net.
INFO: [Physopt 32-702] Processed net design_1_i/pid_controller_0/inst/design_1_i/initial_math_0/inst/velocity1_i_1906_n_0. Optimizations did not improve timing on the net.
INFO: [Physopt 32-702] Processed net design_1_i/pid_controller_0/inst/design_1_i/initial_math_0/inst/velocity1_i_2071_n_0. Optimizations did not improve timing on the net.
INFO: [Physopt 32-702] Processed net design_1_i/pid_controller_0/inst/design_1_i/initial_math_0/inst/velocity1_i_2220_n_0. Optimizations did not improve timing on the net.
INFO: [Physopt 32-702] Processed net design_1_i/pid_controller_0/inst/design_1_i/initial_math_0/inst/derivative10_in[24]. Optimizations did not improve timing on the net.
INFO: [Physopt 32-702] Processed net design_1_i/pid_controller_0/inst/design_1_i/initial_math_0/inst/velocity1__0_i_69_n_0. Optimizations did not improve timing on the net.
INFO: [Physopt 32-702] Processed net design_1_i/pid_controller_0/inst/design_1_i/initial_math_0/inst/velocity1__0_i_141_n_0. Optimizations did not improve timing on the net.
INFO: [Physopt 32-702] Processed net design_1_i/pid_controller_0/inst/design_1_i/initial_math_0/inst/velocity1__0_i_230_n_0. Optimizations did not improve timing on the net.
INFO: [Physopt 32-702] Processed net design_1_i/pid_controller_0/inst/design_1_i/initial_math_0/inst/velocity1__0_i_324_n_0. Optimizations did not improve timing on the net.
INFO: [Physopt 32-702] Processed net design_1_i/pid_controller_0/inst/design_1_i/initial_math_0/inst/velocity1__0_i_423_n_0. Optimizations did not improve timing on the net.
INFO: [Physopt 32-702] Processed net design_1_i/pid_controller_0/inst/design_1_i/initial_math_0/inst/velocity1__0_i_527_n_0. Optimizations did not improve timing on the net.
INFO: [Physopt 32-702] Processed net design_1_i/pid_controller_0/inst/design_1_i/initial_math_0/inst/velocity1__0_i_636_n_0. Optimizations did not improve timing on the net.
INFO: [Physopt 32-702] Processed net design_1_i/pid_controller_0/inst/design_1_i/initial_math_0/inst/velocity1_i_885_n_0. Optimizations did not improve timing on the net.
INFO: [Physopt 32-702] Processed net design_1_i/pid_controller_0/inst/design_1_i/initial_math_0/inst/velocity1_i_1020_n_0. Optimizations did not improve timing on the net.
INFO: [Physopt 32-702] Processed net design_1_i/pid_controller_0/inst/design_1_i/initial_math_0/inst/velocity1_i_1156_n_0. Optimizations did not improve timing on the net.
INFO: [Physopt 32-702] Processed net design_1_i/pid_controller_0/inst/design_1_i/initial_math_0/inst/velocity1_i_1297_n_0. Optimizations did not improve timing on the net.
INFO: [Physopt 32-702] Processed net design_1_i/pid_controller_0/inst/design_1_i/initial_math_0/inst/velocity1_i_1443_n_0. Optimizations did not improve timing on the net.
INFO: [Physopt 32-702] Processed net design_1_i/pid_controller_0/inst/design_1_i/initial_math_0/inst/velocity1_i_1594_n_0. Optimizations did not improve timing on the net.
INFO: [Physopt 32-702] Processed net design_1_i/pid_controller_0/inst/design_1_i/initial_math_0/inst/velocity1_i_1750_n_0. Optimizations did not improve timing on the net.
INFO: [Physopt 32-702] Processed net design_1_i/pid_controller_0/inst/design_1_i/initial_math_0/inst/velocity1_i_1911_n_0. Optimizations did not improve timing on the net.
INFO: [Physopt 32-702] Processed net design_1_i/pid_controller_0/inst/design_1_i/initial_math_0/inst/velocity1_i_2076_n_0. Optimizations did not improve timing on the net.
INFO: [Physopt 32-702] Processed net design_1_i/pid_controller_0/inst/design_1_i/initial_math_0/inst/velocity1_i_2224_n_0. Optimizations did not improve timing on the net.
INFO: [Physopt 32-702] Processed net design_1_i/pid_controller_0/inst/design_1_i/initial_math_0/inst/derivative10_in[25]. Optimizations did not improve timing on the net.
INFO: [Physopt 32-702] Processed net design_1_i/pid_controller_0/inst/design_1_i/initial_math_0/inst/velocity1__0_i_62_n_0. Optimizations did not improve timing on the net.
INFO: [Physopt 32-702] Processed net design_1_i/pid_controller_0/inst/design_1_i/initial_math_0/inst/velocity1__0_i_136_n_0. Optimizations did not improve timing on the net.
INFO: [Physopt 32-702] Processed net design_1_i/pid_controller_0/inst/design_1_i/initial_math_0/inst/velocity1__0_i_225_n_0. Optimizations did not improve timing on the net.
INFO: [Physopt 32-702] Processed net design_1_i/pid_controller_0/inst/design_1_i/initial_math_0/inst/velocity1__0_i_319_n_0. Optimizations did not improve timing on the net.
INFO: [Physopt 32-702] Processed net design_1_i/pid_controller_0/inst/design_1_i/initial_math_0/inst/velocity1__0_i_418_n_0. Optimizations did not improve timing on the net.
INFO: [Physopt 32-702] Processed net design_1_i/pid_controller_0/inst/design_1_i/initial_math_0/inst/velocity1__0_i_522_n_0. Optimizations did not improve timing on the net.
INFO: [Physopt 32-702] Processed net design_1_i/pid_controller_0/inst/design_1_i/initial_math_0/inst/velocity1__0_i_631_n_0. Optimizations did not improve timing on the net.
INFO: [Physopt 32-702] Processed net design_1_i/pid_controller_0/inst/design_1_i/initial_math_0/inst/velocity1__0_i_745_n_0. Optimizations did not improve timing on the net.
INFO: [Physopt 32-702] Processed net design_1_i/pid_controller_0/inst/design_1_i/initial_math_0/inst/velocity1_i_1025_n_0. Optimizations did not improve timing on the net.
INFO: [Physopt 32-702] Processed net design_1_i/pid_controller_0/inst/design_1_i/initial_math_0/inst/velocity1_i_1161_n_0. Optimizations did not improve timing on the net.
INFO: [Physopt 32-702] Processed net design_1_i/pid_controller_0/inst/design_1_i/initial_math_0/inst/velocity1_i_1302_n_0. Optimizations did not improve timing on the net.
INFO: [Physopt 32-702] Processed net design_1_i/pid_controller_0/inst/design_1_i/initial_math_0/inst/velocity1_i_1448_n_0. Optimizations did not improve timing on the net.
INFO: [Physopt 32-702] Processed net design_1_i/pid_controller_0/inst/design_1_i/initial_math_0/inst/velocity1_i_1599_n_0. Optimizations did not improve timing on the net.
INFO: [Physopt 32-702] Processed net design_1_i/pid_controller_0/inst/design_1_i/initial_math_0/inst/velocity1_i_1755_n_0. Optimizations did not improve timing on the net.
INFO: [Physopt 32-702] Processed net design_1_i/pid_controller_0/inst/design_1_i/initial_math_0/inst/velocity1_i_1916_n_0. Optimizations did not improve timing on the net.
INFO: [Physopt 32-702] Processed net design_1_i/pid_controller_0/inst/design_1_i/initial_math_0/inst/velocity1_i_2081_n_0. Optimizations did not improve timing on the net.
INFO: [Physopt 32-702] Processed net design_1_i/pid_controller_0/inst/design_1_i/initial_math_0/inst/velocity1_i_2228_n_0. Optimizations did not improve timing on the net.
INFO: [Physopt 32-702] Processed net design_1_i/pid_controller_0/inst/design_1_i/initial_math_0/inst/derivative10_in[26]. Optimizations did not improve timing on the net.
INFO: [Physopt 32-702] Processed net design_1_i/pid_controller_0/inst/design_1_i/initial_math_0/inst/velocity1__0_i_59_n_0. Optimizations did not improve timing on the net.
INFO: [Physopt 32-702] Processed net design_1_i/pid_controller_0/inst/design_1_i/initial_math_0/inst/velocity1__0_i_131_n_0. Optimizations did not improve timing on the net.
INFO: [Physopt 32-702] Processed net design_1_i/pid_controller_0/inst/design_1_i/initial_math_0/inst/velocity1__0_i_220_n_0. Optimizations did not improve timing on the net.
INFO: [Physopt 32-702] Processed net design_1_i/pid_controller_0/inst/design_1_i/initial_math_0/inst/velocity1__0_i_314_n_0. Optimizations did not improve timing on the net.
INFO: [Physopt 32-702] Processed net design_1_i/pid_controller_0/inst/design_1_i/initial_math_0/inst/velocity1__0_i_413_n_0. Optimizations did not improve timing on the net.
INFO: [Physopt 32-702] Processed net design_1_i/pid_controller_0/inst/design_1_i/initial_math_0/inst/velocity1__0_i_517_n_0. Optimizations did not improve timing on the net.
INFO: [Physopt 32-702] Processed net design_1_i/pid_controller_0/inst/design_1_i/initial_math_0/inst/velocity1__0_i_626_n_0. Optimizations did not improve timing on the net.
INFO: [Physopt 32-702] Processed net design_1_i/pid_controller_0/inst/design_1_i/initial_math_0/inst/velocity1__0_i_740_n_0. Optimizations did not improve timing on the net.
INFO: [Physopt 32-702] Processed net design_1_i/pid_controller_0/inst/design_1_i/initial_math_0/inst/velocity1__0_i_859_n_0. Optimizations did not improve timing on the net.
INFO: [Physopt 32-702] Processed net design_1_i/pid_controller_0/inst/design_1_i/initial_math_0/inst/velocity1_i_1166_n_0. Optimizations did not improve timing on the net.
INFO: [Physopt 32-702] Processed net design_1_i/pid_controller_0/inst/design_1_i/initial_math_0/inst/velocity1_i_1307_n_0. Optimizations did not improve timing on the net.
INFO: [Physopt 32-702] Processed net design_1_i/pid_controller_0/inst/design_1_i/initial_math_0/inst/velocity1_i_1453_n_0. Optimizations did not improve timing on the net.
INFO: [Physopt 32-702] Processed net design_1_i/pid_controller_0/inst/design_1_i/initial_math_0/inst/velocity1_i_1604_n_0. Optimizations did not improve timing on the net.
INFO: [Physopt 32-702] Processed net design_1_i/pid_controller_0/inst/design_1_i/initial_math_0/inst/velocity1_i_1760_n_0. Optimizations did not improve timing on the net.
INFO: [Physopt 32-702] Processed net design_1_i/pid_controller_0/inst/design_1_i/initial_math_0/inst/velocity1_i_1921_n_0. Optimizations did not improve timing on the net.
INFO: [Physopt 32-702] Processed net design_1_i/pid_controller_0/inst/design_1_i/initial_math_0/inst/velocity1_i_2086_n_0. Optimizations did not improve timing on the net.
INFO: [Physopt 32-702] Processed net design_1_i/pid_controller_0/inst/design_1_i/initial_math_0/inst/velocity1_i_2232_n_0. Optimizations did not improve timing on the net.
INFO: [Physopt 32-702] Processed net design_1_i/pid_controller_0/inst/design_1_i/initial_math_0/inst/derivative10_in[27]. Optimizations did not improve timing on the net.
INFO: [Physopt 32-702] Processed net design_1_i/pid_controller_0/inst/design_1_i/initial_math_0/inst/velocity1__0_i_56_n_0. Optimizations did not improve timing on the net.
INFO: [Physopt 32-702] Processed net design_1_i/pid_controller_0/inst/design_1_i/initial_math_0/inst/velocity1__0_i_126_n_0. Optimizations did not improve timing on the net.
INFO: [Physopt 32-702] Processed net design_1_i/pid_controller_0/inst/design_1_i/initial_math_0/inst/velocity1__0_i_215_n_0. Optimizations did not improve timing on the net.
INFO: [Physopt 32-702] Processed net design_1_i/pid_controller_0/inst/design_1_i/initial_math_0/inst/velocity1__0_i_309_n_0. Optimizations did not improve timing on the net.
INFO: [Physopt 32-702] Processed net design_1_i/pid_controller_0/inst/design_1_i/initial_math_0/inst/velocity1__0_i_408_n_0. Optimizations did not improve timing on the net.
INFO: [Physopt 32-702] Processed net design_1_i/pid_controller_0/inst/design_1_i/initial_math_0/inst/velocity1__0_i_512_n_0. Optimizations did not improve timing on the net.
INFO: [Physopt 32-702] Processed net design_1_i/pid_controller_0/inst/design_1_i/initial_math_0/inst/velocity1__0_i_621_n_0. Optimizations did not improve timing on the net.
INFO: [Physopt 32-702] Processed net design_1_i/pid_controller_0/inst/design_1_i/initial_math_0/inst/velocity1__0_i_735_n_0. Optimizations did not improve timing on the net.
INFO: [Physopt 32-702] Processed net design_1_i/pid_controller_0/inst/design_1_i/initial_math_0/inst/velocity1__0_i_854_n_0. Optimizations did not improve timing on the net.
INFO: [Physopt 32-702] Processed net design_1_i/pid_controller_0/inst/design_1_i/initial_math_0/inst/velocity1__0_i_978_n_0. Optimizations did not improve timing on the net.
INFO: [Physopt 32-702] Processed net design_1_i/pid_controller_0/inst/design_1_i/initial_math_0/inst/velocity1_i_1312_n_0. Optimizations did not improve timing on the net.
INFO: [Physopt 32-702] Processed net design_1_i/pid_controller_0/inst/design_1_i/initial_math_0/inst/velocity1_i_1458_n_0. Optimizations did not improve timing on the net.
INFO: [Physopt 32-702] Processed net design_1_i/pid_controller_0/inst/design_1_i/initial_math_0/inst/velocity1_i_1609_n_0. Optimizations did not improve timing on the net.
INFO: [Physopt 32-702] Processed net design_1_i/pid_controller_0/inst/design_1_i/initial_math_0/inst/velocity1_i_1765_n_0. Optimizations did not improve timing on the net.
INFO: [Physopt 32-702] Processed net design_1_i/pid_controller_0/inst/design_1_i/initial_math_0/inst/velocity1_i_1926_n_0. Optimizations did not improve timing on the net.
INFO: [Physopt 32-702] Processed net design_1_i/pid_controller_0/inst/design_1_i/initial_math_0/inst/velocity1_i_2091_n_0. Optimizations did not improve timing on the net.
INFO: [Physopt 32-702] Processed net design_1_i/pid_controller_0/inst/design_1_i/initial_math_0/inst/velocity1_i_2236_n_0. Optimizations did not improve timing on the net.
INFO: [Physopt 32-702] Processed net design_1_i/pid_controller_0/inst/design_1_i/initial_math_0/inst/derivative10_in[28]. Optimizations did not improve timing on the net.
INFO: [Physopt 32-702] Processed net design_1_i/pid_controller_0/inst/design_1_i/initial_math_0/inst/velocity1__0_i_53_n_0. Optimizations did not improve timing on the net.
INFO: [Physopt 32-702] Processed net design_1_i/pid_controller_0/inst/design_1_i/initial_math_0/inst/velocity1__0_i_121_n_0. Optimizations did not improve timing on the net.
INFO: [Physopt 32-702] Processed net design_1_i/pid_controller_0/inst/design_1_i/initial_math_0/inst/velocity1__0_i_210_n_0. Optimizations did not improve timing on the net.
INFO: [Physopt 32-702] Processed net design_1_i/pid_controller_0/inst/design_1_i/initial_math_0/inst/velocity1__0_i_304_n_0. Optimizations did not improve timing on the net.
INFO: [Physopt 32-702] Processed net design_1_i/pid_controller_0/inst/design_1_i/initial_math_0/inst/velocity1__0_i_403_n_0. Optimizations did not improve timing on the net.
INFO: [Physopt 32-702] Processed net design_1_i/pid_controller_0/inst/design_1_i/initial_math_0/inst/velocity1__0_i_507_n_0. Optimizations did not improve timing on the net.
INFO: [Physopt 32-702] Processed net design_1_i/pid_controller_0/inst/design_1_i/initial_math_0/inst/velocity1__0_i_616_n_0. Optimizations did not improve timing on the net.
INFO: [Physopt 32-702] Processed net design_1_i/pid_controller_0/inst/design_1_i/initial_math_0/inst/velocity1__0_i_730_n_0. Optimizations did not improve timing on the net.
INFO: [Physopt 32-702] Processed net design_1_i/pid_controller_0/inst/design_1_i/initial_math_0/inst/velocity1__0_i_849_n_0. Optimizations did not improve timing on the net.
INFO: [Physopt 32-702] Processed net design_1_i/pid_controller_0/inst/design_1_i/initial_math_0/inst/velocity1__0_i_973_n_0. Optimizations did not improve timing on the net.
INFO: [Physopt 32-702] Processed net design_1_i/pid_controller_0/inst/design_1_i/initial_math_0/inst/velocity1__0_i_1102_n_0. Optimizations did not improve timing on the net.
INFO: [Physopt 32-702] Processed net design_1_i/pid_controller_0/inst/design_1_i/initial_math_0/inst/velocity1_i_1463_n_0. Optimizations did not improve timing on the net.
INFO: [Physopt 32-702] Processed net design_1_i/pid_controller_0/inst/design_1_i/initial_math_0/inst/velocity1_i_1614_n_0. Optimizations did not improve timing on the net.
INFO: [Physopt 32-702] Processed net design_1_i/pid_controller_0/inst/design_1_i/initial_math_0/inst/velocity1_i_1770_n_0. Optimizations did not improve timing on the net.
INFO: [Physopt 32-702] Processed net design_1_i/pid_controller_0/inst/design_1_i/initial_math_0/inst/velocity1_i_1931_n_0. Optimizations did not improve timing on the net.
INFO: [Physopt 32-702] Processed net design_1_i/pid_controller_0/inst/design_1_i/initial_math_0/inst/velocity1_i_2096_n_0. Optimizations did not improve timing on the net.
INFO: [Physopt 32-702] Processed net design_1_i/pid_controller_0/inst/design_1_i/initial_math_0/inst/velocity1_i_2240_n_0. Optimizations did not improve timing on the net.
INFO: [Physopt 32-702] Processed net design_1_i/pid_controller_0/inst/design_1_i/initial_math_0/inst/derivative10_in[29]. Optimizations did not improve timing on the net.
INFO: [Physopt 32-702] Processed net design_1_i/pid_controller_0/inst/design_1_i/initial_math_0/inst/velocity1__0_i_46_n_0. Optimizations did not improve timing on the net.
INFO: [Physopt 32-702] Processed net design_1_i/pid_controller_0/inst/design_1_i/initial_math_0/inst/velocity1__0_i_116_n_0. Optimizations did not improve timing on the net.
INFO: [Physopt 32-702] Processed net design_1_i/pid_controller_0/inst/design_1_i/initial_math_0/inst/velocity1__0_i_205_n_0. Optimizations did not improve timing on the net.
INFO: [Physopt 32-702] Processed net design_1_i/pid_controller_0/inst/design_1_i/initial_math_0/inst/velocity1__0_i_299_n_0. Optimizations did not improve timing on the net.
INFO: [Physopt 32-702] Processed net design_1_i/pid_controller_0/inst/design_1_i/initial_math_0/inst/velocity1__0_i_398_n_0. Optimizations did not improve timing on the net.
INFO: [Physopt 32-702] Processed net design_1_i/pid_controller_0/inst/design_1_i/initial_math_0/inst/velocity1__0_i_502_n_0. Optimizations did not improve timing on the net.
INFO: [Physopt 32-702] Processed net design_1_i/pid_controller_0/inst/design_1_i/initial_math_0/inst/velocity1__0_i_611_n_0. Optimizations did not improve timing on the net.
INFO: [Physopt 32-702] Processed net design_1_i/pid_controller_0/inst/design_1_i/initial_math_0/inst/velocity1__0_i_725_n_0. Optimizations did not improve timing on the net.
INFO: [Physopt 32-702] Processed net design_1_i/pid_controller_0/inst/design_1_i/initial_math_0/inst/velocity1__0_i_844_n_0. Optimizations did not improve timing on the net.
INFO: [Physopt 32-702] Processed net design_1_i/pid_controller_0/inst/design_1_i/initial_math_0/inst/velocity1__0_i_968_n_0. Optimizations did not improve timing on the net.
INFO: [Physopt 32-702] Processed net design_1_i/pid_controller_0/inst/design_1_i/initial_math_0/inst/velocity1__0_i_1097_n_0. Optimizations did not improve timing on the net.
INFO: [Physopt 32-702] Processed net design_1_i/pid_controller_0/inst/design_1_i/initial_math_0/inst/velocity1__0_i_1231_n_0. Optimizations did not improve timing on the net.
INFO: [Physopt 32-702] Processed net design_1_i/pid_controller_0/inst/design_1_i/initial_math_0/inst/velocity1_i_1619_n_0. Optimizations did not improve timing on the net.
INFO: [Physopt 32-702] Processed net design_1_i/pid_controller_0/inst/design_1_i/initial_math_0/inst/velocity1_i_1775_n_0. Optimizations did not improve timing on the net.
INFO: [Physopt 32-702] Processed net design_1_i/pid_controller_0/inst/design_1_i/initial_math_0/inst/velocity1_i_1936_n_0. Optimizations did not improve timing on the net.
INFO: [Physopt 32-702] Processed net design_1_i/pid_controller_0/inst/design_1_i/initial_math_0/inst/velocity1_i_2101_n_0. Optimizations did not improve timing on the net.
INFO: [Physopt 32-702] Processed net design_1_i/pid_controller_0/inst/design_1_i/initial_math_0/inst/velocity1_i_2244_n_0. Optimizations did not improve timing on the net.
INFO: [Physopt 32-702] Processed net design_1_i/pid_controller_0/inst/design_1_i/initial_math_0/inst/derivative10_in[30]. Optimizations did not improve timing on the net.
INFO: [Physopt 32-702] Processed net design_1_i/pid_controller_0/inst/design_1_i/initial_math_0/inst/velocity1__0_i_43_n_0. Optimizations did not improve timing on the net.
INFO: [Physopt 32-702] Processed net design_1_i/pid_controller_0/inst/design_1_i/initial_math_0/inst/velocity1__0_i_111_n_0. Optimizations did not improve timing on the net.
INFO: [Physopt 32-702] Processed net design_1_i/pid_controller_0/inst/design_1_i/initial_math_0/inst/velocity1__0_i_200_n_0. Optimizations did not improve timing on the net.
INFO: [Physopt 32-702] Processed net design_1_i/pid_controller_0/inst/design_1_i/initial_math_0/inst/velocity1__0_i_294_n_0. Optimizations did not improve timing on the net.
INFO: [Physopt 32-702] Processed net design_1_i/pid_controller_0/inst/design_1_i/initial_math_0/inst/velocity1__0_i_393_n_0. Optimizations did not improve timing on the net.
INFO: [Physopt 32-702] Processed net design_1_i/pid_controller_0/inst/design_1_i/initial_math_0/inst/velocity1__0_i_497_n_0. Optimizations did not improve timing on the net.
INFO: [Physopt 32-702] Processed net design_1_i/pid_controller_0/inst/design_1_i/initial_math_0/inst/velocity1__0_i_606_n_0. Optimizations did not improve timing on the net.
INFO: [Physopt 32-702] Processed net design_1_i/pid_controller_0/inst/design_1_i/initial_math_0/inst/velocity1__0_i_720_n_0. Optimizations did not improve timing on the net.
INFO: [Physopt 32-702] Processed net design_1_i/pid_controller_0/inst/design_1_i/initial_math_0/inst/velocity1__0_i_839_n_0. Optimizations did not improve timing on the net.
INFO: [Physopt 32-702] Processed net design_1_i/pid_controller_0/inst/design_1_i/initial_math_0/inst/velocity1__0_i_963_n_0. Optimizations did not improve timing on the net.
INFO: [Physopt 32-702] Processed net design_1_i/pid_controller_0/inst/design_1_i/initial_math_0/inst/velocity1__0_i_1092_n_0. Optimizations did not improve timing on the net.
INFO: [Physopt 32-702] Processed net design_1_i/pid_controller_0/inst/design_1_i/initial_math_0/inst/velocity1__0_i_1226_n_0. Optimizations did not improve timing on the net.
INFO: [Physopt 32-702] Processed net design_1_i/pid_controller_0/inst/design_1_i/initial_math_0/inst/velocity1__0_i_1365_n_0. Optimizations did not improve timing on the net.
INFO: [Physopt 32-702] Processed net design_1_i/pid_controller_0/inst/design_1_i/initial_math_0/inst/velocity1_i_1780_n_0. Optimizations did not improve timing on the net.
INFO: [Physopt 32-702] Processed net design_1_i/pid_controller_0/inst/design_1_i/initial_math_0/inst/velocity1_i_1941_n_0. Optimizations did not improve timing on the net.
INFO: [Physopt 32-702] Processed net design_1_i/pid_controller_0/inst/design_1_i/initial_math_0/inst/velocity1_i_2106_n_0. Optimizations did not improve timing on the net.
INFO: [Physopt 32-702] Processed net design_1_i/pid_controller_0/inst/design_1_i/initial_math_0/inst/velocity1_i_2248_n_0. Optimizations did not improve timing on the net.
INFO: [Physopt 32-702] Processed net design_1_i/pid_controller_0/inst/design_1_i/initial_math_0/inst/derivative10_in[31]. Optimizations did not improve timing on the net.
INFO: [Physopt 32-702] Processed net design_1_i/pid_controller_0/inst/design_1_i/initial_math_0/inst/velocity1__0_i_38_n_0. Optimizations did not improve timing on the net.
INFO: [Physopt 32-702] Processed net design_1_i/pid_controller_0/inst/design_1_i/initial_math_0/inst/velocity1__0_i_96_n_0. Optimizations did not improve timing on the net.
INFO: [Physopt 32-702] Processed net design_1_i/pid_controller_0/inst/design_1_i/initial_math_0/inst/velocity1__0_i_175_n_0. Optimizations did not improve timing on the net.
INFO: [Physopt 32-702] Processed net design_1_i/pid_controller_0/inst/design_1_i/initial_math_0/inst/velocity1__0_i_259_n_0. Optimizations did not improve timing on the net.
INFO: [Physopt 32-702] Processed net design_1_i/pid_controller_0/inst/design_1_i/initial_math_0/inst/velocity1__0_i_348_n_0. Optimizations did not improve timing on the net.
INFO: [Physopt 32-702] Processed net design_1_i/pid_controller_0/inst/design_1_i/initial_math_0/inst/velocity1__0_i_442_n_0. Optimizations did not improve timing on the net.
INFO: [Physopt 32-702] Processed net design_1_i/pid_controller_0/inst/design_1_i/initial_math_0/inst/velocity1__0_i_541_n_0. Optimizations did not improve timing on the net.
INFO: [Physopt 32-702] Processed net design_1_i/pid_controller_0/inst/design_1_i/initial_math_0/inst/velocity1__0_i_645_n_0. Optimizations did not improve timing on the net.
INFO: [Physopt 32-702] Processed net design_1_i/pid_controller_0/inst/design_1_i/initial_math_0/inst/velocity1__0_i_754_n_0. Optimizations did not improve timing on the net.
INFO: [Physopt 32-702] Processed net design_1_i/pid_controller_0/inst/design_1_i/initial_math_0/inst/velocity1__0_i_868_n_0. Optimizations did not improve timing on the net.
INFO: [Physopt 32-702] Processed net design_1_i/pid_controller_0/inst/design_1_i/initial_math_0/inst/velocity1__0_i_987_n_0. Optimizations did not improve timing on the net.
INFO: [Physopt 32-702] Processed net design_1_i/pid_controller_0/inst/design_1_i/initial_math_0/inst/velocity1__0_i_1111_n_0. Optimizations did not improve timing on the net.
INFO: [Physopt 32-702] Processed net design_1_i/pid_controller_0/inst/design_1_i/initial_math_0/inst/velocity1__0_i_1240_n_0. Optimizations did not improve timing on the net.
INFO: [Physopt 32-702] Processed net design_1_i/pid_controller_0/inst/design_1_i/initial_math_0/inst/velocity1__0_i_1374_n_0. Optimizations did not improve timing on the net.
INFO: [Physopt 32-702] Processed net design_1_i/pid_controller_0/inst/design_1_i/initial_math_0/inst/velocity1_i_1946_n_0. Optimizations did not improve timing on the net.
INFO: [Physopt 32-702] Processed net design_1_i/pid_controller_0/inst/design_1_i/initial_math_0/inst/velocity1_i_2111_n_0. Optimizations did not improve timing on the net.
INFO: [Physopt 32-702] Processed net design_1_i/pid_controller_0/inst/design_1_i/initial_math_0/inst/velocity1_i_2252_n_0. Optimizations did not improve timing on the net.
INFO: [Physopt 32-702] Processed net design_1_i/pid_controller_0/inst/design_1_i/initial_math_0/inst/velocity1__0_i_39_n_2. Optimizations did not improve timing on the net.
INFO: [Physopt 32-702] Processed net design_1_i/pid_controller_0/inst/design_1_i/initial_math_0/inst/velocity1__0_i_40_n_0. Optimizations did not improve timing on the net.
INFO: [Physopt 32-702] Processed net design_1_i/pid_controller_0/inst/design_1_i/initial_math_0/inst/velocity1__0_i_97_n_0. Optimizations did not improve timing on the net.
INFO: [Physopt 32-702] Processed net design_1_i/pid_controller_0/inst/design_1_i/initial_math_0/inst/velocity1__0_i_176_n_0. Optimizations did not improve timing on the net.
INFO: [Physopt 32-702] Processed net design_1_i/pid_controller_0/inst/design_1_i/initial_math_0/inst/velocity1__0_i_260_n_0. Optimizations did not improve timing on the net.
INFO: [Physopt 32-702] Processed net design_1_i/pid_controller_0/inst/design_1_i/initial_math_0/inst/velocity1__0_i_349_n_0. Optimizations did not improve timing on the net.
INFO: [Physopt 32-702] Processed net design_1_i/pid_controller_0/inst/design_1_i/initial_math_0/inst/velocity1__0_i_443_n_0. Optimizations did not improve timing on the net.
INFO: [Physopt 32-702] Processed net design_1_i/pid_controller_0/inst/design_1_i/initial_math_0/inst/velocity1__0_i_542_n_0. Optimizations did not improve timing on the net.
INFO: [Physopt 32-702] Processed net design_1_i/pid_controller_0/inst/design_1_i/initial_math_0/inst/velocity1__0_i_646_n_0. Optimizations did not improve timing on the net.
INFO: [Physopt 32-702] Processed net design_1_i/pid_controller_0/inst/design_1_i/initial_math_0/inst/velocity1__0_i_755_n_0. Optimizations did not improve timing on the net.
INFO: [Physopt 32-702] Processed net design_1_i/pid_controller_0/inst/design_1_i/initial_math_0/inst/velocity1__0_i_869_n_0. Optimizations did not improve timing on the net.
INFO: [Physopt 32-702] Processed net design_1_i/pid_controller_0/inst/design_1_i/initial_math_0/inst/velocity1__0_i_988_n_0. Optimizations did not improve timing on the net.
INFO: [Physopt 32-702] Processed net design_1_i/pid_controller_0/inst/design_1_i/initial_math_0/inst/velocity1__0_i_1112_n_0. Optimizations did not improve timing on the net.
INFO: [Physopt 32-702] Processed net design_1_i/pid_controller_0/inst/design_1_i/initial_math_0/inst/velocity1__0_i_1241_n_0. Optimizations did not improve timing on the net.
INFO: [Physopt 32-702] Processed net design_1_i/pid_controller_0/inst/design_1_i/initial_math_0/inst/velocity1__0_i_1375_n_0. Optimizations did not improve timing on the net.
INFO: [Physopt 32-702] Processed net design_1_i/pid_controller_0/inst/design_1_i/initial_math_0/inst/velocity1__0_i_1513_n_0. Optimizations did not improve timing on the net.
INFO: [Physopt 32-702] Processed net design_1_i/pid_controller_0/inst/design_1_i/initial_math_0/inst/velocity1_i_2116_n_0. Optimizations did not improve timing on the net.
INFO: [Physopt 32-702] Processed net design_1_i/pid_controller_0/inst/design_1_i/initial_math_0/inst/velocity1_i_2256_n_0. Optimizations did not improve timing on the net.
INFO: [Physopt 32-702] Processed net design_1_i/pid_controller_0/inst/design_1_i/initial_math_0/inst/velocity1__0_i_102_n_2. Optimizations did not improve timing on the net.
INFO: [Physopt 32-702] Processed net design_1_i/pid_controller_0/inst/design_1_i/initial_math_0/inst/velocity1__0_i_103_n_0. Optimizations did not improve timing on the net.
INFO: [Physopt 32-702] Processed net design_1_i/pid_controller_0/inst/design_1_i/initial_math_0/inst/velocity1__0_i_106_n_0. Optimizations did not improve timing on the net.
INFO: [Physopt 32-702] Processed net design_1_i/pid_controller_0/inst/design_1_i/initial_math_0/inst/velocity1__0_i_181_n_0. Optimizations did not improve timing on the net.
INFO: [Physopt 32-702] Processed net design_1_i/pid_controller_0/inst/design_1_i/initial_math_0/inst/velocity1__0_i_265_n_0. Optimizations did not improve timing on the net.
INFO: [Physopt 32-702] Processed net design_1_i/pid_controller_0/inst/design_1_i/initial_math_0/inst/velocity1__0_i_354_n_0. Optimizations did not improve timing on the net.
INFO: [Physopt 32-702] Processed net design_1_i/pid_controller_0/inst/design_1_i/initial_math_0/inst/velocity1__0_i_448_n_0. Optimizations did not improve timing on the net.
INFO: [Physopt 32-702] Processed net design_1_i/pid_controller_0/inst/design_1_i/initial_math_0/inst/velocity1__0_i_547_n_0. Optimizations did not improve timing on the net.
INFO: [Physopt 32-702] Processed net design_1_i/pid_controller_0/inst/design_1_i/initial_math_0/inst/velocity1__0_i_651_n_0. Optimizations did not improve timing on the net.
INFO: [Physopt 32-702] Processed net design_1_i/pid_controller_0/inst/design_1_i/initial_math_0/inst/velocity1__0_i_760_n_0. Optimizations did not improve timing on the net.
INFO: [Physopt 32-702] Processed net design_1_i/pid_controller_0/inst/design_1_i/initial_math_0/inst/velocity1__0_i_874_n_0. Optimizations did not improve timing on the net.
INFO: [Physopt 32-702] Processed net design_1_i/pid_controller_0/inst/design_1_i/initial_math_0/inst/velocity1__0_i_993_n_0. Optimizations did not improve timing on the net.
INFO: [Physopt 32-702] Processed net design_1_i/pid_controller_0/inst/design_1_i/initial_math_0/inst/velocity1__0_i_1117_n_0. Optimizations did not improve timing on the net.
INFO: [Physopt 32-702] Processed net design_1_i/pid_controller_0/inst/design_1_i/initial_math_0/inst/velocity1__0_i_1246_n_0. Optimizations did not improve timing on the net.
INFO: [Physopt 32-702] Processed net design_1_i/pid_controller_0/inst/design_1_i/initial_math_0/inst/velocity1__0_i_1380_n_0. Optimizations did not improve timing on the net.
INFO: [Physopt 32-702] Processed net design_1_i/pid_controller_0/inst/design_1_i/initial_math_0/inst/velocity1__0_i_1518_n_0. Optimizations did not improve timing on the net.
INFO: [Physopt 32-702] Processed net design_1_i/pid_controller_0/inst/design_1_i/initial_math_0/inst/velocity1__0_i_1657_n_0. Optimizations did not improve timing on the net.
INFO: [Physopt 32-702] Processed net design_1_i/pid_controller_0/inst/design_1_i/initial_math_0/inst/velocity1__0_i_1809_n_0. Optimizations did not improve timing on the net.
INFO: [Physopt 32-702] Processed net design_1_i/pid_controller_0/inst/design_1_i/initial_math_0/inst/velocity1__0_i_186_n_2. Optimizations did not improve timing on the net.
INFO: [Physopt 32-702] Processed net design_1_i/pid_controller_0/inst/design_1_i/initial_math_0/inst/velocity1__0_i_187_n_0. Optimizations did not improve timing on the net.
INFO: [Physopt 32-702] Processed net design_1_i/pid_controller_0/inst/design_1_i/initial_math_0/inst/velocity1__0_i_190_n_0. Optimizations did not improve timing on the net.
INFO: [Physopt 32-702] Processed net design_1_i/pid_controller_0/inst/design_1_i/initial_math_0/inst/velocity1__0_i_195_n_0. Optimizations did not improve timing on the net.
INFO: [Physopt 32-702] Processed net design_1_i/pid_controller_0/inst/design_1_i/initial_math_0/inst/velocity1__0_i_270_n_0. Optimizations did not improve timing on the net.
INFO: [Physopt 32-702] Processed net design_1_i/pid_controller_0/inst/design_1_i/initial_math_0/inst/velocity1__0_i_359_n_0. Optimizations did not improve timing on the net.
INFO: [Physopt 32-702] Processed net design_1_i/pid_controller_0/inst/design_1_i/initial_math_0/inst/velocity1__0_i_453_n_0. Optimizations did not improve timing on the net.
INFO: [Physopt 32-702] Processed net design_1_i/pid_controller_0/inst/design_1_i/initial_math_0/inst/velocity1__0_i_552_n_0. Optimizations did not improve timing on the net.
INFO: [Physopt 32-702] Processed net design_1_i/pid_controller_0/inst/design_1_i/initial_math_0/inst/velocity1__0_i_656_n_0. Optimizations did not improve timing on the net.
INFO: [Physopt 32-702] Processed net design_1_i/pid_controller_0/inst/design_1_i/initial_math_0/inst/velocity1__0_i_765_n_0. Optimizations did not improve timing on the net.
INFO: [Physopt 32-702] Processed net design_1_i/pid_controller_0/inst/design_1_i/initial_math_0/inst/velocity1__0_i_879_n_0. Optimizations did not improve timing on the net.
INFO: [Physopt 32-702] Processed net design_1_i/pid_controller_0/inst/design_1_i/initial_math_0/inst/velocity1__0_i_998_n_0. Optimizations did not improve timing on the net.
INFO: [Physopt 32-702] Processed net design_1_i/pid_controller_0/inst/design_1_i/initial_math_0/inst/velocity1__0_i_1122_n_0. Optimizations did not improve timing on the net.
INFO: [Physopt 32-702] Processed net design_1_i/pid_controller_0/inst/design_1_i/initial_math_0/inst/velocity1__0_i_1251_n_0. Optimizations did not improve timing on the net.
INFO: [Physopt 32-702] Processed net design_1_i/pid_controller_0/inst/design_1_i/initial_math_0/inst/velocity1__0_i_1385_n_0. Optimizations did not improve timing on the net.
INFO: [Physopt 32-702] Processed net design_1_i/pid_controller_0/inst/design_1_i/initial_math_0/inst/velocity1__0_i_1523_n_0. Optimizations did not improve timing on the net.
INFO: [Physopt 32-702] Processed net design_1_i/pid_controller_0/inst/design_1_i/initial_math_0/inst/velocity1__0_i_1662_n_0. Optimizations did not improve timing on the net.
INFO: [Physopt 32-702] Processed net design_1_i/pid_controller_0/inst/design_1_i/initial_math_0/inst/velocity1__0_i_1813_n_0. Optimizations did not improve timing on the net.
INFO: [Physopt 32-702] Processed net design_1_i/pid_controller_0/inst/design_1_i/initial_math_0/inst/velocity1__0_i_275_n_2. Optimizations did not improve timing on the net.
INFO: [Physopt 32-702] Processed net design_1_i/pid_controller_0/inst/design_1_i/initial_math_0/inst/velocity1__0_i_276_n_0. Optimizations did not improve timing on the net.
INFO: [Physopt 32-702] Processed net design_1_i/pid_controller_0/inst/design_1_i/initial_math_0/inst/velocity1__0_i_279_n_0. Optimizations did not improve timing on the net.
INFO: [Physopt 32-702] Processed net design_1_i/pid_controller_0/inst/design_1_i/initial_math_0/inst/velocity1__0_i_284_n_0. Optimizations did not improve timing on the net.
INFO: [Physopt 32-702] Processed net design_1_i/pid_controller_0/inst/design_1_i/initial_math_0/inst/velocity1__0_i_289_n_0. Optimizations did not improve timing on the net.
INFO: [Physopt 32-702] Processed net design_1_i/pid_controller_0/inst/design_1_i/initial_math_0/inst/velocity1__0_i_364_n_0. Optimizations did not improve timing on the net.
INFO: [Physopt 32-702] Processed net design_1_i/pid_controller_0/inst/design_1_i/initial_math_0/inst/velocity1__0_i_458_n_0. Optimizations did not improve timing on the net.
INFO: [Physopt 32-702] Processed net design_1_i/pid_controller_0/inst/design_1_i/initial_math_0/inst/velocity1__0_i_557_n_0. Optimizations did not improve timing on the net.
INFO: [Physopt 32-702] Processed net design_1_i/pid_controller_0/inst/design_1_i/initial_math_0/inst/velocity1__0_i_661_n_0. Optimizations did not improve timing on the net.
INFO: [Physopt 32-702] Processed net design_1_i/pid_controller_0/inst/design_1_i/initial_math_0/inst/velocity1__0_i_770_n_0. Optimizations did not improve timing on the net.
INFO: [Physopt 32-702] Processed net design_1_i/pid_controller_0/inst/design_1_i/initial_math_0/inst/velocity1__0_i_884_n_0. Optimizations did not improve timing on the net.
INFO: [Physopt 32-702] Processed net design_1_i/pid_controller_0/inst/design_1_i/initial_math_0/inst/velocity1__0_i_1003_n_0. Optimizations did not improve timing on the net.
INFO: [Physopt 32-702] Processed net design_1_i/pid_controller_0/inst/design_1_i/initial_math_0/inst/velocity1__0_i_1127_n_0. Optimizations did not improve timing on the net.
INFO: [Physopt 32-702] Processed net design_1_i/pid_controller_0/inst/design_1_i/initial_math_0/inst/velocity1__0_i_1256_n_0. Optimizations did not improve timing on the net.
INFO: [Physopt 32-702] Processed net design_1_i/pid_controller_0/inst/design_1_i/initial_math_0/inst/velocity1__0_i_1390_n_0. Optimizations did not improve timing on the net.
INFO: [Physopt 32-702] Processed net design_1_i/pid_controller_0/inst/design_1_i/initial_math_0/inst/velocity1__0_i_1528_n_0. Optimizations did not improve timing on the net.
INFO: [Physopt 32-702] Processed net design_1_i/pid_controller_0/inst/design_1_i/initial_math_0/inst/velocity1__0_i_1667_n_0. Optimizations did not improve timing on the net.
INFO: [Physopt 32-702] Processed net design_1_i/pid_controller_0/inst/design_1_i/initial_math_0/inst/velocity1__0_i_1817_n_0. Optimizations did not improve timing on the net.
INFO: [Physopt 32-702] Processed net design_1_i/pid_controller_0/inst/design_1_i/initial_math_0/inst/velocity1__0_i_369_n_2. Optimizations did not improve timing on the net.
INFO: [Physopt 32-702] Processed net design_1_i/pid_controller_0/inst/design_1_i/initial_math_0/inst/velocity1__0_i_370_n_0. Optimizations did not improve timing on the net.
INFO: [Physopt 32-702] Processed net design_1_i/pid_controller_0/inst/design_1_i/initial_math_0/inst/velocity1__0_i_373_n_0. Optimizations did not improve timing on the net.
INFO: [Physopt 32-702] Processed net design_1_i/pid_controller_0/inst/design_1_i/initial_math_0/inst/velocity1__0_i_378_n_0. Optimizations did not improve timing on the net.
INFO: [Physopt 32-702] Processed net design_1_i/pid_controller_0/inst/design_1_i/initial_math_0/inst/velocity1__0_i_383_n_0. Optimizations did not improve timing on the net.
INFO: [Physopt 32-702] Processed net design_1_i/pid_controller_0/inst/design_1_i/initial_math_0/inst/velocity1__0_i_388_n_0. Optimizations did not improve timing on the net.
INFO: [Physopt 32-702] Processed net design_1_i/pid_controller_0/inst/design_1_i/initial_math_0/inst/velocity1__0_i_463_n_0. Optimizations did not improve timing on the net.
INFO: [Physopt 32-702] Processed net design_1_i/pid_controller_0/inst/design_1_i/initial_math_0/inst/velocity1__0_i_562_n_0. Optimizations did not improve timing on the net.
INFO: [Physopt 32-702] Processed net design_1_i/pid_controller_0/inst/design_1_i/initial_math_0/inst/velocity1__0_i_666_n_0. Optimizations did not improve timing on the net.
INFO: [Physopt 32-702] Processed net design_1_i/pid_controller_0/inst/design_1_i/initial_math_0/inst/velocity1__0_i_775_n_0. Optimizations did not improve timing on the net.
INFO: [Physopt 32-702] Processed net design_1_i/pid_controller_0/inst/design_1_i/initial_math_0/inst/velocity1__0_i_889_n_0. Optimizations did not improve timing on the net.
INFO: [Physopt 32-702] Processed net design_1_i/pid_controller_0/inst/design_1_i/initial_math_0/inst/velocity1__0_i_1008_n_0. Optimizations did not improve timing on the net.
INFO: [Physopt 32-702] Processed net design_1_i/pid_controller_0/inst/design_1_i/initial_math_0/inst/velocity1__0_i_1132_n_0. Optimizations did not improve timing on the net.
INFO: [Physopt 32-702] Processed net design_1_i/pid_controller_0/inst/design_1_i/initial_math_0/inst/velocity1__0_i_1261_n_0. Optimizations did not improve timing on the net.
INFO: [Physopt 32-702] Processed net design_1_i/pid_controller_0/inst/design_1_i/initial_math_0/inst/velocity1__0_i_1395_n_0. Optimizations did not improve timing on the net.
INFO: [Physopt 32-702] Processed net design_1_i/pid_controller_0/inst/design_1_i/initial_math_0/inst/velocity1__0_i_1533_n_0. Optimizations did not improve timing on the net.
INFO: [Physopt 32-702] Processed net design_1_i/pid_controller_0/inst/design_1_i/initial_math_0/inst/velocity1__0_i_1672_n_0. Optimizations did not improve timing on the net.
INFO: [Physopt 32-702] Processed net design_1_i/pid_controller_0/inst/design_1_i/initial_math_0/inst/velocity1__0_i_1821_n_0. Optimizations did not improve timing on the net.
INFO: [Physopt 32-702] Processed net design_1_i/pid_controller_0/inst/design_1_i/initial_math_0/inst/velocity1__0_i_468_n_2. Optimizations did not improve timing on the net.
INFO: [Physopt 32-702] Processed net design_1_i/pid_controller_0/inst/design_1_i/initial_math_0/inst/velocity1__0_i_469_n_0. Optimizations did not improve timing on the net.
INFO: [Physopt 32-702] Processed net design_1_i/pid_controller_0/inst/design_1_i/initial_math_0/inst/velocity1__0_i_472_n_0. Optimizations did not improve timing on the net.
INFO: [Physopt 32-702] Processed net design_1_i/pid_controller_0/inst/design_1_i/initial_math_0/inst/velocity1__0_i_477_n_0. Optimizations did not improve timing on the net.
INFO: [Physopt 32-702] Processed net design_1_i/pid_controller_0/inst/design_1_i/initial_math_0/inst/velocity1__0_i_482_n_0. Optimizations did not improve timing on the net.
INFO: [Physopt 32-702] Processed net design_1_i/pid_controller_0/inst/design_1_i/initial_math_0/inst/velocity1__0_i_487_n_0. Optimizations did not improve timing on the net.
INFO: [Physopt 32-702] Processed net design_1_i/pid_controller_0/inst/design_1_i/initial_math_0/inst/velocity1__0_i_492_n_0. Optimizations did not improve timing on the net.
INFO: [Physopt 32-702] Processed net design_1_i/pid_controller_0/inst/design_1_i/initial_math_0/inst/velocity1__0_i_567_n_0. Optimizations did not improve timing on the net.
INFO: [Physopt 32-702] Processed net design_1_i/pid_controller_0/inst/design_1_i/initial_math_0/inst/velocity1__0_i_671_n_0. Optimizations did not improve timing on the net.
INFO: [Physopt 32-702] Processed net design_1_i/pid_controller_0/inst/design_1_i/initial_math_0/inst/velocity1__0_i_780_n_0. Optimizations did not improve timing on the net.
INFO: [Physopt 32-702] Processed net design_1_i/pid_controller_0/inst/design_1_i/initial_math_0/inst/velocity1__0_i_894_n_0. Optimizations did not improve timing on the net.
INFO: [Physopt 32-702] Processed net design_1_i/pid_controller_0/inst/design_1_i/initial_math_0/inst/velocity1__0_i_1013_n_0. Optimizations did not improve timing on the net.
INFO: [Physopt 32-702] Processed net design_1_i/pid_controller_0/inst/design_1_i/initial_math_0/inst/velocity1__0_i_1137_n_0. Optimizations did not improve timing on the net.
INFO: [Physopt 32-702] Processed net design_1_i/pid_controller_0/inst/design_1_i/initial_math_0/inst/velocity1__0_i_1266_n_0. Optimizations did not improve timing on the net.
INFO: [Physopt 32-702] Processed net design_1_i/pid_controller_0/inst/design_1_i/initial_math_0/inst/velocity1__0_i_1400_n_0. Optimizations did not improve timing on the net.
INFO: [Physopt 32-702] Processed net design_1_i/pid_controller_0/inst/design_1_i/initial_math_0/inst/velocity1__0_i_1538_n_0. Optimizations did not improve timing on the net.
INFO: [Physopt 32-702] Processed net design_1_i/pid_controller_0/inst/design_1_i/initial_math_0/inst/velocity1__0_i_1677_n_0. Optimizations did not improve timing on the net.
INFO: [Physopt 32-702] Processed net design_1_i/pid_controller_0/inst/design_1_i/initial_math_0/inst/velocity1__0_i_1825_n_0. Optimizations did not improve timing on the net.
INFO: [Physopt 32-702] Processed net design_1_i/pid_controller_0/inst/design_1_i/initial_math_0/inst/velocity1__0_i_572_n_2. Optimizations did not improve timing on the net.
INFO: [Physopt 32-702] Processed net design_1_i/pid_controller_0/inst/design_1_i/initial_math_0/inst/velocity1__0_i_573_n_0. Optimizations did not improve timing on the net.
INFO: [Physopt 32-702] Processed net design_1_i/pid_controller_0/inst/design_1_i/initial_math_0/inst/velocity1__0_i_576_n_0. Optimizations did not improve timing on the net.
INFO: [Physopt 32-702] Processed net design_1_i/pid_controller_0/inst/design_1_i/initial_math_0/inst/velocity1__0_i_581_n_0. Optimizations did not improve timing on the net.
INFO: [Physopt 32-702] Processed net design_1_i/pid_controller_0/inst/design_1_i/initial_math_0/inst/velocity1__0_i_586_n_0. Optimizations did not improve timing on the net.
INFO: [Physopt 32-702] Processed net design_1_i/pid_controller_0/inst/design_1_i/initial_math_0/inst/velocity1__0_i_591_n_0. Optimizations did not improve timing on the net.
INFO: [Physopt 32-702] Processed net design_1_i/pid_controller_0/inst/design_1_i/initial_math_0/inst/velocity1__0_i_596_n_0. Optimizations did not improve timing on the net.
INFO: [Physopt 32-702] Processed net design_1_i/pid_controller_0/inst/design_1_i/initial_math_0/inst/velocity1__0_i_601_n_0. Optimizations did not improve timing on the net.
INFO: [Physopt 32-702] Processed net design_1_i/pid_controller_0/inst/design_1_i/initial_math_0/inst/velocity1__0_i_676_n_0. Optimizations did not improve timing on the net.
INFO: [Physopt 32-702] Processed net design_1_i/pid_controller_0/inst/design_1_i/initial_math_0/inst/velocity1__0_i_785_n_0. Optimizations did not improve timing on the net.
INFO: [Physopt 32-702] Processed net design_1_i/pid_controller_0/inst/design_1_i/initial_math_0/inst/velocity1__0_i_899_n_0. Optimizations did not improve timing on the net.
INFO: [Physopt 32-702] Processed net design_1_i/pid_controller_0/inst/design_1_i/initial_math_0/inst/velocity1__0_i_1018_n_0. Optimizations did not improve timing on the net.
INFO: [Physopt 32-702] Processed net design_1_i/pid_controller_0/inst/design_1_i/initial_math_0/inst/velocity1__0_i_1142_n_0. Optimizations did not improve timing on the net.
INFO: [Physopt 32-702] Processed net design_1_i/pid_controller_0/inst/design_1_i/initial_math_0/inst/velocity1__0_i_1271_n_0. Optimizations did not improve timing on the net.
INFO: [Physopt 32-702] Processed net design_1_i/pid_controller_0/inst/design_1_i/initial_math_0/inst/velocity1__0_i_1405_n_0. Optimizations did not improve timing on the net.
INFO: [Physopt 32-702] Processed net design_1_i/pid_controller_0/inst/design_1_i/initial_math_0/inst/velocity1__0_i_1543_n_0. Optimizations did not improve timing on the net.
INFO: [Physopt 32-702] Processed net design_1_i/pid_controller_0/inst/design_1_i/initial_math_0/inst/velocity1__0_i_1682_n_0. Optimizations did not improve timing on the net.
INFO: [Physopt 32-702] Processed net design_1_i/pid_controller_0/inst/design_1_i/initial_math_0/inst/velocity1__0_i_1829_n_0. Optimizations did not improve timing on the net.
INFO: [Physopt 32-702] Processed net design_1_i/pid_controller_0/inst/design_1_i/initial_math_0/inst/velocity1__0_i_681_n_2. Optimizations did not improve timing on the net.
INFO: [Physopt 32-702] Processed net design_1_i/pid_controller_0/inst/design_1_i/initial_math_0/inst/velocity1__0_i_682_n_0. Optimizations did not improve timing on the net.
INFO: [Physopt 32-702] Processed net design_1_i/pid_controller_0/inst/design_1_i/initial_math_0/inst/velocity1__0_i_685_n_0. Optimizations did not improve timing on the net.
INFO: [Physopt 32-702] Processed net design_1_i/pid_controller_0/inst/design_1_i/initial_math_0/inst/velocity1__0_i_690_n_0. Optimizations did not improve timing on the net.
INFO: [Physopt 32-702] Processed net design_1_i/pid_controller_0/inst/design_1_i/initial_math_0/inst/velocity1__0_i_695_n_0. Optimizations did not improve timing on the net.
INFO: [Physopt 32-702] Processed net design_1_i/pid_controller_0/inst/design_1_i/initial_math_0/inst/velocity1__0_i_700_n_0. Optimizations did not improve timing on the net.
INFO: [Physopt 32-702] Processed net design_1_i/pid_controller_0/inst/design_1_i/initial_math_0/inst/velocity1__0_i_705_n_0. Optimizations did not improve timing on the net.
INFO: [Physopt 32-702] Processed net design_1_i/pid_controller_0/inst/design_1_i/initial_math_0/inst/velocity1__0_i_710_n_0. Optimizations did not improve timing on the net.
INFO: [Physopt 32-702] Processed net design_1_i/pid_controller_0/inst/design_1_i/initial_math_0/inst/velocity1__0_i_715_n_0. Optimizations did not improve timing on the net.
INFO: [Physopt 32-702] Processed net design_1_i/pid_controller_0/inst/design_1_i/initial_math_0/inst/velocity1__0_i_790_n_0. Optimizations did not improve timing on the net.
INFO: [Physopt 32-702] Processed net design_1_i/pid_controller_0/inst/design_1_i/initial_math_0/inst/velocity1__0_i_904_n_0. Optimizations did not improve timing on the net.
INFO: [Physopt 32-702] Processed net design_1_i/pid_controller_0/inst/design_1_i/initial_math_0/inst/velocity1__0_i_1023_n_0. Optimizations did not improve timing on the net.
INFO: [Physopt 32-702] Processed net design_1_i/pid_controller_0/inst/design_1_i/initial_math_0/inst/velocity1__0_i_1147_n_0. Optimizations did not improve timing on the net.
INFO: [Physopt 32-702] Processed net design_1_i/pid_controller_0/inst/design_1_i/initial_math_0/inst/velocity1__0_i_1276_n_0. Optimizations did not improve timing on the net.
INFO: [Physopt 32-702] Processed net design_1_i/pid_controller_0/inst/design_1_i/initial_math_0/inst/velocity1__0_i_1410_n_0. Optimizations did not improve timing on the net.
INFO: [Physopt 32-702] Processed net design_1_i/pid_controller_0/inst/design_1_i/initial_math_0/inst/velocity1__0_i_1548_n_0. Optimizations did not improve timing on the net.
INFO: [Physopt 32-702] Processed net design_1_i/pid_controller_0/inst/design_1_i/initial_math_0/inst/velocity1__0_i_1687_n_0. Optimizations did not improve timing on the net.
INFO: [Physopt 32-702] Processed net design_1_i/pid_controller_0/inst/design_1_i/initial_math_0/inst/velocity1__0_i_1833_n_0. Optimizations did not improve timing on the net.
INFO: [Physopt 32-702] Processed net design_1_i/pid_controller_0/inst/design_1_i/initial_math_0/inst/velocity1__0_i_795_n_2. Optimizations did not improve timing on the net.
INFO: [Physopt 32-702] Processed net design_1_i/pid_controller_0/inst/design_1_i/initial_math_0/inst/velocity1__0_i_796_n_0. Optimizations did not improve timing on the net.
INFO: [Physopt 32-702] Processed net design_1_i/pid_controller_0/inst/design_1_i/initial_math_0/inst/velocity1__0_i_799_n_0. Optimizations did not improve timing on the net.
INFO: [Physopt 32-702] Processed net design_1_i/pid_controller_0/inst/design_1_i/initial_math_0/inst/velocity1__0_i_804_n_0. Optimizations did not improve timing on the net.
INFO: [Physopt 32-702] Processed net design_1_i/pid_controller_0/inst/design_1_i/initial_math_0/inst/velocity1__0_i_809_n_0. Optimizations did not improve timing on the net.
INFO: [Physopt 32-702] Processed net design_1_i/pid_controller_0/inst/design_1_i/initial_math_0/inst/velocity1__0_i_814_n_0. Optimizations did not improve timing on the net.
INFO: [Physopt 32-702] Processed net design_1_i/pid_controller_0/inst/design_1_i/initial_math_0/inst/velocity1__0_i_819_n_0. Optimizations did not improve timing on the net.
INFO: [Physopt 32-702] Processed net design_1_i/pid_controller_0/inst/design_1_i/initial_math_0/inst/velocity1__0_i_824_n_0. Optimizations did not improve timing on the net.
INFO: [Physopt 32-702] Processed net design_1_i/pid_controller_0/inst/design_1_i/initial_math_0/inst/velocity1__0_i_829_n_0. Optimizations did not improve timing on the net.
INFO: [Physopt 32-702] Processed net design_1_i/pid_controller_0/inst/design_1_i/initial_math_0/inst/velocity1__0_i_834_n_0. Optimizations did not improve timing on the net.
INFO: [Physopt 32-702] Processed net design_1_i/pid_controller_0/inst/design_1_i/initial_math_0/inst/velocity1__0_i_909_n_0. Optimizations did not improve timing on the net.
INFO: [Physopt 32-702] Processed net design_1_i/pid_controller_0/inst/design_1_i/initial_math_0/inst/velocity1__0_i_1028_n_0. Optimizations did not improve timing on the net.
INFO: [Physopt 32-702] Processed net design_1_i/pid_controller_0/inst/design_1_i/initial_math_0/inst/velocity1__0_i_1152_n_0. Optimizations did not improve timing on the net.
INFO: [Physopt 32-702] Processed net design_1_i/pid_controller_0/inst/design_1_i/initial_math_0/inst/velocity1__0_i_1281_n_0. Optimizations did not improve timing on the net.
INFO: [Physopt 32-702] Processed net design_1_i/pid_controller_0/inst/design_1_i/initial_math_0/inst/velocity1__0_i_1415_n_0. Optimizations did not improve timing on the net.
INFO: [Physopt 32-702] Processed net design_1_i/pid_controller_0/inst/design_1_i/initial_math_0/inst/velocity1__0_i_1553_n_0. Optimizations did not improve timing on the net.
INFO: [Physopt 32-702] Processed net design_1_i/pid_controller_0/inst/design_1_i/initial_math_0/inst/velocity1__0_i_1692_n_0. Optimizations did not improve timing on the net.
INFO: [Physopt 32-702] Processed net design_1_i/pid_controller_0/inst/design_1_i/initial_math_0/inst/velocity1__0_i_1837_n_0. Optimizations did not improve timing on the net.
INFO: [Physopt 32-702] Processed net design_1_i/pid_controller_0/inst/design_1_i/initial_math_0/inst/velocity1__0_i_914_n_2. Optimizations did not improve timing on the net.
INFO: [Physopt 32-702] Processed net design_1_i/pid_controller_0/inst/design_1_i/initial_math_0/inst/velocity1__0_i_915_n_0. Optimizations did not improve timing on the net.
INFO: [Physopt 32-702] Processed net design_1_i/pid_controller_0/inst/design_1_i/initial_math_0/inst/velocity1__0_i_918_n_0. Optimizations did not improve timing on the net.
INFO: [Physopt 32-702] Processed net design_1_i/pid_controller_0/inst/design_1_i/initial_math_0/inst/velocity1__0_i_923_n_0. Optimizations did not improve timing on the net.
INFO: [Physopt 32-702] Processed net design_1_i/pid_controller_0/inst/design_1_i/initial_math_0/inst/velocity1__0_i_928_n_0. Optimizations did not improve timing on the net.
INFO: [Physopt 32-702] Processed net design_1_i/pid_controller_0/inst/design_1_i/initial_math_0/inst/velocity1__0_i_933_n_0. Optimizations did not improve timing on the net.
INFO: [Physopt 32-702] Processed net design_1_i/pid_controller_0/inst/design_1_i/initial_math_0/inst/velocity1__0_i_938_n_0. Optimizations did not improve timing on the net.
INFO: [Physopt 32-702] Processed net design_1_i/pid_controller_0/inst/design_1_i/initial_math_0/inst/velocity1__0_i_943_n_0. Optimizations did not improve timing on the net.
INFO: [Physopt 32-702] Processed net design_1_i/pid_controller_0/inst/design_1_i/initial_math_0/inst/velocity1__0_i_948_n_0. Optimizations did not improve timing on the net.
INFO: [Physopt 32-702] Processed net design_1_i/pid_controller_0/inst/design_1_i/initial_math_0/inst/velocity1__0_i_953_n_0. Optimizations did not improve timing on the net.
INFO: [Physopt 32-702] Processed net design_1_i/pid_controller_0/inst/design_1_i/initial_math_0/inst/velocity1__0_i_958_n_0. Optimizations did not improve timing on the net.
INFO: [Physopt 32-702] Processed net design_1_i/pid_controller_0/inst/design_1_i/initial_math_0/inst/velocity1__0_i_1033_n_0. Optimizations did not improve timing on the net.
INFO: [Physopt 32-702] Processed net design_1_i/pid_controller_0/inst/design_1_i/initial_math_0/inst/velocity1__0_i_1157_n_0. Optimizations did not improve timing on the net.
INFO: [Physopt 32-702] Processed net design_1_i/pid_controller_0/inst/design_1_i/initial_math_0/inst/velocity1__0_i_1286_n_0. Optimizations did not improve timing on the net.
INFO: [Physopt 32-702] Processed net design_1_i/pid_controller_0/inst/design_1_i/initial_math_0/inst/velocity1__0_i_1420_n_0. Optimizations did not improve timing on the net.
INFO: [Physopt 32-702] Processed net design_1_i/pid_controller_0/inst/design_1_i/initial_math_0/inst/velocity1__0_i_1558_n_0. Optimizations did not improve timing on the net.
INFO: [Physopt 32-702] Processed net design_1_i/pid_controller_0/inst/design_1_i/initial_math_0/inst/velocity1__0_i_1697_n_0. Optimizations did not improve timing on the net.
INFO: [Physopt 32-702] Processed net design_1_i/pid_controller_0/inst/design_1_i/initial_math_0/inst/velocity1__0_i_1841_n_0. Optimizations did not improve timing on the net.
INFO: [Physopt 32-702] Processed net design_1_i/pid_controller_0/inst/design_1_i/initial_math_0/inst/velocity1__0_i_1038_n_2. Optimizations did not improve timing on the net.
INFO: [Physopt 32-702] Processed net design_1_i/pid_controller_0/inst/design_1_i/initial_math_0/inst/velocity1__0_i_1039_n_0. Optimizations did not improve timing on the net.
INFO: [Physopt 32-702] Processed net design_1_i/pid_controller_0/inst/design_1_i/initial_math_0/inst/velocity1__0_i_1042_n_0. Optimizations did not improve timing on the net.
INFO: [Physopt 32-702] Processed net design_1_i/pid_controller_0/inst/design_1_i/initial_math_0/inst/velocity1__0_i_1047_n_0. Optimizations did not improve timing on the net.
INFO: [Physopt 32-702] Processed net design_1_i/pid_controller_0/inst/design_1_i/initial_math_0/inst/velocity1__0_i_1052_n_0. Optimizations did not improve timing on the net.
INFO: [Physopt 32-702] Processed net design_1_i/pid_controller_0/inst/design_1_i/initial_math_0/inst/velocity1__0_i_1057_n_0. Optimizations did not improve timing on the net.
INFO: [Physopt 32-702] Processed net design_1_i/pid_controller_0/inst/design_1_i/initial_math_0/inst/velocity1__0_i_1062_n_0. Optimizations did not improve timing on the net.
INFO: [Physopt 32-702] Processed net design_1_i/pid_controller_0/inst/design_1_i/initial_math_0/inst/velocity1__0_i_1067_n_0. Optimizations did not improve timing on the net.
INFO: [Physopt 32-702] Processed net design_1_i/pid_controller_0/inst/design_1_i/initial_math_0/inst/velocity1__0_i_1072_n_0. Optimizations did not improve timing on the net.
INFO: [Physopt 32-702] Processed net design_1_i/pid_controller_0/inst/design_1_i/initial_math_0/inst/velocity1__0_i_1077_n_0. Optimizations did not improve timing on the net.
INFO: [Physopt 32-702] Processed net design_1_i/pid_controller_0/inst/design_1_i/initial_math_0/inst/velocity1__0_i_1082_n_0. Optimizations did not improve timing on the net.
INFO: [Physopt 32-702] Processed net design_1_i/pid_controller_0/inst/design_1_i/initial_math_0/inst/velocity1__0_i_1087_n_0. Optimizations did not improve timing on the net.
INFO: [Physopt 32-702] Processed net design_1_i/pid_controller_0/inst/design_1_i/initial_math_0/inst/velocity1__0_i_1162_n_0. Optimizations did not improve timing on the net.
INFO: [Physopt 32-702] Processed net design_1_i/pid_controller_0/inst/design_1_i/initial_math_0/inst/velocity1__0_i_1291_n_0. Optimizations did not improve timing on the net.
INFO: [Physopt 32-702] Processed net design_1_i/pid_controller_0/inst/design_1_i/initial_math_0/inst/velocity1__0_i_1425_n_0. Optimizations did not improve timing on the net.
INFO: [Physopt 32-702] Processed net design_1_i/pid_controller_0/inst/design_1_i/initial_math_0/inst/velocity1__0_i_1563_n_0. Optimizations did not improve timing on the net.
INFO: [Physopt 32-702] Processed net design_1_i/pid_controller_0/inst/design_1_i/initial_math_0/inst/velocity1__0_i_1702_n_0. Optimizations did not improve timing on the net.
INFO: [Physopt 32-702] Processed net design_1_i/pid_controller_0/inst/design_1_i/initial_math_0/inst/velocity1__0_i_1845_n_0. Optimizations did not improve timing on the net.
INFO: [Physopt 32-702] Processed net design_1_i/pid_controller_0/inst/design_1_i/initial_math_0/inst/velocity1__0_i_1167_n_2. Optimizations did not improve timing on the net.
INFO: [Physopt 32-702] Processed net design_1_i/pid_controller_0/inst/design_1_i/initial_math_0/inst/velocity1__0_i_1168_n_0. Optimizations did not improve timing on the net.
INFO: [Physopt 32-702] Processed net design_1_i/pid_controller_0/inst/design_1_i/initial_math_0/inst/velocity1__0_i_1171_n_0. Optimizations did not improve timing on the net.
INFO: [Physopt 32-702] Processed net design_1_i/pid_controller_0/inst/design_1_i/initial_math_0/inst/velocity1__0_i_1176_n_0. Optimizations did not improve timing on the net.
INFO: [Physopt 32-702] Processed net design_1_i/pid_controller_0/inst/design_1_i/initial_math_0/inst/velocity1__0_i_1181_n_0. Optimizations did not improve timing on the net.
INFO: [Physopt 32-702] Processed net design_1_i/pid_controller_0/inst/design_1_i/initial_math_0/inst/velocity1__0_i_1186_n_0. Optimizations did not improve timing on the net.
INFO: [Physopt 32-702] Processed net design_1_i/pid_controller_0/inst/design_1_i/initial_math_0/inst/velocity1__0_i_1191_n_0. Optimizations did not improve timing on the net.
INFO: [Physopt 32-702] Processed net design_1_i/pid_controller_0/inst/design_1_i/initial_math_0/inst/velocity1__0_i_1196_n_0. Optimizations did not improve timing on the net.
INFO: [Physopt 32-702] Processed net design_1_i/pid_controller_0/inst/design_1_i/initial_math_0/inst/velocity1__0_i_1201_n_0. Optimizations did not improve timing on the net.
INFO: [Physopt 32-702] Processed net design_1_i/pid_controller_0/inst/design_1_i/initial_math_0/inst/velocity1__0_i_1206_n_0. Optimizations did not improve timing on the net.
INFO: [Physopt 32-702] Processed net design_1_i/pid_controller_0/inst/design_1_i/initial_math_0/inst/velocity1__0_i_1211_n_0. Optimizations did not improve timing on the net.
INFO: [Physopt 32-702] Processed net design_1_i/pid_controller_0/inst/design_1_i/initial_math_0/inst/velocity1__0_i_1216_n_0. Optimizations did not improve timing on the net.
INFO: [Physopt 32-702] Processed net design_1_i/pid_controller_0/inst/design_1_i/initial_math_0/inst/velocity1__0_i_1221_n_0. Optimizations did not improve timing on the net.
INFO: [Physopt 32-702] Processed net design_1_i/pid_controller_0/inst/design_1_i/initial_math_0/inst/velocity1__0_i_1296_n_0. Optimizations did not improve timing on the net.
INFO: [Physopt 32-702] Processed net design_1_i/pid_controller_0/inst/design_1_i/initial_math_0/inst/velocity1__0_i_1430_n_0. Optimizations did not improve timing on the net.
INFO: [Physopt 32-702] Processed net design_1_i/pid_controller_0/inst/design_1_i/initial_math_0/inst/velocity1__0_i_1568_n_0. Optimizations did not improve timing on the net.
INFO: [Physopt 32-702] Processed net design_1_i/pid_controller_0/inst/design_1_i/initial_math_0/inst/velocity1__0_i_1707_n_0. Optimizations did not improve timing on the net.
INFO: [Physopt 32-702] Processed net design_1_i/pid_controller_0/inst/design_1_i/initial_math_0/inst/velocity1__0_i_1849_n_0. Optimizations did not improve timing on the net.
INFO: [Physopt 32-702] Processed net design_1_i/pid_controller_0/inst/design_1_i/initial_math_0/inst/velocity1__0_i_1301_n_2. Optimizations did not improve timing on the net.
INFO: [Physopt 32-702] Processed net design_1_i/pid_controller_0/inst/design_1_i/initial_math_0/inst/velocity1__0_i_1302_n_0. Optimizations did not improve timing on the net.
INFO: [Physopt 32-702] Processed net design_1_i/pid_controller_0/inst/design_1_i/initial_math_0/inst/velocity1__0_i_1305_n_0. Optimizations did not improve timing on the net.
INFO: [Physopt 32-702] Processed net design_1_i/pid_controller_0/inst/design_1_i/initial_math_0/inst/velocity1__0_i_1310_n_0. Optimizations did not improve timing on the net.
INFO: [Physopt 32-702] Processed net design_1_i/pid_controller_0/inst/design_1_i/initial_math_0/inst/velocity1__0_i_1315_n_0. Optimizations did not improve timing on the net.
INFO: [Physopt 32-702] Processed net design_1_i/pid_controller_0/inst/design_1_i/initial_math_0/inst/velocity1__0_i_1320_n_0. Optimizations did not improve timing on the net.
INFO: [Physopt 32-702] Processed net design_1_i/pid_controller_0/inst/design_1_i/initial_math_0/inst/velocity1__0_i_1325_n_0. Optimizations did not improve timing on the net.
INFO: [Physopt 32-702] Processed net design_1_i/pid_controller_0/inst/design_1_i/initial_math_0/inst/velocity1__0_i_1330_n_0. Optimizations did not improve timing on the net.
INFO: [Physopt 32-702] Processed net design_1_i/pid_controller_0/inst/design_1_i/initial_math_0/inst/velocity1__0_i_1335_n_0. Optimizations did not improve timing on the net.
INFO: [Physopt 32-702] Processed net design_1_i/pid_controller_0/inst/design_1_i/initial_math_0/inst/velocity1__0_i_1340_n_0. Optimizations did not improve timing on the net.
INFO: [Physopt 32-702] Processed net design_1_i/pid_controller_0/inst/design_1_i/initial_math_0/inst/velocity1__0_i_1345_n_0. Optimizations did not improve timing on the net.
INFO: [Physopt 32-702] Processed net design_1_i/pid_controller_0/inst/design_1_i/initial_math_0/inst/velocity1__0_i_1350_n_0. Optimizations did not improve timing on the net.
INFO: [Physopt 32-702] Processed net design_1_i/pid_controller_0/inst/design_1_i/initial_math_0/inst/velocity1__0_i_1355_n_0. Optimizations did not improve timing on the net.
INFO: [Physopt 32-702] Processed net design_1_i/pid_controller_0/inst/design_1_i/initial_math_0/inst/velocity1__0_i_1360_n_0. Optimizations did not improve timing on the net.
INFO: [Physopt 32-702] Processed net design_1_i/pid_controller_0/inst/design_1_i/initial_math_0/inst/velocity1__0_i_1435_n_0. Optimizations did not improve timing on the net.
INFO: [Physopt 32-702] Processed net design_1_i/pid_controller_0/inst/design_1_i/initial_math_0/inst/velocity1__0_i_1573_n_0. Optimizations did not improve timing on the net.
INFO: [Physopt 32-702] Processed net design_1_i/pid_controller_0/inst/design_1_i/initial_math_0/inst/velocity1__0_i_1712_n_0. Optimizations did not improve timing on the net.
INFO: [Physopt 32-702] Processed net design_1_i/pid_controller_0/inst/design_1_i/initial_math_0/inst/velocity1__0_i_1853_n_0. Optimizations did not improve timing on the net.
INFO: [Physopt 32-702] Processed net design_1_i/pid_controller_0/inst/design_1_i/initial_math_0/inst/velocity1__0_i_1440_n_2. Optimizations did not improve timing on the net.
INFO: [Physopt 32-702] Processed net design_1_i/pid_controller_0/inst/design_1_i/initial_math_0/inst/velocity1__0_i_1441_n_0. Optimizations did not improve timing on the net.
INFO: [Physopt 32-702] Processed net design_1_i/pid_controller_0/inst/design_1_i/initial_math_0/inst/velocity1__0_i_1444_n_0. Optimizations did not improve timing on the net.
INFO: [Physopt 32-702] Processed net design_1_i/pid_controller_0/inst/design_1_i/initial_math_0/inst/velocity1__0_i_1449_n_0. Optimizations did not improve timing on the net.
INFO: [Physopt 32-702] Processed net design_1_i/pid_controller_0/inst/design_1_i/initial_math_0/inst/velocity1__0_i_1454_n_0. Optimizations did not improve timing on the net.
INFO: [Physopt 32-702] Processed net design_1_i/pid_controller_0/inst/design_1_i/initial_math_0/inst/velocity1__0_i_1459_n_0. Optimizations did not improve timing on the net.
INFO: [Physopt 32-702] Processed net design_1_i/pid_controller_0/inst/design_1_i/initial_math_0/inst/velocity1__0_i_1464_n_0. Optimizations did not improve timing on the net.
INFO: [Physopt 32-702] Processed net design_1_i/pid_controller_0/inst/design_1_i/initial_math_0/inst/velocity1__0_i_1469_n_0. Optimizations did not improve timing on the net.
INFO: [Physopt 32-702] Processed net design_1_i/pid_controller_0/inst/design_1_i/initial_math_0/inst/velocity1__0_i_1474_n_0. Optimizations did not improve timing on the net.
INFO: [Physopt 32-702] Processed net design_1_i/pid_controller_0/inst/design_1_i/initial_math_0/inst/velocity1__0_i_1479_n_0. Optimizations did not improve timing on the net.
INFO: [Physopt 32-702] Processed net design_1_i/pid_controller_0/inst/design_1_i/initial_math_0/inst/velocity1__0_i_1484_n_0. Optimizations did not improve timing on the net.
INFO: [Physopt 32-702] Processed net design_1_i/pid_controller_0/inst/design_1_i/initial_math_0/inst/velocity1__0_i_1489_n_0. Optimizations did not improve timing on the net.
INFO: [Physopt 32-702] Processed net design_1_i/pid_controller_0/inst/design_1_i/initial_math_0/inst/velocity1__0_i_1494_n_0. Optimizations did not improve timing on the net.
INFO: [Physopt 32-702] Processed net design_1_i/pid_controller_0/inst/design_1_i/initial_math_0/inst/velocity1__0_i_1499_n_0. Optimizations did not improve timing on the net.
INFO: [Physopt 32-702] Processed net design_1_i/pid_controller_0/inst/design_1_i/initial_math_0/inst/velocity1__0_i_1504_n_0. Optimizations did not improve timing on the net.
INFO: [Physopt 32-702] Processed net design_1_i/pid_controller_0/inst/design_1_i/initial_math_0/inst/velocity1__0_i_1578_n_0. Optimizations did not improve timing on the net.
INFO: [Physopt 32-702] Processed net design_1_i/pid_controller_0/inst/design_1_i/initial_math_0/inst/velocity1__0_i_1717_n_0. Optimizations did not improve timing on the net.
INFO: [Physopt 32-702] Processed net design_1_i/pid_controller_0/inst/design_1_i/initial_math_0/inst/velocity1__0_i_1857_n_0. Optimizations did not improve timing on the net.
INFO: [Physopt 32-702] Processed net design_1_i/pid_controller_0/inst/design_1_i/initial_math_0/inst/velocity1__0_i_1583_n_2. Optimizations did not improve timing on the net.
INFO: [Physopt 32-702] Processed net design_1_i/pid_controller_0/inst/design_1_i/initial_math_0/inst/velocity1__0_i_1584_n_0. Optimizations did not improve timing on the net.
INFO: [Physopt 32-702] Processed net design_1_i/pid_controller_0/inst/design_1_i/initial_math_0/inst/velocity1__0_i_1587_n_0. Optimizations did not improve timing on the net.
INFO: [Physopt 32-702] Processed net design_1_i/pid_controller_0/inst/design_1_i/initial_math_0/inst/velocity1__0_i_1592_n_0. Optimizations did not improve timing on the net.
INFO: [Physopt 32-702] Processed net design_1_i/pid_controller_0/inst/design_1_i/initial_math_0/inst/velocity1__0_i_1597_n_0. Optimizations did not improve timing on the net.
INFO: [Physopt 32-702] Processed net design_1_i/pid_controller_0/inst/design_1_i/initial_math_0/inst/velocity1__0_i_1602_n_0. Optimizations did not improve timing on the net.
INFO: [Physopt 32-702] Processed net design_1_i/pid_controller_0/inst/design_1_i/initial_math_0/inst/velocity1__0_i_1607_n_0. Optimizations did not improve timing on the net.
INFO: [Physopt 32-702] Processed net design_1_i/pid_controller_0/inst/design_1_i/initial_math_0/inst/velocity1__0_i_1612_n_0. Optimizations did not improve timing on the net.
INFO: [Physopt 32-702] Processed net design_1_i/pid_controller_0/inst/design_1_i/initial_math_0/inst/velocity1__0_i_1617_n_0. Optimizations did not improve timing on the net.
INFO: [Physopt 32-702] Processed net design_1_i/pid_controller_0/inst/design_1_i/initial_math_0/inst/velocity1__0_i_1622_n_0. Optimizations did not improve timing on the net.
INFO: [Physopt 32-702] Processed net design_1_i/pid_controller_0/inst/design_1_i/initial_math_0/inst/velocity1__0_i_1627_n_0. Optimizations did not improve timing on the net.
INFO: [Physopt 32-702] Processed net design_1_i/pid_controller_0/inst/design_1_i/initial_math_0/inst/velocity1__0_i_1632_n_0. Optimizations did not improve timing on the net.
INFO: [Physopt 32-702] Processed net design_1_i/pid_controller_0/inst/design_1_i/initial_math_0/inst/velocity1__0_i_1637_n_0. Optimizations did not improve timing on the net.
INFO: [Physopt 32-702] Processed net design_1_i/pid_controller_0/inst/design_1_i/initial_math_0/inst/velocity1__0_i_1642_n_0. Optimizations did not improve timing on the net.
INFO: [Physopt 32-702] Processed net design_1_i/pid_controller_0/inst/design_1_i/initial_math_0/inst/velocity1__0_i_1647_n_0. Optimizations did not improve timing on the net.
INFO: [Physopt 32-702] Processed net design_1_i/pid_controller_0/inst/design_1_i/initial_math_0/inst/velocity1__0_i_1652_n_0. Optimizations did not improve timing on the net.
INFO: [Physopt 32-702] Processed net design_1_i/pid_controller_0/inst/design_1_i/initial_math_0/inst/velocity1__0_i_1722_n_0. Optimizations did not improve timing on the net.
INFO: [Physopt 32-702] Processed net design_1_i/pid_controller_0/inst/design_1_i/initial_math_0/inst/velocity1__0_i_1861_n_0. Optimizations did not improve timing on the net.
INFO: [Physopt 32-702] Processed net design_1_i/pid_controller_0/inst/design_1_i/initial_math_0/inst/velocity1__0_i_1727_n_2. Optimizations did not improve timing on the net.
INFO: [Physopt 32-702] Processed net design_1_i/pid_controller_0/inst/design_1_i/initial_math_0/inst/velocity1__0_i_1728_n_0. Optimizations did not improve timing on the net.
INFO: [Physopt 32-702] Processed net design_1_i/pid_controller_0/inst/design_1_i/initial_math_0/inst/velocity1__0_i_1731_n_0. Optimizations did not improve timing on the net.
INFO: [Physopt 32-702] Processed net design_1_i/pid_controller_0/inst/design_1_i/initial_math_0/inst/velocity1__0_i_1736_n_0. Optimizations did not improve timing on the net.
INFO: [Physopt 32-702] Processed net design_1_i/pid_controller_0/inst/design_1_i/initial_math_0/inst/velocity1__0_i_1741_n_0. Optimizations did not improve timing on the net.
INFO: [Physopt 32-702] Processed net design_1_i/pid_controller_0/inst/design_1_i/initial_math_0/inst/velocity1__0_i_1746_n_0. Optimizations did not improve timing on the net.
INFO: [Physopt 32-702] Processed net design_1_i/pid_controller_0/inst/design_1_i/initial_math_0/inst/velocity1__0_i_1751_n_0. Optimizations did not improve timing on the net.
INFO: [Physopt 32-702] Processed net design_1_i/pid_controller_0/inst/design_1_i/initial_math_0/inst/velocity1__0_i_1756_n_0. Optimizations did not improve timing on the net.
INFO: [Physopt 32-702] Processed net design_1_i/pid_controller_0/inst/design_1_i/initial_math_0/inst/velocity1__0_i_1761_n_0. Optimizations did not improve timing on the net.
INFO: [Physopt 32-702] Processed net design_1_i/pid_controller_0/inst/design_1_i/initial_math_0/inst/velocity1__0_i_1766_n_0. Optimizations did not improve timing on the net.
INFO: [Physopt 32-702] Processed net design_1_i/pid_controller_0/inst/design_1_i/initial_math_0/inst/velocity1__0_i_1771_n_0. Optimizations did not improve timing on the net.
INFO: [Physopt 32-702] Processed net design_1_i/pid_controller_0/inst/design_1_i/initial_math_0/inst/velocity1__0_i_1776_n_0. Optimizations did not improve timing on the net.
INFO: [Physopt 32-702] Processed net design_1_i/pid_controller_0/inst/design_1_i/initial_math_0/inst/velocity1__0_i_1781_n_0. Optimizations did not improve timing on the net.
INFO: [Physopt 32-702] Processed net design_1_i/pid_controller_0/inst/design_1_i/initial_math_0/inst/velocity1__0_i_1786_n_0. Optimizations did not improve timing on the net.
INFO: [Physopt 32-702] Processed net design_1_i/pid_controller_0/inst/design_1_i/initial_math_0/inst/velocity1__0_i_1791_n_0. Optimizations did not improve timing on the net.
INFO: [Physopt 32-702] Processed net design_1_i/pid_controller_0/inst/design_1_i/initial_math_0/inst/velocity1__0_i_1796_n_0. Optimizations did not improve timing on the net.
INFO: [Physopt 32-702] Processed net design_1_i/pid_controller_0/inst/design_1_i/initial_math_0/inst/velocity1__0_i_1801_n_0. Optimizations did not improve timing on the net.
INFO: [Physopt 32-702] Processed net design_1_i/pid_controller_0/inst/design_1_i/initial_math_0/inst/velocity1__0_i_1944_n_0. Optimizations did not improve timing on the net.
INFO: [Physopt 32-702] Processed net design_1_i/pid_controller_0/inst/design_1_i/initial_math_0/inst/velocity1__0_i_1862_n_2. Optimizations did not improve timing on the net.
INFO: [Physopt 32-702] Processed net design_1_i/pid_controller_0/inst/design_1_i/initial_math_0/inst/velocity1__0_i_1863_n_0. Optimizations did not improve timing on the net.
INFO: [Physopt 32-702] Processed net design_1_i/pid_controller_0/inst/design_1_i/initial_math_0/inst/velocity1__0_i_1866_n_0. Optimizations did not improve timing on the net.
INFO: [Physopt 32-702] Processed net design_1_i/pid_controller_0/inst/design_1_i/initial_math_0/inst/velocity1__0_i_1871_n_0. Optimizations did not improve timing on the net.
INFO: [Physopt 32-702] Processed net design_1_i/pid_controller_0/inst/design_1_i/initial_math_0/inst/velocity1__0_i_1876_n_0. Optimizations did not improve timing on the net.
INFO: [Physopt 32-702] Processed net design_1_i/pid_controller_0/inst/design_1_i/initial_math_0/inst/velocity1__0_i_1881_n_0. Optimizations did not improve timing on the net.
INFO: [Physopt 32-702] Processed net design_1_i/pid_controller_0/inst/design_1_i/initial_math_0/inst/velocity1__0_i_1886_n_0. Optimizations did not improve timing on the net.
INFO: [Physopt 32-702] Processed net design_1_i/pid_controller_0/inst/design_1_i/initial_math_0/inst/velocity1__0_i_1891_n_0. Optimizations did not improve timing on the net.
INFO: [Physopt 32-702] Processed net design_1_i/pid_controller_0/inst/design_1_i/initial_math_0/inst/velocity1__0_i_1896_n_0. Optimizations did not improve timing on the net.
INFO: [Physopt 32-702] Processed net design_1_i/pid_controller_0/inst/design_1_i/initial_math_0/inst/velocity1__0_i_1901_n_0. Optimizations did not improve timing on the net.
INFO: [Physopt 32-702] Processed net design_1_i/pid_controller_0/inst/design_1_i/initial_math_0/inst/velocity1__0_i_1906_n_0. Optimizations did not improve timing on the net.
INFO: [Physopt 32-702] Processed net design_1_i/pid_controller_0/inst/design_1_i/initial_math_0/inst/velocity1__0_i_1911_n_0. Optimizations did not improve timing on the net.
INFO: [Physopt 32-702] Processed net design_1_i/pid_controller_0/inst/design_1_i/initial_math_0/inst/velocity1__0_i_1916_n_0. Optimizations did not improve timing on the net.
INFO: [Physopt 32-702] Processed net design_1_i/pid_controller_0/inst/design_1_i/initial_math_0/inst/velocity1__0_i_1921_n_0. Optimizations did not improve timing on the net.
INFO: [Physopt 32-702] Processed net design_1_i/pid_controller_0/inst/design_1_i/initial_math_0/inst/velocity1__0_i_1926_n_0. Optimizations did not improve timing on the net.
INFO: [Physopt 32-702] Processed net design_1_i/pid_controller_0/inst/design_1_i/initial_math_0/inst/velocity1__0_i_1931_n_0. Optimizations did not improve timing on the net.
INFO: [Physopt 32-702] Processed net design_1_i/pid_controller_0/inst/design_1_i/initial_math_0/inst/velocity1__0_i_1936_n_0. Optimizations did not improve timing on the net.
INFO: [Physopt 32-702] Processed net design_1_i/pid_controller_0/inst/design_1_i/initial_math_0/inst/velocity1__0_i_2031_n_0. Optimizations did not improve timing on the net.
INFO: [Physopt 32-702] Processed net design_1_i/pid_controller_0/inst/design_1_i/initial_math_0/inst/velocity1__0_i_1949_n_2. Optimizations did not improve timing on the net.
INFO: [Physopt 32-702] Processed net design_1_i/pid_controller_0/inst/design_1_i/initial_math_0/inst/velocity1__0_i_1950_n_0. Optimizations did not improve timing on the net.
INFO: [Physopt 32-702] Processed net design_1_i/pid_controller_0/inst/design_1_i/initial_math_0/inst/velocity1__0_i_1953_n_0. Optimizations did not improve timing on the net.
INFO: [Physopt 32-702] Processed net design_1_i/pid_controller_0/inst/design_1_i/initial_math_0/inst/velocity1__0_i_1958_n_0. Optimizations did not improve timing on the net.
INFO: [Physopt 32-702] Processed net design_1_i/pid_controller_0/inst/design_1_i/initial_math_0/inst/velocity1__0_i_1963_n_0. Optimizations did not improve timing on the net.
INFO: [Physopt 32-702] Processed net design_1_i/pid_controller_0/inst/design_1_i/initial_math_0/inst/velocity1__0_i_1968_n_0. Optimizations did not improve timing on the net.
INFO: [Physopt 32-702] Processed net design_1_i/pid_controller_0/inst/design_1_i/initial_math_0/inst/velocity1__0_i_1973_n_0. Optimizations did not improve timing on the net.
INFO: [Physopt 32-702] Processed net design_1_i/pid_controller_0/inst/design_1_i/initial_math_0/inst/velocity1__0_i_1978_n_0. Optimizations did not improve timing on the net.
INFO: [Physopt 32-702] Processed net design_1_i/pid_controller_0/inst/design_1_i/initial_math_0/inst/velocity1__0_i_1983_n_0. Optimizations did not improve timing on the net.
INFO: [Physopt 32-702] Processed net design_1_i/pid_controller_0/inst/design_1_i/initial_math_0/inst/velocity1__0_i_1988_n_0. Optimizations did not improve timing on the net.
INFO: [Physopt 32-702] Processed net design_1_i/pid_controller_0/inst/design_1_i/initial_math_0/inst/velocity1__0_i_1993_n_0. Optimizations did not improve timing on the net.
INFO: [Physopt 32-702] Processed net design_1_i/pid_controller_0/inst/design_1_i/initial_math_0/inst/velocity1__0_i_1998_n_0. Optimizations did not improve timing on the net.
INFO: [Physopt 32-702] Processed net design_1_i/pid_controller_0/inst/design_1_i/initial_math_0/inst/velocity1__0_i_2003_n_0. Optimizations did not improve timing on the net.
INFO: [Physopt 32-702] Processed net design_1_i/pid_controller_0/inst/design_1_i/initial_math_0/inst/velocity1__0_i_2008_n_0. Optimizations did not improve timing on the net.
INFO: [Physopt 32-702] Processed net design_1_i/pid_controller_0/inst/design_1_i/initial_math_0/inst/velocity1__0_i_2013_n_0. Optimizations did not improve timing on the net.
INFO: [Physopt 32-702] Processed net design_1_i/pid_controller_0/inst/design_1_i/initial_math_0/inst/velocity1__0_i_2018_n_0. Optimizations did not improve timing on the net.
INFO: [Physopt 32-702] Processed net design_1_i/pid_controller_0/inst/design_1_i/initial_math_0/inst/velocity1__0_i_2023_n_0. Optimizations did not improve timing on the net.
INFO: [Physopt 32-702] Processed net design_1_i/pid_controller_0/inst/design_1_i/initial_math_0/inst/velocity1__0_i_2114_n_0. Optimizations did not improve timing on the net.
INFO: [Physopt 32-702] Processed net design_1_i/pid_controller_0/inst/design_1_i/initial_math_0/inst/velocity1__0_i_2032_n_2. Optimizations did not improve timing on the net.
INFO: [Physopt 32-702] Processed net design_1_i/pid_controller_0/inst/design_1_i/initial_math_0/inst/velocity1__0_i_2033_n_0. Optimizations did not improve timing on the net.
INFO: [Physopt 32-702] Processed net design_1_i/pid_controller_0/inst/design_1_i/initial_math_0/inst/velocity1__0_i_2036_n_0. Optimizations did not improve timing on the net.
INFO: [Physopt 32-702] Processed net design_1_i/pid_controller_0/inst/design_1_i/initial_math_0/inst/velocity1__0_i_2041_n_0. Optimizations did not improve timing on the net.
INFO: [Physopt 32-702] Processed net design_1_i/pid_controller_0/inst/design_1_i/initial_math_0/inst/velocity1__0_i_2046_n_0. Optimizations did not improve timing on the net.
INFO: [Physopt 32-702] Processed net design_1_i/pid_controller_0/inst/design_1_i/initial_math_0/inst/velocity1__0_i_2051_n_0. Optimizations did not improve timing on the net.
INFO: [Physopt 32-702] Processed net design_1_i/pid_controller_0/inst/design_1_i/initial_math_0/inst/velocity1__0_i_2056_n_0. Optimizations did not improve timing on the net.
INFO: [Physopt 32-702] Processed net design_1_i/pid_controller_0/inst/design_1_i/initial_math_0/inst/velocity1__0_i_2061_n_0. Optimizations did not improve timing on the net.
INFO: [Physopt 32-702] Processed net design_1_i/pid_controller_0/inst/design_1_i/initial_math_0/inst/velocity1__0_i_2066_n_0. Optimizations did not improve timing on the net.
INFO: [Physopt 32-702] Processed net design_1_i/pid_controller_0/inst/design_1_i/initial_math_0/inst/velocity1__0_i_2071_n_0. Optimizations did not improve timing on the net.
INFO: [Physopt 32-702] Processed net design_1_i/pid_controller_0/inst/design_1_i/initial_math_0/inst/velocity1__0_i_2076_n_0. Optimizations did not improve timing on the net.
INFO: [Physopt 32-702] Processed net design_1_i/pid_controller_0/inst/design_1_i/initial_math_0/inst/velocity1__0_i_2081_n_0. Optimizations did not improve timing on the net.
INFO: [Physopt 32-702] Processed net design_1_i/pid_controller_0/inst/design_1_i/initial_math_0/inst/velocity1__0_i_2086_n_0. Optimizations did not improve timing on the net.
INFO: [Physopt 32-702] Processed net design_1_i/pid_controller_0/inst/design_1_i/initial_math_0/inst/velocity1__0_i_2091_n_0. Optimizations did not improve timing on the net.
INFO: [Physopt 32-702] Processed net design_1_i/pid_controller_0/inst/design_1_i/initial_math_0/inst/velocity1__0_i_2096_n_0. Optimizations did not improve timing on the net.
INFO: [Physopt 32-702] Processed net design_1_i/pid_controller_0/inst/design_1_i/initial_math_0/inst/velocity1__0_i_2101_n_0. Optimizations did not improve timing on the net.
INFO: [Physopt 32-702] Processed net design_1_i/pid_controller_0/inst/design_1_i/initial_math_0/inst/velocity1__0_i_2106_n_0. Optimizations did not improve timing on the net.
INFO: [Physopt 32-702] Processed net design_1_i/pid_controller_0/inst/design_1_i/initial_math_0/inst/velocity1__0_i_2197_n_0. Optimizations did not improve timing on the net.
INFO: [Physopt 32-702] Processed net design_1_i/pid_controller_0/inst/design_1_i/initial_math_0/inst/velocity1__0_i_2115_n_2. Optimizations did not improve timing on the net.
INFO: [Physopt 32-702] Processed net design_1_i/pid_controller_0/inst/design_1_i/initial_math_0/inst/velocity1__0_i_2116_n_0. Optimizations did not improve timing on the net.
INFO: [Physopt 32-702] Processed net design_1_i/pid_controller_0/inst/design_1_i/initial_math_0/inst/velocity1__0_i_2119_n_0. Optimizations did not improve timing on the net.
INFO: [Physopt 32-702] Processed net design_1_i/pid_controller_0/inst/design_1_i/initial_math_0/inst/velocity1__0_i_2124_n_0. Optimizations did not improve timing on the net.
INFO: [Physopt 32-702] Processed net design_1_i/pid_controller_0/inst/design_1_i/initial_math_0/inst/velocity1__0_i_2129_n_0. Optimizations did not improve timing on the net.
INFO: [Physopt 32-702] Processed net design_1_i/pid_controller_0/inst/design_1_i/initial_math_0/inst/velocity1__0_i_2134_n_0. Optimizations did not improve timing on the net.
INFO: [Physopt 32-702] Processed net design_1_i/pid_controller_0/inst/design_1_i/initial_math_0/inst/velocity1__0_i_2139_n_0. Optimizations did not improve timing on the net.
INFO: [Physopt 32-702] Processed net design_1_i/pid_controller_0/inst/design_1_i/initial_math_0/inst/velocity1__0_i_2144_n_0. Optimizations did not improve timing on the net.
INFO: [Physopt 32-702] Processed net design_1_i/pid_controller_0/inst/design_1_i/initial_math_0/inst/velocity1__0_i_2149_n_0. Optimizations did not improve timing on the net.
INFO: [Physopt 32-702] Processed net design_1_i/pid_controller_0/inst/design_1_i/initial_math_0/inst/velocity1__0_i_2154_n_0. Optimizations did not improve timing on the net.
INFO: [Physopt 32-702] Processed net design_1_i/pid_controller_0/inst/design_1_i/initial_math_0/inst/velocity1__0_i_2159_n_0. Optimizations did not improve timing on the net.
INFO: [Physopt 32-702] Processed net design_1_i/pid_controller_0/inst/design_1_i/initial_math_0/inst/velocity1__0_i_2164_n_0. Optimizations did not improve timing on the net.
INFO: [Physopt 32-702] Processed net design_1_i/pid_controller_0/inst/design_1_i/initial_math_0/inst/velocity1__0_i_2169_n_0. Optimizations did not improve timing on the net.
INFO: [Physopt 32-702] Processed net design_1_i/pid_controller_0/inst/design_1_i/initial_math_0/inst/velocity1__0_i_2174_n_0. Optimizations did not improve timing on the net.
INFO: [Physopt 32-702] Processed net design_1_i/pid_controller_0/inst/design_1_i/initial_math_0/inst/velocity1__0_i_2179_n_0. Optimizations did not improve timing on the net.
INFO: [Physopt 32-702] Processed net design_1_i/pid_controller_0/inst/design_1_i/initial_math_0/inst/velocity1__0_i_2184_n_0. Optimizations did not improve timing on the net.
INFO: [Physopt 32-702] Processed net design_1_i/pid_controller_0/inst/design_1_i/initial_math_0/inst/velocity1__0_i_2189_n_0. Optimizations did not improve timing on the net.
INFO: [Physopt 32-702] Processed net design_1_i/pid_controller_0/inst/design_1_i/initial_math_0/inst/velocity1__0_i_2281_n_0. Optimizations did not improve timing on the net.
INFO: [Physopt 32-702] Processed net design_1_i/pid_controller_0/inst/design_1_i/initial_math_0/inst/velocity1__0_i_2199_n_2. Optimizations did not improve timing on the net.
INFO: [Physopt 32-702] Processed net design_1_i/pid_controller_0/inst/design_1_i/initial_math_0/inst/velocity1__0_i_2200_n_0. Optimizations did not improve timing on the net.
INFO: [Physopt 32-702] Processed net design_1_i/pid_controller_0/inst/design_1_i/initial_math_0/inst/velocity1__0_i_2203_n_0. Optimizations did not improve timing on the net.
INFO: [Physopt 32-702] Processed net design_1_i/pid_controller_0/inst/design_1_i/initial_math_0/inst/velocity1__0_i_2208_n_0. Optimizations did not improve timing on the net.
INFO: [Physopt 32-702] Processed net design_1_i/pid_controller_0/inst/design_1_i/initial_math_0/inst/velocity1__0_i_2213_n_0. Optimizations did not improve timing on the net.
INFO: [Physopt 32-702] Processed net design_1_i/pid_controller_0/inst/design_1_i/initial_math_0/inst/velocity1__0_i_2218_n_0. Optimizations did not improve timing on the net.
INFO: [Physopt 32-702] Processed net design_1_i/pid_controller_0/inst/design_1_i/initial_math_0/inst/velocity1__0_i_2223_n_0. Optimizations did not improve timing on the net.
INFO: [Physopt 32-702] Processed net design_1_i/pid_controller_0/inst/design_1_i/initial_math_0/inst/velocity1__0_i_2228_n_0. Optimizations did not improve timing on the net.
INFO: [Physopt 32-702] Processed net design_1_i/pid_controller_0/inst/design_1_i/initial_math_0/inst/velocity1__0_i_2233_n_0. Optimizations did not improve timing on the net.
INFO: [Physopt 32-702] Processed net design_1_i/pid_controller_0/inst/design_1_i/initial_math_0/inst/velocity1__0_i_2238_n_0. Optimizations did not improve timing on the net.
INFO: [Physopt 32-702] Processed net design_1_i/pid_controller_0/inst/design_1_i/initial_math_0/inst/velocity1__0_i_2243_n_0. Optimizations did not improve timing on the net.
INFO: [Physopt 32-702] Processed net design_1_i/pid_controller_0/inst/design_1_i/initial_math_0/inst/velocity1__0_i_2248_n_0. Optimizations did not improve timing on the net.
INFO: [Physopt 32-702] Processed net design_1_i/pid_controller_0/inst/design_1_i/initial_math_0/inst/velocity1__0_i_2253_n_0. Optimizations did not improve timing on the net.
INFO: [Physopt 32-702] Processed net design_1_i/pid_controller_0/inst/design_1_i/initial_math_0/inst/velocity1__0_i_2258_n_0. Optimizations did not improve timing on the net.
INFO: [Physopt 32-702] Processed net design_1_i/pid_controller_0/inst/design_1_i/initial_math_0/inst/velocity1__0_i_2263_n_0. Optimizations did not improve timing on the net.
INFO: [Physopt 32-702] Processed net design_1_i/pid_controller_0/inst/design_1_i/initial_math_0/inst/velocity1__0_i_2268_n_0. Optimizations did not improve timing on the net.
INFO: [Physopt 32-702] Processed net design_1_i/pid_controller_0/inst/design_1_i/initial_math_0/inst/velocity1__0_i_2273_n_0. Optimizations did not improve timing on the net.
INFO: [Physopt 32-702] Processed net design_1_i/pid_controller_0/inst/design_1_i/initial_math_0/inst/velocity1__0_i_2364_n_0. Optimizations did not improve timing on the net.
INFO: [Physopt 32-702] Processed net design_1_i/pid_controller_0/inst/design_1_i/initial_math_0/inst/velocity1__0_i_2282_n_2. Optimizations did not improve timing on the net.
INFO: [Physopt 32-702] Processed net design_1_i/pid_controller_0/inst/design_1_i/initial_math_0/inst/velocity1__0_i_2283_n_0. Optimizations did not improve timing on the net.
INFO: [Physopt 32-702] Processed net design_1_i/pid_controller_0/inst/design_1_i/initial_math_0/inst/velocity1__0_i_2286_n_0. Optimizations did not improve timing on the net.
INFO: [Physopt 32-702] Processed net design_1_i/pid_controller_0/inst/design_1_i/initial_math_0/inst/velocity1__0_i_2291_n_0. Optimizations did not improve timing on the net.
INFO: [Physopt 32-702] Processed net design_1_i/pid_controller_0/inst/design_1_i/initial_math_0/inst/velocity1__0_i_2296_n_0. Optimizations did not improve timing on the net.
INFO: [Physopt 32-702] Processed net design_1_i/pid_controller_0/inst/design_1_i/initial_math_0/inst/velocity1__0_i_2301_n_0. Optimizations did not improve timing on the net.
INFO: [Physopt 32-702] Processed net design_1_i/pid_controller_0/inst/design_1_i/initial_math_0/inst/velocity1__0_i_2306_n_0. Optimizations did not improve timing on the net.
INFO: [Physopt 32-702] Processed net design_1_i/pid_controller_0/inst/design_1_i/initial_math_0/inst/velocity1__0_i_2311_n_0. Optimizations did not improve timing on the net.
INFO: [Physopt 32-702] Processed net design_1_i/pid_controller_0/inst/design_1_i/initial_math_0/inst/velocity1__0_i_2316_n_0. Optimizations did not improve timing on the net.
INFO: [Physopt 32-702] Processed net design_1_i/pid_controller_0/inst/design_1_i/initial_math_0/inst/velocity1__0_i_2321_n_0. Optimizations did not improve timing on the net.
INFO: [Physopt 32-702] Processed net design_1_i/pid_controller_0/inst/design_1_i/initial_math_0/inst/velocity1__0_i_2326_n_0. Optimizations did not improve timing on the net.
INFO: [Physopt 32-702] Processed net design_1_i/pid_controller_0/inst/design_1_i/initial_math_0/inst/velocity1__0_i_2331_n_0. Optimizations did not improve timing on the net.
INFO: [Physopt 32-702] Processed net design_1_i/pid_controller_0/inst/design_1_i/initial_math_0/inst/velocity1__0_i_2336_n_0. Optimizations did not improve timing on the net.
INFO: [Physopt 32-702] Processed net design_1_i/pid_controller_0/inst/design_1_i/initial_math_0/inst/velocity1__0_i_2341_n_0. Optimizations did not improve timing on the net.
INFO: [Physopt 32-702] Processed net design_1_i/pid_controller_0/inst/design_1_i/initial_math_0/inst/velocity1__0_i_2346_n_0. Optimizations did not improve timing on the net.
INFO: [Physopt 32-702] Processed net design_1_i/pid_controller_0/inst/design_1_i/initial_math_0/inst/velocity1__0_i_2351_n_0. Optimizations did not improve timing on the net.
INFO: [Physopt 32-702] Processed net design_1_i/pid_controller_0/inst/design_1_i/initial_math_0/inst/velocity1__0_i_2356_n_0. Optimizations did not improve timing on the net.
INFO: [Physopt 32-702] Processed net design_1_i/pid_controller_0/inst/design_1_i/initial_math_0/inst/velocity1__0_i_2447_n_0. Optimizations did not improve timing on the net.
INFO: [Physopt 32-702] Processed net design_1_i/pid_controller_0/inst/design_1_i/initial_math_0/inst/velocity1__0_i_2365_n_2. Optimizations did not improve timing on the net.
INFO: [Physopt 32-702] Processed net design_1_i/pid_controller_0/inst/design_1_i/initial_math_0/inst/velocity1__0_i_2366_n_0. Optimizations did not improve timing on the net.
INFO: [Physopt 32-702] Processed net design_1_i/pid_controller_0/inst/design_1_i/initial_math_0/inst/velocity1__0_i_2369_n_0. Optimizations did not improve timing on the net.
INFO: [Physopt 32-702] Processed net design_1_i/pid_controller_0/inst/design_1_i/initial_math_0/inst/velocity1__0_i_2374_n_0. Optimizations did not improve timing on the net.
INFO: [Physopt 32-702] Processed net design_1_i/pid_controller_0/inst/design_1_i/initial_math_0/inst/velocity1__0_i_2379_n_0. Optimizations did not improve timing on the net.
INFO: [Physopt 32-702] Processed net design_1_i/pid_controller_0/inst/design_1_i/initial_math_0/inst/velocity1__0_i_2384_n_0. Optimizations did not improve timing on the net.
INFO: [Physopt 32-702] Processed net design_1_i/pid_controller_0/inst/design_1_i/initial_math_0/inst/velocity1__0_i_2389_n_0. Optimizations did not improve timing on the net.
INFO: [Physopt 32-702] Processed net design_1_i/pid_controller_0/inst/design_1_i/initial_math_0/inst/velocity1__0_i_2394_n_0. Optimizations did not improve timing on the net.
INFO: [Physopt 32-702] Processed net design_1_i/pid_controller_0/inst/design_1_i/initial_math_0/inst/velocity1__0_i_2399_n_0. Optimizations did not improve timing on the net.
INFO: [Physopt 32-702] Processed net design_1_i/pid_controller_0/inst/design_1_i/initial_math_0/inst/velocity1__0_i_2404_n_0. Optimizations did not improve timing on the net.
INFO: [Physopt 32-702] Processed net design_1_i/pid_controller_0/inst/design_1_i/initial_math_0/inst/velocity1__0_i_2409_n_0. Optimizations did not improve timing on the net.
INFO: [Physopt 32-702] Processed net design_1_i/pid_controller_0/inst/design_1_i/initial_math_0/inst/velocity1__0_i_2414_n_0. Optimizations did not improve timing on the net.
INFO: [Physopt 32-702] Processed net design_1_i/pid_controller_0/inst/design_1_i/initial_math_0/inst/velocity1__0_i_2419_n_0. Optimizations did not improve timing on the net.
INFO: [Physopt 32-702] Processed net design_1_i/pid_controller_0/inst/design_1_i/initial_math_0/inst/velocity1__0_i_2424_n_0. Optimizations did not improve timing on the net.
INFO: [Physopt 32-702] Processed net design_1_i/pid_controller_0/inst/design_1_i/initial_math_0/inst/velocity1__0_i_2429_n_0. Optimizations did not improve timing on the net.
INFO: [Physopt 32-702] Processed net design_1_i/pid_controller_0/inst/design_1_i/initial_math_0/inst/velocity1__0_i_2434_n_0. Optimizations did not improve timing on the net.
INFO: [Physopt 32-702] Processed net design_1_i/pid_controller_0/inst/design_1_i/initial_math_0/inst/velocity1__0_i_2439_n_0. Optimizations did not improve timing on the net.
INFO: [Physopt 32-702] Processed net design_1_i/pid_controller_0/inst/design_1_i/initial_math_0/inst/velocity1__0_i_2530_n_0. Optimizations did not improve timing on the net.
INFO: [Physopt 32-702] Processed net design_1_i/pid_controller_0/inst/design_1_i/initial_math_0/inst/velocity1__0_i_2448_n_2. Optimizations did not improve timing on the net.
INFO: [Physopt 32-702] Processed net design_1_i/pid_controller_0/inst/design_1_i/initial_math_0/inst/velocity1__0_i_2449_n_0. Optimizations did not improve timing on the net.
INFO: [Physopt 32-702] Processed net design_1_i/pid_controller_0/inst/design_1_i/initial_math_0/inst/velocity1__0_i_2452_n_0. Optimizations did not improve timing on the net.
INFO: [Physopt 32-702] Processed net design_1_i/pid_controller_0/inst/design_1_i/initial_math_0/inst/velocity1__0_i_2457_n_0. Optimizations did not improve timing on the net.
INFO: [Physopt 32-702] Processed net design_1_i/pid_controller_0/inst/design_1_i/initial_math_0/inst/velocity1__0_i_2462_n_0. Optimizations did not improve timing on the net.
INFO: [Physopt 32-702] Processed net design_1_i/pid_controller_0/inst/design_1_i/initial_math_0/inst/velocity1__0_i_2467_n_0. Optimizations did not improve timing on the net.
INFO: [Physopt 32-702] Processed net design_1_i/pid_controller_0/inst/design_1_i/initial_math_0/inst/velocity1__0_i_2472_n_0. Optimizations did not improve timing on the net.
INFO: [Physopt 32-702] Processed net design_1_i/pid_controller_0/inst/design_1_i/initial_math_0/inst/velocity1__0_i_2477_n_0. Optimizations did not improve timing on the net.
INFO: [Physopt 32-702] Processed net design_1_i/pid_controller_0/inst/design_1_i/initial_math_0/inst/velocity1__0_i_2482_n_0. Optimizations did not improve timing on the net.
INFO: [Physopt 32-702] Processed net design_1_i/pid_controller_0/inst/design_1_i/initial_math_0/inst/velocity1__0_i_2487_n_0. Optimizations did not improve timing on the net.
INFO: [Physopt 32-702] Processed net design_1_i/pid_controller_0/inst/design_1_i/initial_math_0/inst/velocity1__0_i_2492_n_0. Optimizations did not improve timing on the net.
INFO: [Physopt 32-702] Processed net design_1_i/pid_controller_0/inst/design_1_i/initial_math_0/inst/velocity1__0_i_2497_n_0. Optimizations did not improve timing on the net.
INFO: [Physopt 32-702] Processed net design_1_i/pid_controller_0/inst/design_1_i/initial_math_0/inst/velocity1__0_i_2502_n_0. Optimizations did not improve timing on the net.
INFO: [Physopt 32-702] Processed net design_1_i/pid_controller_0/inst/design_1_i/initial_math_0/inst/velocity1__0_i_2507_n_0. Optimizations did not improve timing on the net.
INFO: [Physopt 32-702] Processed net design_1_i/pid_controller_0/inst/design_1_i/initial_math_0/inst/velocity1__0_i_2512_n_0. Optimizations did not improve timing on the net.
INFO: [Physopt 32-702] Processed net design_1_i/pid_controller_0/inst/design_1_i/initial_math_0/inst/velocity1__0_i_2517_n_0. Optimizations did not improve timing on the net.
INFO: [Physopt 32-702] Processed net design_1_i/pid_controller_0/inst/design_1_i/initial_math_0/inst/velocity1__0_i_2522_n_0. Optimizations did not improve timing on the net.
INFO: [Physopt 32-702] Processed net design_1_i/pid_controller_0/inst/design_1_i/initial_math_0/inst/velocity1__0_i_2614_n_0. Optimizations did not improve timing on the net.
INFO: [Physopt 32-702] Processed net design_1_i/pid_controller_0/inst/design_1_i/initial_math_0/inst/velocity1__0_i_2532_n_2. Optimizations did not improve timing on the net.
INFO: [Physopt 32-702] Processed net design_1_i/pid_controller_0/inst/design_1_i/initial_math_0/inst/velocity1__0_i_2533_n_0. Optimizations did not improve timing on the net.
INFO: [Physopt 32-702] Processed net design_1_i/pid_controller_0/inst/design_1_i/initial_math_0/inst/velocity1__0_i_2536_n_0. Optimizations did not improve timing on the net.
INFO: [Physopt 32-702] Processed net design_1_i/pid_controller_0/inst/design_1_i/initial_math_0/inst/velocity1__0_i_2541_n_0. Optimizations did not improve timing on the net.
INFO: [Physopt 32-702] Processed net design_1_i/pid_controller_0/inst/design_1_i/initial_math_0/inst/velocity1__0_i_2546_n_0. Optimizations did not improve timing on the net.
INFO: [Physopt 32-702] Processed net design_1_i/pid_controller_0/inst/design_1_i/initial_math_0/inst/velocity1__0_i_2551_n_0. Optimizations did not improve timing on the net.
INFO: [Physopt 32-702] Processed net design_1_i/pid_controller_0/inst/design_1_i/initial_math_0/inst/velocity1__0_i_2556_n_0. Optimizations did not improve timing on the net.
INFO: [Physopt 32-702] Processed net design_1_i/pid_controller_0/inst/design_1_i/initial_math_0/inst/velocity1__0_i_2561_n_0. Optimizations did not improve timing on the net.
INFO: [Physopt 32-702] Processed net design_1_i/pid_controller_0/inst/design_1_i/initial_math_0/inst/velocity1__0_i_2566_n_0. Optimizations did not improve timing on the net.
INFO: [Physopt 32-702] Processed net design_1_i/pid_controller_0/inst/design_1_i/initial_math_0/inst/velocity1__0_i_2571_n_0. Optimizations did not improve timing on the net.
INFO: [Physopt 32-702] Processed net design_1_i/pid_controller_0/inst/design_1_i/initial_math_0/inst/velocity1__0_i_2576_n_0. Optimizations did not improve timing on the net.
INFO: [Physopt 32-702] Processed net design_1_i/pid_controller_0/inst/design_1_i/initial_math_0/inst/velocity1__0_i_2581_n_0. Optimizations did not improve timing on the net.
INFO: [Physopt 32-702] Processed net design_1_i/pid_controller_0/inst/design_1_i/initial_math_0/inst/velocity1__0_i_2586_n_0. Optimizations did not improve timing on the net.
INFO: [Physopt 32-702] Processed net design_1_i/pid_controller_0/inst/design_1_i/initial_math_0/inst/velocity1__0_i_2591_n_0. Optimizations did not improve timing on the net.
INFO: [Physopt 32-702] Processed net design_1_i/pid_controller_0/inst/design_1_i/initial_math_0/inst/velocity1__0_i_2596_n_0. Optimizations did not improve timing on the net.
INFO: [Physopt 32-702] Processed net design_1_i/pid_controller_0/inst/design_1_i/initial_math_0/inst/velocity1__0_i_2601_n_0. Optimizations did not improve timing on the net.
INFO: [Physopt 32-702] Processed net design_1_i/pid_controller_0/inst/design_1_i/initial_math_0/inst/velocity1__0_i_2606_n_0. Optimizations did not improve timing on the net.
INFO: [Physopt 32-702] Processed net design_1_i/pid_controller_0/inst/design_1_i/initial_math_0/inst/velocity1__0_i_2697_n_0. Optimizations did not improve timing on the net.
INFO: [Physopt 32-702] Processed net design_1_i/pid_controller_0/inst/design_1_i/initial_math_0/inst/velocity1__0_i_2615_n_2. Optimizations did not improve timing on the net.
INFO: [Physopt 32-702] Processed net design_1_i/pid_controller_0/inst/design_1_i/initial_math_0/inst/velocity1__0_i_2616_n_0. Optimizations did not improve timing on the net.
INFO: [Physopt 32-702] Processed net design_1_i/pid_controller_0/inst/design_1_i/initial_math_0/inst/velocity1__0_i_2619_n_0. Optimizations did not improve timing on the net.
INFO: [Physopt 32-702] Processed net design_1_i/pid_controller_0/inst/design_1_i/initial_math_0/inst/velocity1__0_i_2624_n_0. Optimizations did not improve timing on the net.
INFO: [Physopt 32-702] Processed net design_1_i/pid_controller_0/inst/design_1_i/initial_math_0/inst/velocity1__0_i_2629_n_0. Optimizations did not improve timing on the net.
INFO: [Physopt 32-702] Processed net design_1_i/pid_controller_0/inst/design_1_i/initial_math_0/inst/velocity1__0_i_2634_n_0. Optimizations did not improve timing on the net.
INFO: [Physopt 32-702] Processed net design_1_i/pid_controller_0/inst/design_1_i/initial_math_0/inst/velocity1__0_i_2639_n_0. Optimizations did not improve timing on the net.
INFO: [Physopt 32-702] Processed net design_1_i/pid_controller_0/inst/design_1_i/initial_math_0/inst/velocity1__0_i_2644_n_0. Optimizations did not improve timing on the net.
INFO: [Physopt 32-702] Processed net design_1_i/pid_controller_0/inst/design_1_i/initial_math_0/inst/velocity1__0_i_2649_n_0. Optimizations did not improve timing on the net.
INFO: [Physopt 32-702] Processed net design_1_i/pid_controller_0/inst/design_1_i/initial_math_0/inst/velocity1__0_i_2654_n_0. Optimizations did not improve timing on the net.
INFO: [Physopt 32-702] Processed net design_1_i/pid_controller_0/inst/design_1_i/initial_math_0/inst/velocity1__0_i_2659_n_0. Optimizations did not improve timing on the net.
INFO: [Physopt 32-702] Processed net design_1_i/pid_controller_0/inst/design_1_i/initial_math_0/inst/velocity1__0_i_2664_n_0. Optimizations did not improve timing on the net.
INFO: [Physopt 32-702] Processed net design_1_i/pid_controller_0/inst/design_1_i/initial_math_0/inst/velocity1__0_i_2669_n_0. Optimizations did not improve timing on the net.
INFO: [Physopt 32-702] Processed net design_1_i/pid_controller_0/inst/design_1_i/initial_math_0/inst/velocity1__0_i_2674_n_0. Optimizations did not improve timing on the net.
INFO: [Physopt 32-702] Processed net design_1_i/pid_controller_0/inst/design_1_i/initial_math_0/inst/velocity1__0_i_2679_n_0. Optimizations did not improve timing on the net.
INFO: [Physopt 32-702] Processed net design_1_i/pid_controller_0/inst/design_1_i/initial_math_0/inst/velocity1__0_i_2684_n_0. Optimizations did not improve timing on the net.
INFO: [Physopt 32-702] Processed net design_1_i/pid_controller_0/inst/design_1_i/initial_math_0/inst/velocity1__0_i_2689_n_0. Optimizations did not improve timing on the net.
INFO: [Physopt 32-702] Processed net design_1_i/pid_controller_0/inst/design_1_i/initial_math_0/inst/velocity1__0_i_2780_n_0. Optimizations did not improve timing on the net.
INFO: [Physopt 32-702] Processed net design_1_i/pid_controller_0/inst/design_1_i/initial_math_0/inst/velocity1__0_i_2698_n_2. Optimizations did not improve timing on the net.
INFO: [Physopt 32-702] Processed net design_1_i/pid_controller_0/inst/design_1_i/initial_math_0/inst/velocity1__0_i_2699_n_0. Optimizations did not improve timing on the net.
INFO: [Physopt 32-702] Processed net design_1_i/pid_controller_0/inst/design_1_i/initial_math_0/inst/velocity1__0_i_2702_n_0. Optimizations did not improve timing on the net.
INFO: [Physopt 32-702] Processed net design_1_i/pid_controller_0/inst/design_1_i/initial_math_0/inst/velocity1__0_i_2707_n_0. Optimizations did not improve timing on the net.
INFO: [Physopt 32-702] Processed net design_1_i/pid_controller_0/inst/design_1_i/initial_math_0/inst/velocity1__0_i_2712_n_0. Optimizations did not improve timing on the net.
INFO: [Physopt 32-702] Processed net design_1_i/pid_controller_0/inst/design_1_i/initial_math_0/inst/velocity1__0_i_2717_n_0. Optimizations did not improve timing on the net.
INFO: [Physopt 32-702] Processed net design_1_i/pid_controller_0/inst/design_1_i/initial_math_0/inst/velocity1__0_i_2722_n_0. Optimizations did not improve timing on the net.
INFO: [Physopt 32-702] Processed net design_1_i/pid_controller_0/inst/design_1_i/initial_math_0/inst/velocity1__0_i_2727_n_0. Optimizations did not improve timing on the net.
INFO: [Physopt 32-702] Processed net design_1_i/pid_controller_0/inst/design_1_i/initial_math_0/inst/velocity1__0_i_2732_n_0. Optimizations did not improve timing on the net.
INFO: [Physopt 32-702] Processed net design_1_i/pid_controller_0/inst/design_1_i/initial_math_0/inst/velocity1__0_i_2737_n_0. Optimizations did not improve timing on the net.
INFO: [Physopt 32-702] Processed net design_1_i/pid_controller_0/inst/design_1_i/initial_math_0/inst/velocity1__0_i_2742_n_0. Optimizations did not improve timing on the net.
INFO: [Physopt 32-702] Processed net design_1_i/pid_controller_0/inst/design_1_i/initial_math_0/inst/velocity1__0_i_2747_n_0. Optimizations did not improve timing on the net.
INFO: [Physopt 32-702] Processed net design_1_i/pid_controller_0/inst/design_1_i/initial_math_0/inst/velocity1__0_i_2752_n_0. Optimizations did not improve timing on the net.
INFO: [Physopt 32-702] Processed net design_1_i/pid_controller_0/inst/design_1_i/initial_math_0/inst/velocity1__0_i_2757_n_0. Optimizations did not improve timing on the net.
INFO: [Physopt 32-702] Processed net design_1_i/pid_controller_0/inst/design_1_i/initial_math_0/inst/velocity1__0_i_2762_n_0. Optimizations did not improve timing on the net.
INFO: [Physopt 32-702] Processed net design_1_i/pid_controller_0/inst/design_1_i/initial_math_0/inst/velocity1__0_i_2767_n_0. Optimizations did not improve timing on the net.
INFO: [Physopt 32-702] Processed net design_1_i/pid_controller_0/inst/design_1_i/initial_math_0/inst/velocity1__0_i_2772_n_0. Optimizations did not improve timing on the net.
INFO: [Physopt 32-702] Processed net design_1_i/pid_controller_0/inst/design_1_i/initial_math_0/inst/velocity1__0_i_2863_n_0. Optimizations did not improve timing on the net.
INFO: [Physopt 32-702] Processed net design_1_i/pid_controller_0/inst/design_1_i/initial_math_0/inst/velocity1__0_i_2781_n_2. Optimizations did not improve timing on the net.
INFO: [Physopt 32-702] Processed net design_1_i/pid_controller_0/inst/design_1_i/initial_math_0/inst/velocity1__0_i_2782_n_0. Optimizations did not improve timing on the net.
INFO: [Physopt 32-702] Processed net design_1_i/pid_controller_0/inst/design_1_i/initial_math_0/inst/velocity1__0_i_2785_n_0. Optimizations did not improve timing on the net.
INFO: [Physopt 32-702] Processed net design_1_i/pid_controller_0/inst/design_1_i/initial_math_0/inst/velocity1__0_i_2790_n_0. Optimizations did not improve timing on the net.
INFO: [Physopt 32-702] Processed net design_1_i/pid_controller_0/inst/design_1_i/initial_math_0/inst/velocity1__0_i_2795_n_0. Optimizations did not improve timing on the net.
INFO: [Physopt 32-702] Processed net design_1_i/pid_controller_0/inst/design_1_i/initial_math_0/inst/velocity1__0_i_2800_n_0. Optimizations did not improve timing on the net.
INFO: [Physopt 32-702] Processed net design_1_i/pid_controller_0/inst/design_1_i/initial_math_0/inst/velocity1__0_i_2805_n_0. Optimizations did not improve timing on the net.
INFO: [Physopt 32-702] Processed net design_1_i/pid_controller_0/inst/design_1_i/initial_math_0/inst/velocity1__0_i_2810_n_0. Optimizations did not improve timing on the net.
INFO: [Physopt 32-702] Processed net design_1_i/pid_controller_0/inst/design_1_i/initial_math_0/inst/velocity1__0_i_2815_n_0. Optimizations did not improve timing on the net.
INFO: [Physopt 32-702] Processed net design_1_i/pid_controller_0/inst/design_1_i/initial_math_0/inst/velocity1__0_i_2820_n_0. Optimizations did not improve timing on the net.
INFO: [Physopt 32-702] Processed net design_1_i/pid_controller_0/inst/design_1_i/initial_math_0/inst/velocity1__0_i_2825_n_0. Optimizations did not improve timing on the net.
INFO: [Physopt 32-702] Processed net design_1_i/pid_controller_0/inst/design_1_i/initial_math_0/inst/velocity1__0_i_2830_n_0. Optimizations did not improve timing on the net.
INFO: [Physopt 32-702] Processed net design_1_i/pid_controller_0/inst/design_1_i/initial_math_0/inst/velocity1__0_i_2835_n_0. Optimizations did not improve timing on the net.
INFO: [Physopt 32-702] Processed net design_1_i/pid_controller_0/inst/design_1_i/initial_math_0/inst/velocity1__0_i_2840_n_0. Optimizations did not improve timing on the net.
INFO: [Physopt 32-702] Processed net design_1_i/pid_controller_0/inst/design_1_i/initial_math_0/inst/velocity1__0_i_2845_n_0. Optimizations did not improve timing on the net.
INFO: [Physopt 32-702] Processed net design_1_i/pid_controller_0/inst/design_1_i/initial_math_0/inst/velocity1__0_i_2850_n_0. Optimizations did not improve timing on the net.
INFO: [Physopt 32-702] Processed net design_1_i/pid_controller_0/inst/design_1_i/initial_math_0/inst/velocity1__0_i_2855_n_0. Optimizations did not improve timing on the net.
INFO: [Physopt 32-702] Processed net design_1_i/pid_controller_0/inst/design_1_i/initial_math_0/inst/velocity1__0_i_2947_n_0. Optimizations did not improve timing on the net.
INFO: [Physopt 32-702] Processed net design_1_i/pid_controller_0/inst/design_1_i/initial_math_0/inst/velocity1__0_i_2865_n_2. Optimizations did not improve timing on the net.
INFO: [Physopt 32-702] Processed net design_1_i/pid_controller_0/inst/design_1_i/initial_math_0/inst/velocity1__0_i_2866_n_0. Optimizations did not improve timing on the net.
INFO: [Physopt 32-702] Processed net design_1_i/pid_controller_0/inst/design_1_i/initial_math_0/inst/velocity1__0_i_2869_n_0. Optimizations did not improve timing on the net.
INFO: [Physopt 32-702] Processed net design_1_i/pid_controller_0/inst/design_1_i/initial_math_0/inst/velocity1__0_i_2874_n_0. Optimizations did not improve timing on the net.
INFO: [Physopt 32-702] Processed net design_1_i/pid_controller_0/inst/design_1_i/initial_math_0/inst/velocity1__0_i_2879_n_0. Optimizations did not improve timing on the net.
INFO: [Physopt 32-702] Processed net design_1_i/pid_controller_0/inst/design_1_i/initial_math_0/inst/velocity1__0_i_2884_n_0. Optimizations did not improve timing on the net.
INFO: [Physopt 32-702] Processed net design_1_i/pid_controller_0/inst/design_1_i/initial_math_0/inst/velocity1__0_i_2889_n_0. Optimizations did not improve timing on the net.
INFO: [Physopt 32-702] Processed net design_1_i/pid_controller_0/inst/design_1_i/initial_math_0/inst/velocity1__0_i_2894_n_0. Optimizations did not improve timing on the net.
INFO: [Physopt 32-702] Processed net design_1_i/pid_controller_0/inst/design_1_i/initial_math_0/inst/velocity1__0_i_2899_n_0. Optimizations did not improve timing on the net.
INFO: [Physopt 32-702] Processed net design_1_i/pid_controller_0/inst/design_1_i/initial_math_0/inst/velocity1__0_i_2904_n_0. Optimizations did not improve timing on the net.
INFO: [Physopt 32-702] Processed net design_1_i/pid_controller_0/inst/design_1_i/initial_math_0/inst/velocity1__0_i_2909_n_0. Optimizations did not improve timing on the net.
INFO: [Physopt 32-702] Processed net design_1_i/pid_controller_0/inst/design_1_i/initial_math_0/inst/velocity1__0_i_2914_n_0. Optimizations did not improve timing on the net.
INFO: [Physopt 32-702] Processed net design_1_i/pid_controller_0/inst/design_1_i/initial_math_0/inst/velocity1__0_i_2919_n_0. Optimizations did not improve timing on the net.
INFO: [Physopt 32-702] Processed net design_1_i/pid_controller_0/inst/design_1_i/initial_math_0/inst/velocity1__0_i_2924_n_0. Optimizations did not improve timing on the net.
INFO: [Physopt 32-702] Processed net design_1_i/pid_controller_0/inst/design_1_i/initial_math_0/inst/velocity1__0_i_2929_n_0. Optimizations did not improve timing on the net.
INFO: [Physopt 32-702] Processed net design_1_i/pid_controller_0/inst/design_1_i/initial_math_0/inst/velocity1__0_i_2934_n_0. Optimizations did not improve timing on the net.
INFO: [Physopt 32-702] Processed net design_1_i/pid_controller_0/inst/design_1_i/initial_math_0/inst/velocity1__0_i_2939_n_0. Optimizations did not improve timing on the net.
INFO: [Physopt 32-702] Processed net design_1_i/pid_controller_0/inst/design_1_i/initial_math_0/inst/velocity1__0_i_3030_n_0. Optimizations did not improve timing on the net.
INFO: [Physopt 32-702] Processed net design_1_i/pid_controller_0/inst/design_1_i/initial_math_0/inst/velocity1__0_i_2948_n_2. Optimizations did not improve timing on the net.
INFO: [Physopt 32-702] Processed net design_1_i/pid_controller_0/inst/design_1_i/initial_math_0/inst/velocity1__0_i_2949_n_0. Optimizations did not improve timing on the net.
INFO: [Physopt 32-702] Processed net design_1_i/pid_controller_0/inst/design_1_i/initial_math_0/inst/velocity1__0_i_2952_n_0. Optimizations did not improve timing on the net.
INFO: [Physopt 32-702] Processed net design_1_i/pid_controller_0/inst/design_1_i/initial_math_0/inst/velocity1__0_i_2957_n_0. Optimizations did not improve timing on the net.
INFO: [Physopt 32-702] Processed net design_1_i/pid_controller_0/inst/design_1_i/initial_math_0/inst/velocity1__0_i_2962_n_0. Optimizations did not improve timing on the net.
INFO: [Physopt 32-702] Processed net design_1_i/pid_controller_0/inst/design_1_i/initial_math_0/inst/velocity1__0_i_2967_n_0. Optimizations did not improve timing on the net.
INFO: [Physopt 32-702] Processed net design_1_i/pid_controller_0/inst/design_1_i/initial_math_0/inst/velocity1__0_i_2972_n_0. Optimizations did not improve timing on the net.
INFO: [Physopt 32-702] Processed net design_1_i/pid_controller_0/inst/design_1_i/initial_math_0/inst/velocity1__0_i_2977_n_0. Optimizations did not improve timing on the net.
INFO: [Physopt 32-702] Processed net design_1_i/pid_controller_0/inst/design_1_i/initial_math_0/inst/velocity1__0_i_2982_n_0. Optimizations did not improve timing on the net.
INFO: [Physopt 32-702] Processed net design_1_i/pid_controller_0/inst/design_1_i/initial_math_0/inst/velocity1__0_i_2987_n_0. Optimizations did not improve timing on the net.
INFO: [Physopt 32-702] Processed net design_1_i/pid_controller_0/inst/design_1_i/initial_math_0/inst/velocity1__0_i_2992_n_0. Optimizations did not improve timing on the net.
INFO: [Physopt 32-702] Processed net design_1_i/pid_controller_0/inst/design_1_i/initial_math_0/inst/velocity1__0_i_2997_n_0. Optimizations did not improve timing on the net.
INFO: [Physopt 32-702] Processed net design_1_i/pid_controller_0/inst/design_1_i/initial_math_0/inst/velocity1__0_i_3002_n_0. Optimizations did not improve timing on the net.
INFO: [Physopt 32-702] Processed net design_1_i/pid_controller_0/inst/design_1_i/initial_math_0/inst/velocity1__0_i_3007_n_0. Optimizations did not improve timing on the net.
INFO: [Physopt 32-702] Processed net design_1_i/pid_controller_0/inst/design_1_i/initial_math_0/inst/velocity1__0_i_3012_n_0. Optimizations did not improve timing on the net.
INFO: [Physopt 32-702] Processed net design_1_i/pid_controller_0/inst/design_1_i/initial_math_0/inst/velocity1__0_i_3017_n_0. Optimizations did not improve timing on the net.
INFO: [Physopt 32-702] Processed net design_1_i/pid_controller_0/inst/design_1_i/initial_math_0/inst/velocity1__0_i_3022_n_0. Optimizations did not improve timing on the net.
INFO: [Physopt 32-702] Processed net design_1_i/pid_controller_0/inst/design_1_i/initial_math_0/inst/velocity1__0_i_3113_n_0. Optimizations did not improve timing on the net.
INFO: [Physopt 32-702] Processed net design_1_i/pid_controller_0/inst/design_1_i/initial_math_0/inst/velocity1__0_i_3031_n_2. Optimizations did not improve timing on the net.
INFO: [Physopt 32-702] Processed net design_1_i/pid_controller_0/inst/design_1_i/initial_math_0/inst/velocity1__0_i_3032_n_0. Optimizations did not improve timing on the net.
INFO: [Physopt 32-702] Processed net design_1_i/pid_controller_0/inst/design_1_i/initial_math_0/inst/velocity1__0_i_3035_n_0. Optimizations did not improve timing on the net.
INFO: [Physopt 32-702] Processed net design_1_i/pid_controller_0/inst/design_1_i/initial_math_0/inst/velocity1__0_i_3040_n_0. Optimizations did not improve timing on the net.
INFO: [Physopt 32-702] Processed net design_1_i/pid_controller_0/inst/design_1_i/initial_math_0/inst/velocity1__0_i_3045_n_0. Optimizations did not improve timing on the net.
INFO: [Physopt 32-702] Processed net design_1_i/pid_controller_0/inst/design_1_i/initial_math_0/inst/velocity1__0_i_3050_n_0. Optimizations did not improve timing on the net.
INFO: [Physopt 32-702] Processed net design_1_i/pid_controller_0/inst/design_1_i/initial_math_0/inst/velocity1__0_i_3055_n_0. Optimizations did not improve timing on the net.
INFO: [Physopt 32-702] Processed net design_1_i/pid_controller_0/inst/design_1_i/initial_math_0/inst/velocity1__0_i_3060_n_0. Optimizations did not improve timing on the net.
INFO: [Physopt 32-702] Processed net design_1_i/pid_controller_0/inst/design_1_i/initial_math_0/inst/velocity1__0_i_3065_n_0. Optimizations did not improve timing on the net.
INFO: [Physopt 32-702] Processed net design_1_i/pid_controller_0/inst/design_1_i/initial_math_0/inst/velocity1__0_i_3070_n_0. Optimizations did not improve timing on the net.
INFO: [Physopt 32-702] Processed net design_1_i/pid_controller_0/inst/design_1_i/initial_math_0/inst/velocity1__0_i_3075_n_0. Optimizations did not improve timing on the net.
INFO: [Physopt 32-702] Processed net design_1_i/pid_controller_0/inst/design_1_i/initial_math_0/inst/velocity1__0_i_3080_n_0. Optimizations did not improve timing on the net.
INFO: [Physopt 32-702] Processed net design_1_i/pid_controller_0/inst/design_1_i/initial_math_0/inst/velocity1__0_i_3085_n_0. Optimizations did not improve timing on the net.
INFO: [Physopt 32-702] Processed net design_1_i/pid_controller_0/inst/design_1_i/initial_math_0/inst/velocity1__0_i_3090_n_0. Optimizations did not improve timing on the net.
INFO: [Physopt 32-702] Processed net design_1_i/pid_controller_0/inst/design_1_i/initial_math_0/inst/velocity1__0_i_3095_n_0. Optimizations did not improve timing on the net.
INFO: [Physopt 32-702] Processed net design_1_i/pid_controller_0/inst/design_1_i/initial_math_0/inst/velocity1__0_i_3100_n_0. Optimizations did not improve timing on the net.
INFO: [Physopt 32-702] Processed net design_1_i/pid_controller_0/inst/design_1_i/initial_math_0/inst/velocity1__0_i_3105_n_0. Optimizations did not improve timing on the net.
INFO: [Physopt 32-702] Processed net design_1_i/pid_controller_0/inst/design_1_i/initial_math_0/inst/velocity1__0_i_3196_n_0. Optimizations did not improve timing on the net.
INFO: [Physopt 32-702] Processed net design_1_i/pid_controller_0/inst/design_1_i/initial_math_0/inst/velocity1__0_i_3114_n_3. Optimizations did not improve timing on the net.
INFO: [Physopt 32-702] Processed net design_1_i/pid_controller_0/inst/design_1_i/initial_math_0/inst/velocity1__0_i_3115_n_0. Optimizations did not improve timing on the net.
INFO: [Physopt 32-702] Processed net design_1_i/pid_controller_0/inst/design_1_i/initial_math_0/inst/velocity1__0_i_3118_n_0. Optimizations did not improve timing on the net.
INFO: [Physopt 32-702] Processed net design_1_i/pid_controller_0/inst/design_1_i/initial_math_0/inst/velocity1__0_i_3123_n_0. Optimizations did not improve timing on the net.
INFO: [Physopt 32-702] Processed net design_1_i/pid_controller_0/inst/design_1_i/initial_math_0/inst/velocity1__0_i_3128_n_0. Optimizations did not improve timing on the net.
INFO: [Physopt 32-702] Processed net design_1_i/pid_controller_0/inst/design_1_i/initial_math_0/inst/velocity1__0_i_3133_n_0. Optimizations did not improve timing on the net.
INFO: [Physopt 32-702] Processed net design_1_i/pid_controller_0/inst/design_1_i/initial_math_0/inst/velocity1__0_i_3138_n_0. Optimizations did not improve timing on the net.
INFO: [Physopt 32-702] Processed net design_1_i/pid_controller_0/inst/design_1_i/initial_math_0/inst/velocity1__0_i_3143_n_0. Optimizations did not improve timing on the net.
INFO: [Physopt 32-702] Processed net design_1_i/pid_controller_0/inst/design_1_i/initial_math_0/inst/velocity1__0_i_3148_n_0. Optimizations did not improve timing on the net.
INFO: [Physopt 32-702] Processed net design_1_i/pid_controller_0/inst/design_1_i/initial_math_0/inst/velocity1__0_i_3153_n_0. Optimizations did not improve timing on the net.
INFO: [Physopt 32-702] Processed net design_1_i/pid_controller_0/inst/design_1_i/initial_math_0/inst/velocity1__0_i_3158_n_0. Optimizations did not improve timing on the net.
INFO: [Physopt 32-702] Processed net design_1_i/pid_controller_0/inst/design_1_i/initial_math_0/inst/velocity1__0_i_3163_n_0. Optimizations did not improve timing on the net.
INFO: [Physopt 32-702] Processed net design_1_i/pid_controller_0/inst/design_1_i/initial_math_0/inst/velocity1__0_i_3168_n_0. Optimizations did not improve timing on the net.
INFO: [Physopt 32-702] Processed net design_1_i/pid_controller_0/inst/design_1_i/initial_math_0/inst/velocity1__0_i_3173_n_0. Optimizations did not improve timing on the net.
INFO: [Physopt 32-702] Processed net design_1_i/pid_controller_0/inst/design_1_i/initial_math_0/inst/velocity1__0_i_3178_n_0. Optimizations did not improve timing on the net.
INFO: [Physopt 32-702] Processed net design_1_i/pid_controller_0/inst/design_1_i/initial_math_0/inst/velocity1__0_i_3183_n_0. Optimizations did not improve timing on the net.
INFO: [Physopt 32-702] Processed net design_1_i/pid_controller_0/inst/design_1_i/initial_math_0/inst/velocity1__0_i_3188_n_0. Optimizations did not improve timing on the net.
INFO: [Physopt 32-702] Processed net design_1_i/pid_controller_0/inst/design_1_i/time_calc_0/inst/S[0]. Optimizations did not improve timing on the net.
INFO: [Physopt 32-702] Processed net design_1_i/pid_controller_0/inst/design_1_i/initial_math_0/inst/velocity1_i_24[0]. Optimizations did not improve timing on the net.
INFO: [Physopt 32-702] Processed net design_1_i/pid_controller_0/inst/design_1_i/initial_math_0/inst/velocity1__0_i_2864_n_0. Optimizations did not improve timing on the net.
INFO: [Physopt 32-702] Processed net design_1_i/pid_controller_0/inst/design_1_i/initial_math_0/inst/velocity1__0_i_2531_n_0. Optimizations did not improve timing on the net.
INFO: [Physopt 32-702] Processed net design_1_i/pid_controller_0/inst/design_1_i/initial_math_0/inst/velocity1__0_i_2198_n_0. Optimizations did not improve timing on the net.
INFO: [Physopt 32-702] Processed net design_1_i/pid_controller_0/inst/design_1_i/initial_math_0/inst/velocity1__0_i_1948_n_0. Optimizations did not improve timing on the net.
INFO: [Physopt 32-702] Processed net design_1_i/pid_controller_0/inst/design_1_i/initial_math_0/inst/velocity1__0_i_1947_n_0. Optimizations did not improve timing on the net.
INFO: [Physopt 32-702] Processed net design_1_i/pid_controller_0/inst/design_1_i/initial_math_0/inst/velocity1__0_i_1946_n_0. Optimizations did not improve timing on the net.
INFO: [Physopt 32-702] Processed net design_1_i/pid_controller_0/inst/design_1_i/initial_math_0/inst/velocity1__0_i_1945_n_0. Optimizations did not improve timing on the net.
INFO: [Physopt 32-702] Processed net design_1_i/pid_controller_0/inst/design_1_i/prev_value_flip_flop_0/inst/error_reg[31]_0[0]. Optimizations did not improve timing on the net.
INFO: [Physopt 32-702] Processed net design_1_i/pid_controller_0/inst/design_1_i/prev_value_flip_flop_0/inst/velocity1_i_60_n_0. Optimizations did not improve timing on the net.
INFO: [Physopt 32-702] Processed net design_1_i/pid_controller_0/inst/design_1_i/prev_value_flip_flop_0/inst/velocity1_i_134_n_0. Optimizations did not improve timing on the net.
INFO: [Physopt 32-702] Processed net design_1_i/pid_controller_0/inst/design_1_i/prev_value_flip_flop_0/inst/velocity1_i_239_n_0. Optimizations did not improve timing on the net.
INFO: [Physopt 32-702] Processed net design_1_i/pid_controller_0/inst/design_1_i/prev_value_flip_flop_0/inst/velocity1_i_350_n_0. Optimizations did not improve timing on the net.
INFO: [Physopt 32-702] Processed net design_1_i/pid_controller_0/inst/design_1_i/prev_value_flip_flop_0/inst/velocity1_i_466_n_0. Optimizations did not improve timing on the net.
INFO: [Physopt 32-702] Processed net design_1_i/pid_controller_0/inst/design_1_i/prev_value_flip_flop_0/inst/velocity1_i_587_n_0. Optimizations did not improve timing on the net.
INFO: [Physopt 32-702] Processed net design_1_i/pid_controller_0/inst/design_1_i/prev_value_flip_flop_0/inst/velocity1_i_713_n_0. Optimizations did not improve timing on the net.
INFO: [Physopt 32-702] Processed net design_1_i/pid_controller_0/inst/design_1_i/prev_value_flip_flop_0/inst/velocity1_i_847_n_0. Optimizations did not improve timing on the net.
INFO: [Physopt 32-702] Processed net design_1_i/pid_controller_0/inst/design_1_i/initial_math_0/inst/error0[5]. Optimizations did not improve timing on the net.
INFO: [Physopt 32-702] Processed net design_1_i/pid_controller_0/inst/design_1_i/initial_math_0/inst/error_reg[3]_i_1_n_0. Optimizations did not improve timing on the net.
INFO: [Physopt 32-702] Processed net design_1_i/pid_controller_0/inst/design_1_i/initial_math_0/inst/error[3]_i_4_n_0. Optimizations did not improve timing on the net.
INFO: [Physopt 32-702] Processed net design_1_i/pid_controller_0/inst/design_1_i/time_calc_0/inst/dt_reg[63]_rep__29_0[13]. Optimizations did not improve timing on the net.
INFO: [Physopt 32-662] Processed net design_1_i/AXI_PID_Controller_P_0/inst/AXI_PID_Controller_Peripheral_v1_0_S00_AXI_inst/pid_target_angle[1]_repN.  Did not re-place instance design_1_i/AXI_PID_Controller_P_0/inst/AXI_PID_Controller_Peripheral_v1_0_S00_AXI_inst/slv_reg5_reg[1]_replica
INFO: [Physopt 32-572] Net design_1_i/AXI_PID_Controller_P_0/inst/AXI_PID_Controller_Peripheral_v1_0_S00_AXI_inst/pid_target_angle[1]_repN was not replicated.
Resolution: phys_opt_design can be forced to replicate a net driver using the option -force_replication_on_nets <list of net objects>.
INFO: [Physopt 32-702] Processed net design_1_i/AXI_PID_Controller_P_0/inst/AXI_PID_Controller_Peripheral_v1_0_S00_AXI_inst/pid_target_angle[1]_repN. Optimizations did not improve timing on the net.
INFO: [Physopt 32-702] Processed net design_1_i/pid_controller_0/inst/design_1_i/time_calc_0/inst/velocity1__0_i_2_psdsp_n. Optimizations did not improve timing on the net.
INFO: [Physopt 32-702] Processed net design_1_i/processing_system7_0/inst/FCLK_CLK_unbuffered[0]. Optimizations did not improve timing on the net.
INFO: [Physopt 32-702] Processed net design_1_i/pid_controller_0/inst/design_1_i/initial_math_0/inst/derivative1[29]. Optimizations did not improve timing on the net.
INFO: [Physopt 32-662] Processed net design_1_i/pid_controller_0/inst/design_1_i/initial_math_0/inst/velocity1_i_106_n_0.  Did not re-place instance design_1_i/pid_controller_0/inst/design_1_i/initial_math_0/inst/velocity1_i_106
INFO: [Physopt 32-702] Processed net design_1_i/pid_controller_0/inst/design_1_i/initial_math_0/inst/velocity1_i_106_n_0. Optimizations did not improve timing on the net.
INFO: [Physopt 32-702] Processed net design_1_i/pid_controller_0/inst/design_1_i/initial_math_0/inst/derivative10_in[0]. Optimizations did not improve timing on the net.
INFO: [Physopt 32-702] Processed net design_1_i/pid_controller_0/inst/design_1_i/initial_math_0/inst/derivative10_in[1]. Optimizations did not improve timing on the net.
INFO: [Physopt 32-702] Processed net design_1_i/pid_controller_0/inst/design_1_i/initial_math_0/inst/velocity1_i_2127_n_0. Optimizations did not improve timing on the net.
INFO: [Physopt 32-702] Processed net design_1_i/pid_controller_0/inst/design_1_i/initial_math_0/inst/derivative10_in[2]. Optimizations did not improve timing on the net.
INFO: [Physopt 32-702] Processed net design_1_i/pid_controller_0/inst/design_1_i/initial_math_0/inst/velocity1_i_2132_n_0. Optimizations did not improve timing on the net.
INFO: [Physopt 32-702] Processed net design_1_i/pid_controller_0/inst/design_1_i/initial_math_0/inst/derivative10_in[3]. Optimizations did not improve timing on the net.
INFO: [Physopt 32-702] Processed net design_1_i/pid_controller_0/inst/design_1_i/initial_math_0/inst/velocity1_i_2140_n_0. Optimizations did not improve timing on the net.
INFO: [Physopt 32-702] Processed net design_1_i/pid_controller_0/inst/design_1_i/initial_math_0/inst/derivative10_in[4]. Optimizations did not improve timing on the net.
INFO: [Physopt 32-702] Processed net design_1_i/pid_controller_0/inst/design_1_i/initial_math_0/inst/velocity1_i_2144_n_0. Optimizations did not improve timing on the net.
INFO: [Physopt 32-702] Processed net design_1_i/pid_controller_0/inst/design_1_i/initial_math_0/inst/derivative10_in[5]. Optimizations did not improve timing on the net.
INFO: [Physopt 32-702] Processed net design_1_i/pid_controller_0/inst/design_1_i/initial_math_0/inst/velocity1_i_2148_n_0. Optimizations did not improve timing on the net.
INFO: [Physopt 32-702] Processed net design_1_i/pid_controller_0/inst/design_1_i/initial_math_0/inst/derivative10_in[6]. Optimizations did not improve timing on the net.
INFO: [Physopt 32-702] Processed net design_1_i/pid_controller_0/inst/design_1_i/initial_math_0/inst/velocity1_i_2152_n_0. Optimizations did not improve timing on the net.
INFO: [Physopt 32-702] Processed net design_1_i/pid_controller_0/inst/design_1_i/initial_math_0/inst/derivative10_in[7]. Optimizations did not improve timing on the net.
INFO: [Physopt 32-702] Processed net design_1_i/pid_controller_0/inst/design_1_i/initial_math_0/inst/velocity1_i_2156_n_0. Optimizations did not improve timing on the net.
INFO: [Physopt 32-702] Processed net design_1_i/pid_controller_0/inst/design_1_i/initial_math_0/inst/derivative10_in[8]. Optimizations did not improve timing on the net.
INFO: [Physopt 32-702] Processed net design_1_i/pid_controller_0/inst/design_1_i/initial_math_0/inst/velocity1_i_2160_n_0. Optimizations did not improve timing on the net.
INFO: [Physopt 32-702] Processed net design_1_i/pid_controller_0/inst/design_1_i/initial_math_0/inst/derivative10_in[9]. Optimizations did not improve timing on the net.
INFO: [Physopt 32-702] Processed net design_1_i/pid_controller_0/inst/design_1_i/initial_math_0/inst/velocity1_i_2164_n_0. Optimizations did not improve timing on the net.
INFO: [Physopt 32-702] Processed net design_1_i/pid_controller_0/inst/design_1_i/initial_math_0/inst/derivative10_in[10]. Optimizations did not improve timing on the net.
INFO: [Physopt 32-702] Processed net design_1_i/pid_controller_0/inst/design_1_i/initial_math_0/inst/velocity1_i_2168_n_0. Optimizations did not improve timing on the net.
INFO: [Physopt 32-702] Processed net design_1_i/pid_controller_0/inst/design_1_i/initial_math_0/inst/derivative10_in[11]. Optimizations did not improve timing on the net.
INFO: [Physopt 32-702] Processed net design_1_i/pid_controller_0/inst/design_1_i/initial_math_0/inst/velocity1_i_2172_n_0. Optimizations did not improve timing on the net.
INFO: [Physopt 32-702] Processed net design_1_i/pid_controller_0/inst/design_1_i/initial_math_0/inst/derivative10_in[12]. Optimizations did not improve timing on the net.
INFO: [Physopt 32-702] Processed net design_1_i/pid_controller_0/inst/design_1_i/initial_math_0/inst/velocity1_i_2176_n_0. Optimizations did not improve timing on the net.
INFO: [Physopt 32-702] Processed net design_1_i/pid_controller_0/inst/design_1_i/initial_math_0/inst/derivative10_in[13]. Optimizations did not improve timing on the net.
INFO: [Physopt 32-702] Processed net design_1_i/pid_controller_0/inst/design_1_i/initial_math_0/inst/velocity1_i_2180_n_0. Optimizations did not improve timing on the net.
INFO: [Physopt 32-702] Processed net design_1_i/pid_controller_0/inst/design_1_i/initial_math_0/inst/derivative10_in[14]. Optimizations did not improve timing on the net.
INFO: [Physopt 32-702] Processed net design_1_i/pid_controller_0/inst/design_1_i/initial_math_0/inst/velocity1_i_2184_n_0. Optimizations did not improve timing on the net.
INFO: [Physopt 32-702] Processed net design_1_i/pid_controller_0/inst/design_1_i/initial_math_0/inst/derivative10_in[15]. Optimizations did not improve timing on the net.
INFO: [Physopt 32-702] Processed net design_1_i/pid_controller_0/inst/design_1_i/initial_math_0/inst/velocity1_i_2188_n_0. Optimizations did not improve timing on the net.
INFO: [Physopt 32-702] Processed net design_1_i/pid_controller_0/inst/design_1_i/initial_math_0/inst/derivative10_in[16]. Optimizations did not improve timing on the net.
INFO: [Physopt 32-702] Processed net design_1_i/pid_controller_0/inst/design_1_i/initial_math_0/inst/velocity1_i_2192_n_0. Optimizations did not improve timing on the net.
INFO: [Physopt 32-702] Processed net design_1_i/pid_controller_0/inst/design_1_i/initial_math_0/inst/derivative10_in[17]. Optimizations did not improve timing on the net.
INFO: [Physopt 32-702] Processed net design_1_i/pid_controller_0/inst/design_1_i/initial_math_0/inst/velocity1_i_2196_n_0. Optimizations did not improve timing on the net.
INFO: [Physopt 32-702] Processed net design_1_i/pid_controller_0/inst/design_1_i/initial_math_0/inst/derivative10_in[18]. Optimizations did not improve timing on the net.
INFO: [Physopt 32-702] Processed net design_1_i/pid_controller_0/inst/design_1_i/initial_math_0/inst/velocity1_i_2200_n_0. Optimizations did not improve timing on the net.
INFO: [Physopt 32-702] Processed net design_1_i/pid_controller_0/inst/design_1_i/initial_math_0/inst/derivative10_in[19]. Optimizations did not improve timing on the net.
INFO: [Physopt 32-702] Processed net design_1_i/pid_controller_0/inst/design_1_i/initial_math_0/inst/velocity1_i_2204_n_0. Optimizations did not improve timing on the net.
INFO: [Physopt 32-702] Processed net design_1_i/pid_controller_0/inst/design_1_i/initial_math_0/inst/derivative10_in[20]. Optimizations did not improve timing on the net.
INFO: [Physopt 32-702] Processed net design_1_i/pid_controller_0/inst/design_1_i/initial_math_0/inst/velocity1_i_2208_n_0. Optimizations did not improve timing on the net.
INFO: [Physopt 32-702] Processed net design_1_i/pid_controller_0/inst/design_1_i/initial_math_0/inst/derivative10_in[21]. Optimizations did not improve timing on the net.
INFO: [Physopt 32-702] Processed net design_1_i/pid_controller_0/inst/design_1_i/initial_math_0/inst/velocity1_i_2212_n_0. Optimizations did not improve timing on the net.
INFO: [Physopt 32-702] Processed net design_1_i/pid_controller_0/inst/design_1_i/initial_math_0/inst/derivative10_in[22]. Optimizations did not improve timing on the net.
INFO: [Physopt 32-702] Processed net design_1_i/pid_controller_0/inst/design_1_i/initial_math_0/inst/velocity1_i_2216_n_0. Optimizations did not improve timing on the net.
INFO: [Physopt 32-702] Processed net design_1_i/pid_controller_0/inst/design_1_i/initial_math_0/inst/derivative10_in[23]. Optimizations did not improve timing on the net.
INFO: [Physopt 32-702] Processed net design_1_i/pid_controller_0/inst/design_1_i/initial_math_0/inst/velocity1_i_2220_n_0. Optimizations did not improve timing on the net.
INFO: [Physopt 32-702] Processed net design_1_i/pid_controller_0/inst/design_1_i/initial_math_0/inst/derivative10_in[24]. Optimizations did not improve timing on the net.
INFO: [Physopt 32-702] Processed net design_1_i/pid_controller_0/inst/design_1_i/initial_math_0/inst/velocity1_i_2224_n_0. Optimizations did not improve timing on the net.
INFO: [Physopt 32-702] Processed net design_1_i/pid_controller_0/inst/design_1_i/initial_math_0/inst/derivative10_in[25]. Optimizations did not improve timing on the net.
INFO: [Physopt 32-702] Processed net design_1_i/pid_controller_0/inst/design_1_i/initial_math_0/inst/velocity1_i_2228_n_0. Optimizations did not improve timing on the net.
INFO: [Physopt 32-702] Processed net design_1_i/pid_controller_0/inst/design_1_i/initial_math_0/inst/derivative10_in[26]. Optimizations did not improve timing on the net.
INFO: [Physopt 32-702] Processed net design_1_i/pid_controller_0/inst/design_1_i/initial_math_0/inst/velocity1_i_2232_n_0. Optimizations did not improve timing on the net.
INFO: [Physopt 32-702] Processed net design_1_i/pid_controller_0/inst/design_1_i/initial_math_0/inst/derivative10_in[27]. Optimizations did not improve timing on the net.
INFO: [Physopt 32-702] Processed net design_1_i/pid_controller_0/inst/design_1_i/initial_math_0/inst/velocity1_i_2236_n_0. Optimizations did not improve timing on the net.
INFO: [Physopt 32-702] Processed net design_1_i/pid_controller_0/inst/design_1_i/initial_math_0/inst/derivative10_in[28]. Optimizations did not improve timing on the net.
INFO: [Physopt 32-702] Processed net design_1_i/pid_controller_0/inst/design_1_i/initial_math_0/inst/velocity1_i_2240_n_0. Optimizations did not improve timing on the net.
INFO: [Physopt 32-702] Processed net design_1_i/pid_controller_0/inst/design_1_i/initial_math_0/inst/derivative10_in[29]. Optimizations did not improve timing on the net.
INFO: [Physopt 32-702] Processed net design_1_i/pid_controller_0/inst/design_1_i/initial_math_0/inst/velocity1_i_2244_n_0. Optimizations did not improve timing on the net.
INFO: [Physopt 32-702] Processed net design_1_i/pid_controller_0/inst/design_1_i/initial_math_0/inst/derivative10_in[30]. Optimizations did not improve timing on the net.
INFO: [Physopt 32-702] Processed net design_1_i/pid_controller_0/inst/design_1_i/initial_math_0/inst/velocity1_i_2248_n_0. Optimizations did not improve timing on the net.
INFO: [Physopt 32-702] Processed net design_1_i/pid_controller_0/inst/design_1_i/initial_math_0/inst/derivative10_in[31]. Optimizations did not improve timing on the net.
INFO: [Physopt 32-702] Processed net design_1_i/pid_controller_0/inst/design_1_i/initial_math_0/inst/velocity1_i_2252_n_0. Optimizations did not improve timing on the net.
INFO: [Physopt 32-702] Processed net design_1_i/pid_controller_0/inst/design_1_i/initial_math_0/inst/velocity1__0_i_39_n_2. Optimizations did not improve timing on the net.
INFO: [Physopt 32-702] Processed net design_1_i/pid_controller_0/inst/design_1_i/initial_math_0/inst/velocity1_i_2256_n_0. Optimizations did not improve timing on the net.
INFO: [Physopt 32-702] Processed net design_1_i/pid_controller_0/inst/design_1_i/initial_math_0/inst/velocity1__0_i_102_n_2. Optimizations did not improve timing on the net.
INFO: [Physopt 32-702] Processed net design_1_i/pid_controller_0/inst/design_1_i/initial_math_0/inst/velocity1__0_i_1809_n_0. Optimizations did not improve timing on the net.
INFO: [Physopt 32-702] Processed net design_1_i/pid_controller_0/inst/design_1_i/initial_math_0/inst/velocity1__0_i_186_n_2. Optimizations did not improve timing on the net.
INFO: [Physopt 32-702] Processed net design_1_i/pid_controller_0/inst/design_1_i/initial_math_0/inst/velocity1__0_i_1813_n_0. Optimizations did not improve timing on the net.
INFO: [Physopt 32-702] Processed net design_1_i/pid_controller_0/inst/design_1_i/initial_math_0/inst/velocity1__0_i_275_n_2. Optimizations did not improve timing on the net.
INFO: [Physopt 32-702] Processed net design_1_i/pid_controller_0/inst/design_1_i/initial_math_0/inst/velocity1__0_i_1817_n_0. Optimizations did not improve timing on the net.
INFO: [Physopt 32-702] Processed net design_1_i/pid_controller_0/inst/design_1_i/initial_math_0/inst/velocity1__0_i_369_n_2. Optimizations did not improve timing on the net.
INFO: [Physopt 32-702] Processed net design_1_i/pid_controller_0/inst/design_1_i/initial_math_0/inst/velocity1__0_i_1821_n_0. Optimizations did not improve timing on the net.
INFO: [Physopt 32-702] Processed net design_1_i/pid_controller_0/inst/design_1_i/initial_math_0/inst/velocity1__0_i_468_n_2. Optimizations did not improve timing on the net.
INFO: [Physopt 32-702] Processed net design_1_i/pid_controller_0/inst/design_1_i/initial_math_0/inst/velocity1__0_i_1825_n_0. Optimizations did not improve timing on the net.
INFO: [Physopt 32-702] Processed net design_1_i/pid_controller_0/inst/design_1_i/initial_math_0/inst/velocity1__0_i_572_n_2. Optimizations did not improve timing on the net.
INFO: [Physopt 32-702] Processed net design_1_i/pid_controller_0/inst/design_1_i/initial_math_0/inst/velocity1__0_i_1829_n_0. Optimizations did not improve timing on the net.
INFO: [Physopt 32-702] Processed net design_1_i/pid_controller_0/inst/design_1_i/initial_math_0/inst/velocity1__0_i_681_n_2. Optimizations did not improve timing on the net.
INFO: [Physopt 32-702] Processed net design_1_i/pid_controller_0/inst/design_1_i/initial_math_0/inst/velocity1__0_i_1833_n_0. Optimizations did not improve timing on the net.
INFO: [Physopt 32-702] Processed net design_1_i/pid_controller_0/inst/design_1_i/initial_math_0/inst/velocity1__0_i_795_n_2. Optimizations did not improve timing on the net.
INFO: [Physopt 32-702] Processed net design_1_i/pid_controller_0/inst/design_1_i/initial_math_0/inst/velocity1__0_i_1837_n_0. Optimizations did not improve timing on the net.
INFO: [Physopt 32-702] Processed net design_1_i/pid_controller_0/inst/design_1_i/initial_math_0/inst/velocity1__0_i_914_n_2. Optimizations did not improve timing on the net.
INFO: [Physopt 32-702] Processed net design_1_i/pid_controller_0/inst/design_1_i/initial_math_0/inst/velocity1__0_i_1841_n_0. Optimizations did not improve timing on the net.
INFO: [Physopt 32-702] Processed net design_1_i/pid_controller_0/inst/design_1_i/initial_math_0/inst/velocity1__0_i_1038_n_2. Optimizations did not improve timing on the net.
INFO: [Physopt 32-702] Processed net design_1_i/pid_controller_0/inst/design_1_i/initial_math_0/inst/velocity1__0_i_1845_n_0. Optimizations did not improve timing on the net.
INFO: [Physopt 32-702] Processed net design_1_i/pid_controller_0/inst/design_1_i/initial_math_0/inst/velocity1__0_i_1167_n_2. Optimizations did not improve timing on the net.
INFO: [Physopt 32-702] Processed net design_1_i/pid_controller_0/inst/design_1_i/initial_math_0/inst/velocity1__0_i_1849_n_0. Optimizations did not improve timing on the net.
INFO: [Physopt 32-702] Processed net design_1_i/pid_controller_0/inst/design_1_i/initial_math_0/inst/velocity1__0_i_1301_n_2. Optimizations did not improve timing on the net.
INFO: [Physopt 32-702] Processed net design_1_i/pid_controller_0/inst/design_1_i/initial_math_0/inst/velocity1__0_i_1853_n_0. Optimizations did not improve timing on the net.
INFO: [Physopt 32-702] Processed net design_1_i/pid_controller_0/inst/design_1_i/initial_math_0/inst/velocity1__0_i_1440_n_2. Optimizations did not improve timing on the net.
INFO: [Physopt 32-702] Processed net design_1_i/pid_controller_0/inst/design_1_i/initial_math_0/inst/velocity1__0_i_1857_n_0. Optimizations did not improve timing on the net.
INFO: [Physopt 32-702] Processed net design_1_i/pid_controller_0/inst/design_1_i/initial_math_0/inst/velocity1__0_i_1583_n_2. Optimizations did not improve timing on the net.
INFO: [Physopt 32-702] Processed net design_1_i/pid_controller_0/inst/design_1_i/initial_math_0/inst/velocity1__0_i_1861_n_0. Optimizations did not improve timing on the net.
INFO: [Physopt 32-702] Processed net design_1_i/pid_controller_0/inst/design_1_i/initial_math_0/inst/velocity1__0_i_1727_n_2. Optimizations did not improve timing on the net.
INFO: [Physopt 32-702] Processed net design_1_i/pid_controller_0/inst/design_1_i/initial_math_0/inst/velocity1__0_i_1944_n_0. Optimizations did not improve timing on the net.
INFO: [Physopt 32-702] Processed net design_1_i/pid_controller_0/inst/design_1_i/initial_math_0/inst/velocity1__0_i_1862_n_2. Optimizations did not improve timing on the net.
INFO: [Physopt 32-702] Processed net design_1_i/pid_controller_0/inst/design_1_i/initial_math_0/inst/velocity1__0_i_2031_n_0. Optimizations did not improve timing on the net.
INFO: [Physopt 32-702] Processed net design_1_i/pid_controller_0/inst/design_1_i/initial_math_0/inst/velocity1__0_i_1949_n_2. Optimizations did not improve timing on the net.
INFO: [Physopt 32-702] Processed net design_1_i/pid_controller_0/inst/design_1_i/initial_math_0/inst/velocity1__0_i_2114_n_0. Optimizations did not improve timing on the net.
INFO: [Physopt 32-702] Processed net design_1_i/pid_controller_0/inst/design_1_i/initial_math_0/inst/velocity1__0_i_2032_n_2. Optimizations did not improve timing on the net.
INFO: [Physopt 32-702] Processed net design_1_i/pid_controller_0/inst/design_1_i/initial_math_0/inst/velocity1__0_i_2197_n_0. Optimizations did not improve timing on the net.
INFO: [Physopt 32-702] Processed net design_1_i/pid_controller_0/inst/design_1_i/initial_math_0/inst/velocity1__0_i_2115_n_2. Optimizations did not improve timing on the net.
INFO: [Physopt 32-702] Processed net design_1_i/pid_controller_0/inst/design_1_i/initial_math_0/inst/velocity1__0_i_2281_n_0. Optimizations did not improve timing on the net.
INFO: [Physopt 32-702] Processed net design_1_i/pid_controller_0/inst/design_1_i/initial_math_0/inst/velocity1__0_i_2199_n_2. Optimizations did not improve timing on the net.
INFO: [Physopt 32-702] Processed net design_1_i/pid_controller_0/inst/design_1_i/initial_math_0/inst/velocity1__0_i_2364_n_0. Optimizations did not improve timing on the net.
INFO: [Physopt 32-702] Processed net design_1_i/pid_controller_0/inst/design_1_i/initial_math_0/inst/velocity1__0_i_2282_n_2. Optimizations did not improve timing on the net.
INFO: [Physopt 32-702] Processed net design_1_i/pid_controller_0/inst/design_1_i/initial_math_0/inst/velocity1__0_i_2447_n_0. Optimizations did not improve timing on the net.
INFO: [Physopt 32-702] Processed net design_1_i/pid_controller_0/inst/design_1_i/initial_math_0/inst/velocity1__0_i_2365_n_2. Optimizations did not improve timing on the net.
INFO: [Physopt 32-702] Processed net design_1_i/pid_controller_0/inst/design_1_i/initial_math_0/inst/velocity1__0_i_2530_n_0. Optimizations did not improve timing on the net.
INFO: [Physopt 32-702] Processed net design_1_i/pid_controller_0/inst/design_1_i/initial_math_0/inst/velocity1__0_i_2448_n_2. Optimizations did not improve timing on the net.
INFO: [Physopt 32-702] Processed net design_1_i/pid_controller_0/inst/design_1_i/initial_math_0/inst/velocity1__0_i_2614_n_0. Optimizations did not improve timing on the net.
INFO: [Physopt 32-702] Processed net design_1_i/pid_controller_0/inst/design_1_i/initial_math_0/inst/velocity1__0_i_2532_n_2. Optimizations did not improve timing on the net.
INFO: [Physopt 32-702] Processed net design_1_i/pid_controller_0/inst/design_1_i/initial_math_0/inst/velocity1__0_i_2697_n_0. Optimizations did not improve timing on the net.
INFO: [Physopt 32-702] Processed net design_1_i/pid_controller_0/inst/design_1_i/initial_math_0/inst/velocity1__0_i_2615_n_2. Optimizations did not improve timing on the net.
INFO: [Physopt 32-702] Processed net design_1_i/pid_controller_0/inst/design_1_i/initial_math_0/inst/velocity1__0_i_2780_n_0. Optimizations did not improve timing on the net.
INFO: [Physopt 32-702] Processed net design_1_i/pid_controller_0/inst/design_1_i/initial_math_0/inst/velocity1__0_i_2698_n_2. Optimizations did not improve timing on the net.
INFO: [Physopt 32-702] Processed net design_1_i/pid_controller_0/inst/design_1_i/initial_math_0/inst/velocity1__0_i_2863_n_0. Optimizations did not improve timing on the net.
INFO: [Physopt 32-702] Processed net design_1_i/pid_controller_0/inst/design_1_i/initial_math_0/inst/velocity1__0_i_2781_n_2. Optimizations did not improve timing on the net.
INFO: [Physopt 32-702] Processed net design_1_i/pid_controller_0/inst/design_1_i/initial_math_0/inst/velocity1__0_i_2947_n_0. Optimizations did not improve timing on the net.
INFO: [Physopt 32-702] Processed net design_1_i/pid_controller_0/inst/design_1_i/initial_math_0/inst/velocity1__0_i_2865_n_2. Optimizations did not improve timing on the net.
INFO: [Physopt 32-702] Processed net design_1_i/pid_controller_0/inst/design_1_i/initial_math_0/inst/velocity1__0_i_3030_n_0. Optimizations did not improve timing on the net.
INFO: [Physopt 32-702] Processed net design_1_i/pid_controller_0/inst/design_1_i/initial_math_0/inst/velocity1__0_i_2948_n_2. Optimizations did not improve timing on the net.
INFO: [Physopt 32-702] Processed net design_1_i/pid_controller_0/inst/design_1_i/initial_math_0/inst/velocity1__0_i_3113_n_0. Optimizations did not improve timing on the net.
INFO: [Physopt 32-702] Processed net design_1_i/pid_controller_0/inst/design_1_i/initial_math_0/inst/velocity1__0_i_3031_n_2. Optimizations did not improve timing on the net.
INFO: [Physopt 32-702] Processed net design_1_i/pid_controller_0/inst/design_1_i/initial_math_0/inst/velocity1__0_i_3196_n_0. Optimizations did not improve timing on the net.
INFO: [Physopt 32-702] Processed net design_1_i/pid_controller_0/inst/design_1_i/initial_math_0/inst/velocity1__0_i_3114_n_3. Optimizations did not improve timing on the net.
INFO: [Physopt 32-702] Processed net design_1_i/pid_controller_0/inst/design_1_i/time_calc_0/inst/S[0]. Optimizations did not improve timing on the net.
INFO: [Physopt 32-702] Processed net design_1_i/pid_controller_0/inst/design_1_i/initial_math_0/inst/velocity1_i_24[0]. Optimizations did not improve timing on the net.
INFO: [Physopt 32-702] Processed net design_1_i/pid_controller_0/inst/design_1_i/prev_value_flip_flop_0/inst/error_reg[31]_0[0]. Optimizations did not improve timing on the net.
INFO: [Physopt 32-702] Processed net design_1_i/pid_controller_0/inst/design_1_i/prev_value_flip_flop_0/inst/velocity1_i_847_n_0. Optimizations did not improve timing on the net.
INFO: [Physopt 32-702] Processed net design_1_i/pid_controller_0/inst/design_1_i/initial_math_0/inst/error0[5]. Optimizations did not improve timing on the net.
INFO: [Physopt 32-702] Processed net design_1_i/pid_controller_0/inst/design_1_i/initial_math_0/inst/error[3]_i_4_n_0. Optimizations did not improve timing on the net.
INFO: [Physopt 32-702] Processed net design_1_i/pid_controller_0/inst/design_1_i/time_calc_0/inst/dt_reg[63]_rep__29_0[13]. Optimizations did not improve timing on the net.
INFO: [Physopt 32-662] Processed net design_1_i/AXI_PID_Controller_P_0/inst/AXI_PID_Controller_Peripheral_v1_0_S00_AXI_inst/pid_target_angle[1]_repN.  Did not re-place instance design_1_i/AXI_PID_Controller_P_0/inst/AXI_PID_Controller_Peripheral_v1_0_S00_AXI_inst/slv_reg5_reg[1]_replica
INFO: [Physopt 32-702] Processed net design_1_i/AXI_PID_Controller_P_0/inst/AXI_PID_Controller_Peripheral_v1_0_S00_AXI_inst/pid_target_angle[1]_repN. Optimizations did not improve timing on the net.
INFO: [Physopt 32-619] Estimated Timing Summary | WNS=-245.057 | TNS=-7825.336 |
Phase 4 Critical Path Optimization | Checksum: 20bdd5a1f

Time (s): cpu = 00:01:26 ; elapsed = 00:01:07 . Memory (MB): peak = 3718.598 ; gain = 0.000 ; free physical = 1045 ; free virtual = 5262
Netlist sorting complete. Time (s): cpu = 00:00:00.04 ; elapsed = 00:00:00.05 . Memory (MB): peak = 3718.598 ; gain = 0.000 ; free physical = 1045 ; free virtual = 5262
INFO: [Physopt 32-603] Post Physical Optimization Timing Summary | WNS=-245.057 | TNS=-7825.336 |

Summary of Physical Synthesis Optimizations
============================================


-------------------------------------------------------------------------------------------------------------------------------------------------------------
|  Optimization   |  WNS Gain (ns)  |  TNS Gain (ns)  |  Added Cells  |  Removed Cells  |  Optimized Cells/Nets  |  Dont Touch  |  Iterations  |  Elapsed   |
-------------------------------------------------------------------------------------------------------------------------------------------------------------
|  DSP Register   |          0.000  |          0.000  |            0  |              0  |                     0  |           0  |           1  |  00:00:00  |
|  Critical Path  |          0.025  |          0.799  |            1  |              0  |                     3  |           0  |           2  |  00:01:05  |
|  Total          |          0.025  |          0.799  |            1  |              0  |                     3  |           0  |           3  |  00:01:05  |
-------------------------------------------------------------------------------------------------------------------------------------------------------------


Netlist sorting complete. Time (s): cpu = 00:00:00.01 ; elapsed = 00:00:00 . Memory (MB): peak = 3718.598 ; gain = 0.000 ; free physical = 1045 ; free virtual = 5262
Ending Physical Synthesis Task | Checksum: 1e34b9273

Time (s): cpu = 00:01:26 ; elapsed = 00:01:07 . Memory (MB): peak = 3718.598 ; gain = 0.000 ; free physical = 1045 ; free virtual = 5262
INFO: [Common 17-83] Releasing license: Implementation
2783 Infos, 14 Warnings, 6 Critical Warnings and 0 Errors encountered.
phys_opt_design completed successfully
phys_opt_design: Time (s): cpu = 00:01:34 ; elapsed = 00:01:09 . Memory (MB): peak = 3718.598 ; gain = 0.000 ; free physical = 1051 ; free virtual = 5268
INFO: [Timing 38-480] Writing timing data to binary archive.
Writing placer database...
Writing XDEF routing.
Writing XDEF routing logical nets.
Writing XDEF routing special nets.
Write XDEF Complete: Time (s): cpu = 00:00:02 ; elapsed = 00:00:00.75 . Memory (MB): peak = 3718.598 ; gain = 0.000 ; free physical = 1020 ; free virtual = 5259
INFO: [Common 17-1381] The checkpoint '/home/kenny/Downloads/can_communication/can_communication.runs/impl_1/design_1_wrapper_physopt.dcp' has been generated.
Command: route_design
Attempting to get a license for feature 'Implementation' and/or device 'xc7z020'
INFO: [Common 17-349] Got license for feature 'Implementation' and/or device 'xc7z020'
INFO: [DRC 23-27] Running DRC with 8 threads
INFO: [Vivado_Tcl 4-198] DRC finished with 0 Errors
INFO: [Vivado_Tcl 4-199] Please refer to the DRC report (report_drc) for more information.
Running DRC as a precondition to command route_design
INFO: [DRC 23-27] Running DRC with 8 threads
INFO: [Vivado_Tcl 4-198] DRC finished with 0 Errors
INFO: [Vivado_Tcl 4-199] Please refer to the DRC report (report_drc) for more information.


Starting Routing Task
INFO: [Route 35-254] Multithreading enabled for route_design using a maximum of 8 CPUs
Checksum: PlaceDB: 9cca7326 ConstDB: 0 ShapeSum: 5b77f01a RouteDB: 0

Phase 1 Build RT Design
Phase 1 Build RT Design | Checksum: 14b4fe02e

Time (s): cpu = 00:00:19 ; elapsed = 00:00:14 . Memory (MB): peak = 3718.598 ; gain = 0.000 ; free physical = 907 ; free virtual = 5131
Post Restoration Checksum: NetGraph: f907ba2f NumContArr: 524825ff Constraints: 0 Timing: 0

Phase 2 Router Initialization

Phase 2.1 Create Timer
Phase 2.1 Create Timer | Checksum: 14b4fe02e

Time (s): cpu = 00:00:19 ; elapsed = 00:00:14 . Memory (MB): peak = 3718.598 ; gain = 0.000 ; free physical = 901 ; free virtual = 5125

Phase 2.2 Fix Topology Constraints
Phase 2.2 Fix Topology Constraints | Checksum: 14b4fe02e

Time (s): cpu = 00:00:19 ; elapsed = 00:00:14 . Memory (MB): peak = 3718.598 ; gain = 0.000 ; free physical = 869 ; free virtual = 5094

Phase 2.3 Pre Route Cleanup
Phase 2.3 Pre Route Cleanup | Checksum: 14b4fe02e

Time (s): cpu = 00:00:19 ; elapsed = 00:00:14 . Memory (MB): peak = 3718.598 ; gain = 0.000 ; free physical = 869 ; free virtual = 5094
 Number of Nodes with overlaps = 0

Phase 2.4 Update Timing
Phase 2.4 Update Timing | Checksum: 23c1df109

Time (s): cpu = 00:00:29 ; elapsed = 00:00:18 . Memory (MB): peak = 3718.598 ; gain = 0.000 ; free physical = 825 ; free virtual = 5050
INFO: [Route 35-416] Intermediate Timing Summary | WNS=-239.320| TNS=-7641.744| WHS=-0.203 | THS=-171.473|


Phase 2.5 Update Timing for Bus Skew

Phase 2.5.1 Update Timing
Phase 2.5.1 Update Timing | Checksum: 1c2189ec1

Time (s): cpu = 00:00:37 ; elapsed = 00:00:20 . Memory (MB): peak = 3718.598 ; gain = 0.000 ; free physical = 821 ; free virtual = 5046
INFO: [Route 35-416] Intermediate Timing Summary | WNS=-239.320| TNS=-7636.990| WHS=N/A    | THS=N/A    |

Phase 2.5 Update Timing for Bus Skew | Checksum: 1868d62a4

Time (s): cpu = 00:00:37 ; elapsed = 00:00:20 . Memory (MB): peak = 3718.598 ; gain = 0.000 ; free physical = 820 ; free virtual = 5046
Phase 2 Router Initialization | Checksum: 1720e4ab6

Time (s): cpu = 00:00:37 ; elapsed = 00:00:20 . Memory (MB): peak = 3718.598 ; gain = 0.000 ; free physical = 820 ; free virtual = 5046

Router Utilization Summary
  Global Vertical Routing Utilization    = 0 %
  Global Horizontal Routing Utilization  = 0 %
  Routable Net Status*
  *Does not include unroutable nets such as driverless and loadless.
  Run report_route_status for detailed report.
  Number of Failed Nets               = 14145
    (Failed Nets is the sum of unrouted and partially routed nets)
  Number of Unrouted Nets             = 14145
  Number of Partially Routed Nets     = 0
  Number of Node Overlaps             = 0


Phase 3 Initial Routing

Phase 3.1 Global Routing
Phase 3.1 Global Routing | Checksum: 1720e4ab6

Time (s): cpu = 00:00:37 ; elapsed = 00:00:20 . Memory (MB): peak = 3718.598 ; gain = 0.000 ; free physical = 807 ; free virtual = 5033
Phase 3 Initial Routing | Checksum: 1709fe25f

Time (s): cpu = 00:00:48 ; elapsed = 00:00:23 . Memory (MB): peak = 3718.598 ; gain = 0.000 ; free physical = 804 ; free virtual = 5030

Phase 4 Rip-up And Reroute

Phase 4.1 Global Iteration 0
 Number of Nodes with overlaps = 3048
 Number of Nodes with overlaps = 486
 Number of Nodes with overlaps = 105
 Number of Nodes with overlaps = 31
 Number of Nodes with overlaps = 5
 Number of Nodes with overlaps = 2
 Number of Nodes with overlaps = 2
 Number of Nodes with overlaps = 0
INFO: [Route 35-416] Intermediate Timing Summary | WNS=-252.781| TNS=-8072.540| WHS=N/A    | THS=N/A    |

Phase 4.1 Global Iteration 0 | Checksum: 14ddf2717

Time (s): cpu = 00:01:25 ; elapsed = 00:00:39 . Memory (MB): peak = 3718.598 ; gain = 0.000 ; free physical = 839 ; free virtual = 5065

Phase 4.2 Global Iteration 1
 Number of Nodes with overlaps = 71
 Number of Nodes with overlaps = 20
 Number of Nodes with overlaps = 9
 Number of Nodes with overlaps = 3
 Number of Nodes with overlaps = 0
INFO: [Route 35-416] Intermediate Timing Summary | WNS=-252.328| TNS=-8057.888| WHS=N/A    | THS=N/A    |

Phase 4.2 Global Iteration 1 | Checksum: 266bf993a

Time (s): cpu = 00:01:28 ; elapsed = 00:00:42 . Memory (MB): peak = 3718.598 ; gain = 0.000 ; free physical = 849 ; free virtual = 5075
Phase 4 Rip-up And Reroute | Checksum: 266bf993a

Time (s): cpu = 00:01:28 ; elapsed = 00:00:42 . Memory (MB): peak = 3718.598 ; gain = 0.000 ; free physical = 849 ; free virtual = 5075

Phase 5 Delay and Skew Optimization

Phase 5.1 Delay CleanUp

Phase 5.1.1 Update Timing
Phase 5.1.1 Update Timing | Checksum: 232ad1998

Time (s): cpu = 00:01:30 ; elapsed = 00:00:42 . Memory (MB): peak = 3718.598 ; gain = 0.000 ; free physical = 849 ; free virtual = 5075
INFO: [Route 35-416] Intermediate Timing Summary | WNS=-252.213| TNS=-8054.208| WHS=N/A    | THS=N/A    |

 Number of Nodes with overlaps = 0
Phase 5.1 Delay CleanUp | Checksum: 1eabc04cd

Time (s): cpu = 00:01:36 ; elapsed = 00:00:43 . Memory (MB): peak = 3718.598 ; gain = 0.000 ; free physical = 791 ; free virtual = 5017

Phase 5.2 Clock Skew Optimization
Phase 5.2 Clock Skew Optimization | Checksum: 1eabc04cd

Time (s): cpu = 00:01:36 ; elapsed = 00:00:43 . Memory (MB): peak = 3718.598 ; gain = 0.000 ; free physical = 791 ; free virtual = 5017
Phase 5 Delay and Skew Optimization | Checksum: 1eabc04cd

Time (s): cpu = 00:01:36 ; elapsed = 00:00:43 . Memory (MB): peak = 3718.598 ; gain = 0.000 ; free physical = 791 ; free virtual = 5017

Phase 6 Post Hold Fix

Phase 6.1 Hold Fix Iter

Phase 6.1.1 Update Timing
Phase 6.1.1 Update Timing | Checksum: 2255e9635

Time (s): cpu = 00:01:38 ; elapsed = 00:00:44 . Memory (MB): peak = 3718.598 ; gain = 0.000 ; free physical = 791 ; free virtual = 5017
INFO: [Route 35-416] Intermediate Timing Summary | WNS=-251.923| TNS=-8045.096| WHS=0.016  | THS=0.000  |

Phase 6.1 Hold Fix Iter | Checksum: 1b2a0a4f3

Time (s): cpu = 00:01:38 ; elapsed = 00:00:44 . Memory (MB): peak = 3718.598 ; gain = 0.000 ; free physical = 791 ; free virtual = 5017
Phase 6 Post Hold Fix | Checksum: 1b2a0a4f3

Time (s): cpu = 00:01:38 ; elapsed = 00:00:44 . Memory (MB): peak = 3718.598 ; gain = 0.000 ; free physical = 791 ; free virtual = 5017

Phase 7 Route finalize

Router Utilization Summary
  Global Vertical Routing Utilization    = 4.37289 %
  Global Horizontal Routing Utilization  = 5.17968 %
  Routable Net Status*
  *Does not include unroutable nets such as driverless and loadless.
  Run report_route_status for detailed report.
  Number of Failed Nets               = 0
    (Failed Nets is the sum of unrouted and partially routed nets)
  Number of Unrouted Nets             = 0
  Number of Partially Routed Nets     = 0
  Number of Node Overlaps             = 0

Congestion Report
North Dir 1x1 Area, Max Cong = 66.6667%, No Congested Regions.
South Dir 1x1 Area, Max Cong = 75.6757%, No Congested Regions.
East Dir 1x1 Area, Max Cong = 73.5294%, No Congested Regions.
West Dir 1x1 Area, Max Cong = 79.4118%, No Congested Regions.

------------------------------
Reporting congestion hotspots
------------------------------
Direction: North
----------------
Congested clusters found at Level 0
Effective congestion level: 0 Aspect Ratio: 1 Sparse Ratio: 0
Direction: South
----------------
Congested clusters found at Level 0
Effective congestion level: 0 Aspect Ratio: 1 Sparse Ratio: 0
Direction: East
----------------
Congested clusters found at Level 0
Effective congestion level: 0 Aspect Ratio: 1 Sparse Ratio: 0
Direction: West
----------------
Congested clusters found at Level 0
Effective congestion level: 0 Aspect Ratio: 1 Sparse Ratio: 0

Phase 7 Route finalize | Checksum: 1a4c7cb7d

Time (s): cpu = 00:01:38 ; elapsed = 00:00:45 . Memory (MB): peak = 3718.598 ; gain = 0.000 ; free physical = 791 ; free virtual = 5017

Phase 8 Verifying routed nets

 Verification completed successfully
Phase 8 Verifying routed nets | Checksum: 1a4c7cb7d

Time (s): cpu = 00:01:38 ; elapsed = 00:00:45 . Memory (MB): peak = 3718.598 ; gain = 0.000 ; free physical = 791 ; free virtual = 5017

Phase 9 Depositing Routes
Phase 9 Depositing Routes | Checksum: 1775307a6

Time (s): cpu = 00:01:40 ; elapsed = 00:00:46 . Memory (MB): peak = 3718.598 ; gain = 0.000 ; free physical = 791 ; free virtual = 5017

Phase 10 Post Router Timing
INFO: [Route 35-57] Estimated Timing Summary | WNS=-251.923| TNS=-8045.096| WHS=0.016  | THS=0.000  |

WARNING: [Route 35-328] Router estimated timing not met.
Resolution: For a complete and accurate timing signoff, report_timing_summary must be run after route_design. Alternatively, route_design can be run with the -timing_summary option to enable a complete timing signoff at the end of route_design.
Phase 10 Post Router Timing | Checksum: 1775307a6

Time (s): cpu = 00:01:42 ; elapsed = 00:00:46 . Memory (MB): peak = 3718.598 ; gain = 0.000 ; free physical = 792 ; free virtual = 5018
INFO: [Route 35-16] Router Completed Successfully

Time (s): cpu = 00:01:42 ; elapsed = 00:00:46 . Memory (MB): peak = 3718.598 ; gain = 0.000 ; free physical = 866 ; free virtual = 5092

Routing Is Done.
INFO: [Common 17-83] Releasing license: Implementation
2802 Infos, 15 Warnings, 6 Critical Warnings and 0 Errors encountered.
route_design completed successfully
route_design: Time (s): cpu = 00:01:52 ; elapsed = 00:00:49 . Memory (MB): peak = 3718.598 ; gain = 0.000 ; free physical = 866 ; free virtual = 5092
INFO: [Timing 38-480] Writing timing data to binary archive.
Writing placer database...
Writing XDEF routing.
Writing XDEF routing logical nets.
Writing XDEF routing special nets.
Write XDEF Complete: Time (s): cpu = 00:00:03 ; elapsed = 00:00:00.84 . Memory (MB): peak = 3718.598 ; gain = 0.000 ; free physical = 839 ; free virtual = 5092
INFO: [Common 17-1381] The checkpoint '/home/kenny/Downloads/can_communication/can_communication.runs/impl_1/design_1_wrapper_routed.dcp' has been generated.
INFO: [runtcl-4] Executing : report_drc -file design_1_wrapper_drc_routed.rpt -pb design_1_wrapper_drc_routed.pb -rpx design_1_wrapper_drc_routed.rpx
Command: report_drc -file design_1_wrapper_drc_routed.rpt -pb design_1_wrapper_drc_routed.pb -rpx design_1_wrapper_drc_routed.rpx
INFO: [IP_Flow 19-1839] IP Catalog is up to date.
INFO: [DRC 23-27] Running DRC with 8 threads
INFO: [Vivado_Tcl 2-168] The results of DRC are in file /home/kenny/Downloads/can_communication/can_communication.runs/impl_1/design_1_wrapper_drc_routed.rpt.
report_drc completed successfully
INFO: [runtcl-4] Executing : report_methodology -file design_1_wrapper_methodology_drc_routed.rpt -pb design_1_wrapper_methodology_drc_routed.pb -rpx design_1_wrapper_methodology_drc_routed.rpx
Command: report_methodology -file design_1_wrapper_methodology_drc_routed.rpt -pb design_1_wrapper_methodology_drc_routed.pb -rpx design_1_wrapper_methodology_drc_routed.rpx
INFO: [Timing 38-35] Done setting XDC timing constraints.
INFO: [DRC 23-133] Running Methodology with 8 threads
INFO: [Vivado_Tcl 2-1520] The results of Report Methodology are in file /home/kenny/Downloads/can_communication/can_communication.runs/impl_1/design_1_wrapper_methodology_drc_routed.rpt.
report_methodology completed successfully
INFO: [runtcl-4] Executing : report_power -file design_1_wrapper_power_routed.rpt -pb design_1_wrapper_power_summary_routed.pb -rpx design_1_wrapper_power_routed.rpx
Command: report_power -file design_1_wrapper_power_routed.rpt -pb design_1_wrapper_power_summary_routed.pb -rpx design_1_wrapper_power_routed.rpx
INFO: [Timing 38-35] Done setting XDC timing constraints.
Running Vector-less Activity Propagation...

Finished Running Vector-less Activity Propagation
2814 Infos, 15 Warnings, 6 Critical Warnings and 0 Errors encountered.
report_power completed successfully
INFO: [runtcl-4] Executing : report_route_status -file design_1_wrapper_route_status.rpt -pb design_1_wrapper_route_status.pb
INFO: [runtcl-4] Executing : report_timing_summary -max_paths 10 -file design_1_wrapper_timing_summary_routed.rpt -pb design_1_wrapper_timing_summary_routed.pb -rpx design_1_wrapper_timing_summary_routed.rpx -warn_on_violation 
INFO: [Timing 38-91] UpdateTimingParams: Speed grade: -1, Delay Type: min_max.
INFO: [Timing 38-191] Multithreading enabled for timing update using a maximum of 8 CPUs
CRITICAL WARNING: [Timing 38-282] The design failed to meet the timing requirements. Please see the timing summary report for details on the timing violations.
WARNING: [Timing 38-436] There are set_bus_skew constraint(s) in this design. Please run report_bus_skew to ensure that bus skew requirements are met.
INFO: [runtcl-4] Executing : report_incremental_reuse -file design_1_wrapper_incremental_reuse_routed.rpt
INFO: [Vivado_Tcl 4-1062] Incremental flow is disabled. No incremental reuse Info to report.
INFO: [runtcl-4] Executing : report_clock_utilization -file design_1_wrapper_clock_utilization_routed.rpt
INFO: [runtcl-4] Executing : report_bus_skew -warn_on_violation -file design_1_wrapper_bus_skew_routed.rpt -pb design_1_wrapper_bus_skew_routed.pb -rpx design_1_wrapper_bus_skew_routed.rpx
INFO: [Timing 38-91] UpdateTimingParams: Speed grade: -1, Delay Type: min_max.
INFO: [Timing 38-191] Multithreading enabled for timing update using a maximum of 8 CPUs
INFO: [Memdata 28-167] Found XPM memory block design_1_i/PmodCAN_0/inst/axi_quad_spi_0/U0/NO_DUAL_QUAD_MODE.QSPI_NORMAL/QSPI_LEGACY_MD_GEN.QSPI_CORE_INTERFACE_I/FIFO_EXISTS.TX_FIFO_II/xpm_fifo_instance.xpm_fifo_async_inst/gnuram_async_fifo.xpm_fifo_base_inst/gen_sdpram.xpm_memory_base_inst with a P_MEMORY_PRIMITIVE property set to auto. A value of block is required. You will not be able to use the updatemem program to update the bitstream with new data for the design_1_i/PmodCAN_0/inst/axi_quad_spi_0/U0/NO_DUAL_QUAD_MODE.QSPI_NORMAL/QSPI_LEGACY_MD_GEN.QSPI_CORE_INTERFACE_I/FIFO_EXISTS.TX_FIFO_II/xpm_fifo_instance.xpm_fifo_async_inst/gnuram_async_fifo.xpm_fifo_base_inst/gen_sdpram.xpm_memory_base_inst block.
INFO: [Memdata 28-167] Found XPM memory block design_1_i/PmodCAN_0/inst/axi_quad_spi_0/U0/NO_DUAL_QUAD_MODE.QSPI_NORMAL/QSPI_LEGACY_MD_GEN.QSPI_CORE_INTERFACE_I/FIFO_EXISTS.RX_FIFO_II/gnuram_async_fifo.xpm_fifo_base_inst/gen_sdpram.xpm_memory_base_inst with a P_MEMORY_PRIMITIVE property set to auto. A value of block is required. You will not be able to use the updatemem program to update the bitstream with new data for the design_1_i/PmodCAN_0/inst/axi_quad_spi_0/U0/NO_DUAL_QUAD_MODE.QSPI_NORMAL/QSPI_LEGACY_MD_GEN.QSPI_CORE_INTERFACE_I/FIFO_EXISTS.RX_FIFO_II/gnuram_async_fifo.xpm_fifo_base_inst/gen_sdpram.xpm_memory_base_inst block.
Command: write_bitstream -force design_1_wrapper.bit
Attempting to get a license for feature 'Implementation' and/or device 'xc7z020'
INFO: [Common 17-349] Got license for feature 'Implementation' and/or device 'xc7z020'
Running DRC as a precondition to command write_bitstream
INFO: [IP_Flow 19-1839] IP Catalog is up to date.
INFO: [DRC 23-27] Running DRC with 8 threads
WARNING: [DRC BUFC-1] Input Buffer Connections: Input buffer Pmod_out_0_pin1_iobuf/IBUF has no loads. It is recommended to have an input buffer drive an internal load.
WARNING: [DRC BUFC-1] Input Buffer Connections: Input buffer Pmod_out_0_pin4_iobuf/IBUF has no loads. It is recommended to have an input buffer drive an internal load.
WARNING: [DRC DPIP-1] Input pipelining: DSP design_1_i/pid_controller_0/inst/design_1_i/initial_math_0/inst/integral1 input design_1_i/pid_controller_0/inst/design_1_i/initial_math_0/inst/integral1/B[17:0] is not pipelined. Pipelining DSP48 input will improve performance.
WARNING: [DRC DPIP-1] Input pipelining: DSP design_1_i/pid_controller_0/inst/design_1_i/initial_math_0/inst/integral1__0 input design_1_i/pid_controller_0/inst/design_1_i/initial_math_0/inst/integral1__0/A[29:0] is not pipelined. Pipelining DSP48 input will improve performance.
WARNING: [DRC DPIP-1] Input pipelining: DSP design_1_i/pid_controller_0/inst/design_1_i/initial_math_0/inst/integral1__1 input design_1_i/pid_controller_0/inst/design_1_i/initial_math_0/inst/integral1__1/A[29:0] is not pipelined. Pipelining DSP48 input will improve performance.
WARNING: [DRC DPIP-1] Input pipelining: DSP design_1_i/pid_controller_0/inst/design_1_i/term_calculation_0/inst/velocity1 input design_1_i/pid_controller_0/inst/design_1_i/term_calculation_0/inst/velocity1/A[29:0] is not pipelined. Pipelining DSP48 input will improve performance.
WARNING: [DRC DPIP-1] Input pipelining: DSP design_1_i/pid_controller_0/inst/design_1_i/term_calculation_0/inst/velocity1 input design_1_i/pid_controller_0/inst/design_1_i/term_calculation_0/inst/velocity1/B[17:0] is not pipelined. Pipelining DSP48 input will improve performance.
WARNING: [DRC DPIP-1] Input pipelining: DSP design_1_i/pid_controller_0/inst/design_1_i/term_calculation_0/inst/velocity1__0 input design_1_i/pid_controller_0/inst/design_1_i/term_calculation_0/inst/velocity1__0/A[29:0] is not pipelined. Pipelining DSP48 input will improve performance.
WARNING: [DRC DPIP-1] Input pipelining: DSP design_1_i/pid_controller_0/inst/design_1_i/term_calculation_0/inst/velocity2 input design_1_i/pid_controller_0/inst/design_1_i/term_calculation_0/inst/velocity2/B[17:0] is not pipelined. Pipelining DSP48 input will improve performance.
WARNING: [DRC DPIP-1] Input pipelining: DSP design_1_i/pid_controller_0/inst/design_1_i/term_calculation_0/inst/velocity2__1 input design_1_i/pid_controller_0/inst/design_1_i/term_calculation_0/inst/velocity2__1/B[17:0] is not pipelined. Pipelining DSP48 input will improve performance.
WARNING: [DRC DPOP-1] PREG Output pipelining: DSP design_1_i/pid_controller_0/inst/design_1_i/initial_math_0/inst/integral1 output design_1_i/pid_controller_0/inst/design_1_i/initial_math_0/inst/integral1/P[47:0] is not pipelined (PREG=0). Pipelining the DSP48 output will improve performance and often saves power so it is suggested whenever possible to fully pipeline this function.  If this DSP48 function was inferred, it is suggested to describe an additional register stage after this function.  If the DSP48 was instantiated in the design, it is suggested to set the PREG attribute to 1.
WARNING: [DRC DPOP-1] PREG Output pipelining: DSP design_1_i/pid_controller_0/inst/design_1_i/initial_math_0/inst/integral1__0 output design_1_i/pid_controller_0/inst/design_1_i/initial_math_0/inst/integral1__0/P[47:0] is not pipelined (PREG=0). Pipelining the DSP48 output will improve performance and often saves power so it is suggested whenever possible to fully pipeline this function.  If this DSP48 function was inferred, it is suggested to describe an additional register stage after this function.  If the DSP48 was instantiated in the design, it is suggested to set the PREG attribute to 1.
WARNING: [DRC DPOP-1] PREG Output pipelining: DSP design_1_i/pid_controller_0/inst/design_1_i/initial_math_0/inst/integral1__1 output design_1_i/pid_controller_0/inst/design_1_i/initial_math_0/inst/integral1__1/P[47:0] is not pipelined (PREG=0). Pipelining the DSP48 output will improve performance and often saves power so it is suggested whenever possible to fully pipeline this function.  If this DSP48 function was inferred, it is suggested to describe an additional register stage after this function.  If the DSP48 was instantiated in the design, it is suggested to set the PREG attribute to 1.
WARNING: [DRC DPOP-1] PREG Output pipelining: DSP design_1_i/pid_controller_0/inst/design_1_i/term_calculation_0/inst/velocity1 output design_1_i/pid_controller_0/inst/design_1_i/term_calculation_0/inst/velocity1/P[47:0] is not pipelined (PREG=0). Pipelining the DSP48 output will improve performance and often saves power so it is suggested whenever possible to fully pipeline this function.  If this DSP48 function was inferred, it is suggested to describe an additional register stage after this function.  If the DSP48 was instantiated in the design, it is suggested to set the PREG attribute to 1.
WARNING: [DRC DPOP-1] PREG Output pipelining: DSP design_1_i/pid_controller_0/inst/design_1_i/term_calculation_0/inst/velocity1__0 output design_1_i/pid_controller_0/inst/design_1_i/term_calculation_0/inst/velocity1__0/P[47:0] is not pipelined (PREG=0). Pipelining the DSP48 output will improve performance and often saves power so it is suggested whenever possible to fully pipeline this function.  If this DSP48 function was inferred, it is suggested to describe an additional register stage after this function.  If the DSP48 was instantiated in the design, it is suggested to set the PREG attribute to 1.
WARNING: [DRC DPOP-1] PREG Output pipelining: DSP design_1_i/pid_controller_0/inst/design_1_i/term_calculation_0/inst/velocity2 output design_1_i/pid_controller_0/inst/design_1_i/term_calculation_0/inst/velocity2/P[47:0] is not pipelined (PREG=0). Pipelining the DSP48 output will improve performance and often saves power so it is suggested whenever possible to fully pipeline this function.  If this DSP48 function was inferred, it is suggested to describe an additional register stage after this function.  If the DSP48 was instantiated in the design, it is suggested to set the PREG attribute to 1.
WARNING: [DRC DPOP-1] PREG Output pipelining: DSP design_1_i/pid_controller_0/inst/design_1_i/term_calculation_0/inst/velocity2__0 output design_1_i/pid_controller_0/inst/design_1_i/term_calculation_0/inst/velocity2__0/P[47:0] is not pipelined (PREG=0). Pipelining the DSP48 output will improve performance and often saves power so it is suggested whenever possible to fully pipeline this function.  If this DSP48 function was inferred, it is suggested to describe an additional register stage after this function.  If the DSP48 was instantiated in the design, it is suggested to set the PREG attribute to 1.
WARNING: [DRC DPOP-1] PREG Output pipelining: DSP design_1_i/pid_controller_0/inst/design_1_i/term_calculation_0/inst/velocity2__1 output design_1_i/pid_controller_0/inst/design_1_i/term_calculation_0/inst/velocity2__1/P[47:0] is not pipelined (PREG=0). Pipelining the DSP48 output will improve performance and often saves power so it is suggested whenever possible to fully pipeline this function.  If this DSP48 function was inferred, it is suggested to describe an additional register stage after this function.  If the DSP48 was instantiated in the design, it is suggested to set the PREG attribute to 1.
WARNING: [DRC DPOP-1] PREG Output pipelining: DSP design_1_i/pid_controller_0/inst/design_1_i/term_calculation_0/inst/velocity2__2 output design_1_i/pid_controller_0/inst/design_1_i/term_calculation_0/inst/velocity2__2/P[47:0] is not pipelined (PREG=0). Pipelining the DSP48 output will improve performance and often saves power so it is suggested whenever possible to fully pipeline this function.  If this DSP48 function was inferred, it is suggested to describe an additional register stage after this function.  If the DSP48 was instantiated in the design, it is suggested to set the PREG attribute to 1.
WARNING: [DRC DPOP-2] MREG Output pipelining: DSP design_1_i/pid_controller_0/inst/design_1_i/initial_math_0/inst/integral1 multiplier stage design_1_i/pid_controller_0/inst/design_1_i/initial_math_0/inst/integral1/P[47:0] is not pipelined (MREG=0). Pipelining the multiplier function will improve performance and will save significant power so it is suggested whenever possible to fully pipeline this function.  If this multiplier was inferred, it is suggested to describe an additional register stage after this function.  If there is no registered adder/accumulator following the multiply function, two pipeline stages are suggested to allow both the MREG and PREG registers to be used.  If the DSP48 was instantiated in the design, it is suggested to set both the MREG and PREG attributes to 1 when performing multiply functions.
WARNING: [DRC DPOP-2] MREG Output pipelining: DSP design_1_i/pid_controller_0/inst/design_1_i/initial_math_0/inst/integral1__0 multiplier stage design_1_i/pid_controller_0/inst/design_1_i/initial_math_0/inst/integral1__0/P[47:0] is not pipelined (MREG=0). Pipelining the multiplier function will improve performance and will save significant power so it is suggested whenever possible to fully pipeline this function.  If this multiplier was inferred, it is suggested to describe an additional register stage after this function.  If there is no registered adder/accumulator following the multiply function, two pipeline stages are suggested to allow both the MREG and PREG registers to be used.  If the DSP48 was instantiated in the design, it is suggested to set both the MREG and PREG attributes to 1 when performing multiply functions.
WARNING: [DRC DPOP-2] MREG Output pipelining: DSP design_1_i/pid_controller_0/inst/design_1_i/initial_math_0/inst/integral1__1 multiplier stage design_1_i/pid_controller_0/inst/design_1_i/initial_math_0/inst/integral1__1/P[47:0] is not pipelined (MREG=0). Pipelining the multiplier function will improve performance and will save significant power so it is suggested whenever possible to fully pipeline this function.  If this multiplier was inferred, it is suggested to describe an additional register stage after this function.  If there is no registered adder/accumulator following the multiply function, two pipeline stages are suggested to allow both the MREG and PREG registers to be used.  If the DSP48 was instantiated in the design, it is suggested to set both the MREG and PREG attributes to 1 when performing multiply functions.
WARNING: [DRC DPOP-2] MREG Output pipelining: DSP design_1_i/pid_controller_0/inst/design_1_i/term_calculation_0/inst/velocity1 multiplier stage design_1_i/pid_controller_0/inst/design_1_i/term_calculation_0/inst/velocity1/P[47:0] is not pipelined (MREG=0). Pipelining the multiplier function will improve performance and will save significant power so it is suggested whenever possible to fully pipeline this function.  If this multiplier was inferred, it is suggested to describe an additional register stage after this function.  If there is no registered adder/accumulator following the multiply function, two pipeline stages are suggested to allow both the MREG and PREG registers to be used.  If the DSP48 was instantiated in the design, it is suggested to set both the MREG and PREG attributes to 1 when performing multiply functions.
WARNING: [DRC DPOP-2] MREG Output pipelining: DSP design_1_i/pid_controller_0/inst/design_1_i/term_calculation_0/inst/velocity1__0 multiplier stage design_1_i/pid_controller_0/inst/design_1_i/term_calculation_0/inst/velocity1__0/P[47:0] is not pipelined (MREG=0). Pipelining the multiplier function will improve performance and will save significant power so it is suggested whenever possible to fully pipeline this function.  If this multiplier was inferred, it is suggested to describe an additional register stage after this function.  If there is no registered adder/accumulator following the multiply function, two pipeline stages are suggested to allow both the MREG and PREG registers to be used.  If the DSP48 was instantiated in the design, it is suggested to set both the MREG and PREG attributes to 1 when performing multiply functions.
WARNING: [DRC DPOP-2] MREG Output pipelining: DSP design_1_i/pid_controller_0/inst/design_1_i/term_calculation_0/inst/velocity2 multiplier stage design_1_i/pid_controller_0/inst/design_1_i/term_calculation_0/inst/velocity2/P[47:0] is not pipelined (MREG=0). Pipelining the multiplier function will improve performance and will save significant power so it is suggested whenever possible to fully pipeline this function.  If this multiplier was inferred, it is suggested to describe an additional register stage after this function.  If there is no registered adder/accumulator following the multiply function, two pipeline stages are suggested to allow both the MREG and PREG registers to be used.  If the DSP48 was instantiated in the design, it is suggested to set both the MREG and PREG attributes to 1 when performing multiply functions.
WARNING: [DRC DPOP-2] MREG Output pipelining: DSP design_1_i/pid_controller_0/inst/design_1_i/term_calculation_0/inst/velocity2__0 multiplier stage design_1_i/pid_controller_0/inst/design_1_i/term_calculation_0/inst/velocity2__0/P[47:0] is not pipelined (MREG=0). Pipelining the multiplier function will improve performance and will save significant power so it is suggested whenever possible to fully pipeline this function.  If this multiplier was inferred, it is suggested to describe an additional register stage after this function.  If there is no registered adder/accumulator following the multiply function, two pipeline stages are suggested to allow both the MREG and PREG registers to be used.  If the DSP48 was instantiated in the design, it is suggested to set both the MREG and PREG attributes to 1 when performing multiply functions.
WARNING: [DRC DPOP-2] MREG Output pipelining: DSP design_1_i/pid_controller_0/inst/design_1_i/term_calculation_0/inst/velocity2__1 multiplier stage design_1_i/pid_controller_0/inst/design_1_i/term_calculation_0/inst/velocity2__1/P[47:0] is not pipelined (MREG=0). Pipelining the multiplier function will improve performance and will save significant power so it is suggested whenever possible to fully pipeline this function.  If this multiplier was inferred, it is suggested to describe an additional register stage after this function.  If there is no registered adder/accumulator following the multiply function, two pipeline stages are suggested to allow both the MREG and PREG registers to be used.  If the DSP48 was instantiated in the design, it is suggested to set both the MREG and PREG attributes to 1 when performing multiply functions.
WARNING: [DRC DPOP-2] MREG Output pipelining: DSP design_1_i/pid_controller_0/inst/design_1_i/term_calculation_0/inst/velocity2__2 multiplier stage design_1_i/pid_controller_0/inst/design_1_i/term_calculation_0/inst/velocity2__2/P[47:0] is not pipelined (MREG=0). Pipelining the multiplier function will improve performance and will save significant power so it is suggested whenever possible to fully pipeline this function.  If this multiplier was inferred, it is suggested to describe an additional register stage after this function.  If there is no registered adder/accumulator following the multiply function, two pipeline stages are suggested to allow both the MREG and PREG registers to be used.  If the DSP48 was instantiated in the design, it is suggested to set both the MREG and PREG attributes to 1 when performing multiply functions.
WARNING: [DRC PDCN-1569] LUT equation term check: Used physical LUT pin 'A2' of cell dbg_hub/inst/BSCANID.u_xsdbm_id/SWITCH_N_EXT_BSCAN.bscan_switch/temp_curid[31]_i_1 (pin dbg_hub/inst/BSCANID.u_xsdbm_id/SWITCH_N_EXT_BSCAN.bscan_switch/temp_curid[31]_i_1/I0) is not included in the LUT equation: 'O5=(A3*A1)+(A3*(~A1)*(~A4))+((~A3))'. If this cell is a user instantiated LUT in the design, please remove connectivity to the pin or change the equation and/or INIT string of the LUT to prevent this issue. If the cell is inferred or IP created LUT, please regenerate the IP and/or resynthesize the design to attempt to correct the issue.
WARNING: [DRC PDCN-1569] LUT equation term check: Used physical LUT pin 'A5' of cell dbg_hub/inst/BSCANID.u_xsdbm_id/SWITCH_N_EXT_BSCAN.bscan_switch/temp_curid[31]_i_1 (pin dbg_hub/inst/BSCANID.u_xsdbm_id/SWITCH_N_EXT_BSCAN.bscan_switch/temp_curid[31]_i_1/I1) is not included in the LUT equation: 'O5=(A3*A1)+(A3*(~A1)*(~A4))+((~A3))'. If this cell is a user instantiated LUT in the design, please remove connectivity to the pin or change the equation and/or INIT string of the LUT to prevent this issue. If the cell is inferred or IP created LUT, please regenerate the IP and/or resynthesize the design to attempt to correct the issue.
WARNING: [DRC PDCN-1569] LUT equation term check: Used physical LUT pin 'A5' of cell dbg_hub/inst/BSCANID.u_xsdbm_id/SWITCH_N_EXT_BSCAN.id_state[0]_i_1 (pin dbg_hub/inst/BSCANID.u_xsdbm_id/SWITCH_N_EXT_BSCAN.id_state[0]_i_1/I0) is not included in the LUT equation: 'O6=(A6+~A6)*((A4))'. If this cell is a user instantiated LUT in the design, please remove connectivity to the pin or change the equation and/or INIT string of the LUT to prevent this issue. If the cell is inferred or IP created LUT, please regenerate the IP and/or resynthesize the design to attempt to correct the issue.
WARNING: [DRC RTSTAT-10] No routable loads: 25 net(s) have no routable loads. The problem bus(es) and/or net(s) are dbg_hub/inst/BSCANID.u_xsdbm_id/CORE_XSDB.UUT_MASTER/U_ICON_INTERFACE/U_CMD6_RD/U_RD_FIFO/SUBCORE_FIFO.xsdbm_v3_0_0_rdfifo_inst/inst_fifo_gen/gconvfifo.rf/grf.rf/gntv_or_sync_fifo.gl0.rd/gr1.gr1_int.rfwft/aempty_fwft_i, dbg_hub/inst/BSCANID.u_xsdbm_id/CORE_XSDB.UUT_MASTER/U_ICON_INTERFACE/U_CMD7_CTL/ctl_reg[2:0], dbg_hub/inst/BSCANID.u_xsdbm_id/CORE_XSDB.UUT_MASTER/U_ICON_INTERFACE/U_CMD1/ctl_reg_en_2[1], dbg_hub/inst/BSCANID.u_xsdbm_id/CORE_XSDB.UUT_MASTER/U_ICON_INTERFACE/U_CMD7_CTL/ctl_reg_en_2[1], dbg_hub/inst/BSCANID.u_xsdbm_id/SWITCH_N_EXT_BSCAN.bscan_switch/m_bscan_capture[0], dbg_hub/inst/BSCANID.u_xsdbm_id/SWITCH_N_EXT_BSCAN.bscan_switch/m_bscan_drck[0], dbg_hub/inst/BSCANID.u_xsdbm_id/SWITCH_N_EXT_BSCAN.bscan_switch/m_bscan_runtest[0], dbg_hub/inst/BSCANID.u_xsdbm_id/CORE_XSDB.UUT_MASTER/U_ICON_INTERFACE/U_CMD6_RD/U_RD_FIFO/SUBCORE_FIFO.xsdbm_v3_0_0_rdfifo_inst/inst_fifo_gen/gconvfifo.rf/grf.rf/gntv_or_sync_fifo.gl0.wr/gwhf.whf/overflow, dbg_hub/inst/BSCANID.u_xsdbm_id/CORE_XSDB.UUT_MASTER/U_ICON_INTERFACE/U_CMD6_WR/U_WR_FIFO/SUBCORE_FIFO.xsdbm_v3_0_0_wrfifo_inst/inst_fifo_gen/gconvfifo.rf/grf.rf/gntv_or_sync_fifo.gl0.wr/gwhf.whf/overflow, dbg_hub/inst/BSCANID.u_xsdbm_id/CORE_XSDB.UUT_MASTER/U_ICON_INTERFACE/U_CMD6_RD/U_RD_FIFO/SUBCORE_FIFO.xsdbm_v3_0_0_rdfifo_inst/inst_fifo_gen/gconvfifo.rf/grf.rf/gntv_or_sync_fifo.gl0.rd/gras.rsts/ram_empty_i, dbg_hub/inst/BSCANID.u_xsdbm_id/CORE_XSDB.UUT_MASTER/U_ICON_INTERFACE/U_CMD6_WR/U_WR_FIFO/SUBCORE_FIFO.xsdbm_v3_0_0_wrfifo_inst/inst_fifo_gen/gconvfifo.rf/grf.rf/gntv_or_sync_fifo.gl0.wr/gwas.wsts/ram_full_i, dbg_hub/inst/BSCANID.u_xsdbm_id/CORE_XSDB.UUT_MASTER/U_ICON_INTERFACE/U_CMD6_WR/U_WR_FIFO/SUBCORE_FIFO.xsdbm_v3_0_0_wrfifo_inst/inst_fifo_gen/gconvfifo.rf/grf.rf/rstblk/rd_rst_reg[0], dbg_hub/inst/BSCANID.u_xsdbm_id/SWITCH_N_EXT_BSCAN.bscan_inst/s_bscan_tms, design_1_i/ila_0/inst/ila_core_inst/u_ila_regs/U_XSDB_SLAVE/s_daddr_o[13], design_1_i/ila_0/inst/ila_core_inst/u_ila_regs/U_XSDB_SLAVE/s_daddr_o[14]... and (the first 15 of 23 listed).
INFO: [Vivado 12-3199] DRC finished with 0 Errors, 32 Warnings
INFO: [Vivado 12-3200] Please refer to the DRC report (report_drc) for more information.
INFO: [Designutils 20-2272] Running write_bitstream with 8 threads.
Loading data files...
Loading site data...
Loading route data...
Processing options...
Creating bitmap...
Creating bitstream...
Writing bitstream ./design_1_wrapper.bit...
INFO: [Vivado 12-1842] Bitgen Completed Successfully.
INFO: [#UNDEF] WebTalk data collection is mandatory when using a WebPACK part without a full Vivado license. To see the specific WebTalk data collected for your design, open the usage_statistics_webtalk.html or usage_statistics_webtalk.xml file in the implementation directory.
INFO: [Common 17-83] Releasing license: Implementation
14 Infos, 32 Warnings, 0 Critical Warnings and 0 Errors encountered.
write_bitstream completed successfully
write_bitstream: Time (s): cpu = 00:00:26 ; elapsed = 00:00:23 . Memory (MB): peak = 3729.898 ; gain = 11.301 ; free physical = 738 ; free virtual = 5000
INFO: [Common 17-206] Exiting Vivado at Thu Sep 17 15:46:02 2026...
